time_s,ue_x_m,SINR_dB,throughput_Mbps,serving_idx
0,-1200,14.4710313511457,48.5780492251174,1
0.01,-1199.597664,11.1021273519099,37.9585082231841,1
0.02,-1199.195328,-0.974254871097287,8.47236105062474,1
0.03,-1198.792992,18.7915781266785,62.6135772796761,1
0.04,-1198.390656,4.99513217735927,20.5614482097434,1
0.05,-1197.98832,20.2041571997699,67.253749449929,1
0.06,-1197.585984,15.1841526643021,50.8714469698292,1
0.07,-1197.183648,17.7971558194649,59.3584889515431,1
0.08,-1196.781312,8.80750848404504,31.0415246683792,1
0.09,-1196.378976,4.93444756069362,20.4085899861697,1
0.1,-1195.97664,4.89363697771388,20.3060835729658,1
0.11,-1195.574304,-0.244030868087109,9.60036659535509,2
0.12,-1195.171968,9.19524400676869,32.1855397359719,1
0.13,-1194.769632,11.0890222991739,37.9181130422692,1
0.14,-1194.367296,8.98555809048806,31.5654415428049,1
0.15,-1193.96496,5.95057660545769,23.0334920431957,1
0.16,-1193.562624,7.54637324193265,27.4066442988889,1
0.17,-1193.160288,9.23831390449515,32.3133123751862,1
0.18,-1192.757952,15.0819344603685,50.5419896983711,1
0.19,-1192.355616,5.15635610868084,20.9700434788003,1
0.2,-1191.95328,8.28154365195126,29.5087130643547,1
0.21,-1191.550944,4.08906242959178,18.3346918958767,1
0.22,-1191.148608,-0.511159427000861,9.17595024748209,1
0.23,-1190.746272,-1.82585978336215,7.28374276625261,2
0.24,-1190.343936,10.4750986331973,36.0360081409565,2
0.25,-1189.9416,-0.296407142641573,9.51607703304267,1
0.26,-1189.539264,7.36350485265212,26.8916999642501,1
0.27,-1189.136928,2.1725099813977,14.0551058969248,2
0.28,-1188.734592,-2.62595634968664,6.28788751819557,3
0.29,-1188.332256,11.3380789305874,38.6872882753447,2
0.3,-1187.92992,-0.635818685442753,8.98254648951535,1
0.31,-1187.527584,3.59842922576353,17.1810478749452,1
0.32,-1187.125248,3.65940624216061,17.3223413957118,1
0.33,-1186.722912,5.19946746839561,21.0799083926046,2
0.34,-1186.320576,10.4299283741323,35.8983587284029,1
0.35,-1185.91824,-2.35039569926269,6.61795363108174,1
0.36,-1185.515904,7.69863728506839,27.8378961743324,2
0.37,-1185.113568,1.10264998545927,11.947400629636,1
0.38,-1184.711232,-0.577228924694198,9.07307761722845,2
0.39,-1184.308896,0.758449637952535,11.3146886808485,2
0.4,-1183.90656,1.42256759749366,12.5554661877018,1
0.41,-1183.504224,-1.00853763404209,8.42188986461563,3
0.42,-1183.101888,-0.673145203469069,8.92521120762943,6
0.43,-1182.699552,-2.22867523140519,6.76803725624343,2
0.44,-1182.297216,0.535150073675462,10.9162298487238,2
0.45,-1181.89488,0.749120414730502,11.2978518004981,1
0.46,-1181.492544,4.97861091605441,20.5197817530651,1
0.47,-1181.090208,3.30012052165348,16.4985520066678,1
0.48,-1180.687872,0.72441230686737,11.2533397592363,1
0.49,-1180.285536,-1.09810246240539,8.29107813285286,1
0.5,-1179.8832,5.5370364248183,21.9488182749104,1
0.51,-1179.480864,1.7060284739156,13.1101650174638,1
0.52,-1179.078528,6.28713061119362,23.9318913147697,2
0.53,-1178.676192,3.04739424910313,15.9318915547543,2
0.54,-1178.273856,-0.0570142017932393,9.90561225911592,1
0.55,-1177.87152,0.173509022633302,10.2910705161335,1
0.56,-1177.469184,7.10367244440071,26.1658177475995,2
0.57,-1177.066848,1.71565188021233,13.1292574147744,6
0.58,-1176.664512,0.68003626751055,11.1736867574163,2
0.59,-1176.262176,-1.31045713019661,7.98695428238191,1
0.6,-1175.85984,-0.557455524772723,9.10377834741709,1
0.61,-1175.457504,2.94899831104317,15.7141851137874,2
0.62,-1175.055168,-3.29506150329038,5.54114656166528,6
0.63,-1174.652832,2.28060516181339,14.2796894634695,1
0.64,-1174.250496,1.54207070066342,12.787504992813,3
0.65,-1173.84816,0.0259877379230698,10.0432292715469,2
0.66,-1173.445824,0.472893945967552,10.8068310471192,1
0.67,-1173.043488,-0.378672104171373,9.38474506941133,1
0.68,-1172.641152,0.826825495675012,11.4385936995307,3
0.69,-1172.238816,4.70760719513379,19.8418215141949,2
0.7,-1171.83648,0.109325791333404,10.1827289548878,2
0.71,-1171.434144,4.40566482940207,19.0989734331036,2
0.72,-1171.031808,2.54703715436363,14.8421244661249,2
0.73,-1170.629472,-1.46945221177689,7.76477102910813,3
0.74,-1170.227136,-1.63923141719214,7.53270392956654,1
0.75,-1169.8248,-2.48262163210784,6.45790229464543,2
0.76,-1169.422464,-0.125970137307407,9.7922853066884,2
0.77,-1169.020128,0.230427058050098,10.3878071797238,6
0.78,-1168.617792,4.33321287246809,18.9227340977958,2
0.79,-1168.215456,1.88064683455195,13.4592435262971,6
0.8,-1167.81312,5.07369886968142,20.7601131670785,2
0.81,-1167.410784,4.81909219695127,20.1194536544104,2
0.82,-1167.008448,8.07909144718491,28.9249454613474,2
0.83,-1166.606112,2.15757940956253,14.0242502364608,2
0.84,-1166.203776,11.4709480485572,39.0988825306112,2
0.85,-1165.80144,0.0947664160171177,10.1582622600047,2
0.86,-1165.399104,10.9739534810512,37.563803864262,2
0.87,-1164.996768,3.85944817526021,17.790054083708,2
0.88,-1164.594432,0.563636751334402,10.9665339638574,3
0.89,-1164.192096,1.58018175266926,12.8620623046224,2
0.9,-1163.78976,7.84459659752285,28.2533585073801,2
0.91,-1163.387424,9.71022827257537,33.7219273129607,2
0.92,-1162.985088,13.6595821628521,45.9843270220807,2
0.93,-1162.582752,6.82156595607001,25.3856984352446,2
0.94,-1162.180416,8.87409374886246,31.237166486503,2
0.95,-1161.77808,14.878610262305,49.8873586156549,2
0.96,-1161.375744,0.46992669654183,10.8016353300542,6
0.97,-1160.973408,3.06828180617955,15.9783179964702,2
0.98,-1160.571072,10.9032747830658,37.3465196624191,2
0.99,-1160.168736,18.3342717775387,61.1153070441957,2
1,-1159.7664,2.43760671155051,14.6095967153798,2
1.01,-1159.364064,10.2884192908183,35.4679057502082,2
1.02,-1158.961728,3.76221623389799,17.5619218289221,2
1.03,-1158.559392,13.0864867023067,44.164309507253,2
1.04,-1158.157056,9.22951055950924,32.2871850582142,2
1.05,-1157.75472,-0.0949368111579893,9.84317511049575,1
1.06,-1157.352384,6.60142891594233,24.7829521144076,2
1.07,-1156.950048,4.63651035388559,19.6657046098724,2
1.08,-1156.547712,0.731017470661737,11.2652277134668,1
1.09,-1156.145376,4.16259244230831,18.5108325879366,2
1.1,-1155.74304,16.1077398853409,53.8580011235991,2
1.11,-1155.340704,14.1467863812084,47.5394476852437,2
1.12,-1154.938368,10.7772625960836,36.9597873019751,2
1.13,-1154.536032,9.72046934056077,33.7526653803722,2
1.14,-1154.133696,17.4681492993424,58.2840883216405,2
1.15,-1153.73136,11.452713462241,39.0423463364264,2
1.16,-1153.329024,16.257120946961,54.342562776358,2
1.17,-1152.926688,19.1102201676545,63.6587724801689,2
1.18,-1152.524352,15.2250387848336,51.0032903142619,2
1.19,-1152.122016,11.1790485280311,38.1957872527971,2
1.2,-1151.71968,17.3582704194121,57.9255826681398,2
1.21,-1151.317344,7.48282458742304,27.2273219468058,2
1.22,-1150.915008,13.4866793371306,45.4341240139382,2
1.23,-1150.512672,15.1572143652509,50.784600370979,2
1.24,-1150.110336,17.3199417632827,57.8005647111206,2
1.25,-1149.708,18.1735498342586,60.5892644926356,2
1.26,-1149.305664,-2.51937051151843,6.41396888775939,6
1.27,-1148.903328,15.5512919518415,52.0566120895238,2
1.28,-1148.500992,6.12752153555025,23.5041258218047,2
1.29,-1148.098656,4.42454957719183,19.1450396491565,2
1.3,-1147.69632,3.41311440779412,16.7553504166338,2
1.31,-1147.293984,12.9731278293344,43.8055952713211,2
1.32,-1146.891648,21.2698179538793,70.764100171505,2
1.33,-1146.489312,12.2285405490372,41.4610868074125,2
1.34,-1146.086976,11.9173957637649,40.4878797402787,2
1.35,-1145.68464,15.9168265947798,53.2392992813885,2
1.36,-1145.282304,19.3841003075388,64.5578878848921,2
1.37,-1144.879968,25.5012313894618,84.7538489916069,2
1.38,-1144.477632,24.6725966532691,82.0097026229236,2
1.39,-1144.075296,28.8671177126978,95.9132039699942,2
1.4,-1143.67296,28.4528298160092,94.5388412044066,2
1.41,-1143.270624,32.6562573433853,108.489562782389,2
1.42,-1142.868288,13.4578268303214,45.3424014254278,2
1.43,-1142.465952,-0.195803719508442,9.678442458573,2
1.44,-1142.063616,18.9054741907808,62.9870628866106,2
1.45,-1141.66128,19.7794790693497,65.8569985504071,2
1.46,-1141.258944,15.1229763028942,50.6742430253463,2
1.47,-1140.856608,19.6281200191755,65.3595208411939,2
1.48,-1140.454272,12.5595009963545,42.5006005178088,2
1.49,-1140.051936,11.7988778492762,40.1182677109322,2
1.5,-1139.6496,14.5286482393476,48.7628897101436,2
1.51,-1139.247264,12.2795539451383,41.6210311858917,2
1.52,-1138.844928,7.13453453680877,26.2516725066624,2
1.53,-1138.442592,15.8257956145353,52.9445280474484,2
1.54,-1138.040256,13.5300991123366,45.5722053957668,2
1.55,-1137.63792,5.27929378323319,21.2840053004952,2
1.56,-1137.235584,25.5201085020615,84.8163815938107,2
1.57,-1136.833248,7.30787770217435,26.735718156147,2
1.58,-1136.430912,6.17618149781677,23.6342162079022,2
1.59,-1136.028576,6.74951056007056,25.1878170773625,2
1.6,-1135.62624,19.2880450884498,64.2424745576651,2
1.61,-1135.223904,19.3486175227489,64.4413648953258,2
1.62,-1134.821568,14.8724948480642,49.8676839045184,2
1.63,-1134.419232,14.1108064285993,47.4243722488055,2
1.64,-1134.016896,20.1906226752556,67.2092142959636,2
1.65,-1133.61456,24.1471378404377,80.2704704850204,2
1.66,-1133.212224,15.0032388071641,50.2885061343525,2
1.67,-1132.809888,22.777402996444,75.7408035805257,2
1.68,-1132.407552,7.61723318442607,27.6070609940493,2
1.69,-1132.005216,13.0820806855512,44.1503587901383,2
1.7,-1131.60288,6.81184689271842,25.3589744096333,2
1.71,-1131.200544,5.49023270196417,21.8274412346003,2
1.72,-1130.798208,13.3074515950189,44.8647854136348,2
1.73,-1130.395872,21.3397748595381,70.9947837701008,2
1.74,-1129.993536,19.0916459754588,63.5978200672405,2
1.75,-1129.5912,13.2351078377955,44.6352711828594,2
1.76,-1129.188864,8.80174382745659,31.0246032025734,2
1.77,-1128.786528,13.5544121769884,45.6495502292996,2
1.78,-1128.384192,11.5283857741436,39.2770707198708,2
1.79,-1127.981856,11.2086276405924,38.2871095831733,2
1.8,-1127.57952,20.4818252631274,68.1676959507208,2
1.81,-1127.177184,18.4819082877353,61.5987694366536,2
1.82,-1126.774848,17.778211296167,59.2965868449788,2
1.83,-1126.372512,22.0889327863827,73.4667547221356,2
1.84,-1125.970176,25.6183477863815,85.14182270049,2
1.85,-1125.56784,19.0987000278749,63.6209680233397,2
1.86,-1125.165504,7.75379750157907,27.9946704658326,2
1.87,-1124.763168,24.124705152774,80.1962371323073,2
1.88,-1124.360832,27.2214094106484,90.4548936062114,2
1.89,-1123.958496,8.71964862482341,30.7839075353187,2
1.9,-1123.55616,18.9221404058648,63.0417249063081,2
1.91,-1123.153824,17.6085639147464,58.7424558549247,2
1.92,-1122.751488,22.8335057222433,75.9262010364026,2
1.93,-1122.349152,21.0040863413521,69.8881021950216,2
1.94,-1121.946816,13.8325432151962,46.5356208345756,2
1.95,-1121.54448,16.7366659599986,55.9006536014771,2
1.96,-1121.142144,13.1880494422731,44.4860688663465,2
1.97,-1120.739808,14.5993806595454,48.9899201617755,2
1.98,-1120.337472,12.7918375191874,43.2328561254039,2
1.99,-1119.935136,19.2731308912453,64.1935085449448,2
2,-1119.5328,13.0487964617804,44.0449928370547,2
2.01,-1119.130464,9.9340419308524,34.395265207513,2
2.02,-1118.728128,15.7987424711268,52.8569563268078,2
2.03,-1118.325792,17.9310452682254,59.796103609644,2
2.04,-1117.923456,12.3735665635624,41.9160669735055,2
2.05,-1117.52112,20.0891261298848,66.8752836129061,2
2.06,-1117.118784,12.882001675648,43.5175597512195,2
2.07,-1116.716448,3.18115941649628,16.230483700302,3
2.08,-1116.314112,19.872673308472,66.1633939045611,2
2.09,-1115.911776,11.6661815404117,39.7051807561322,2
2.1,-1115.50944,7.43364517559282,27.0888192238084,2
2.11,-1115.107104,13.0283150803679,43.9801750362165,2
2.12,-1114.704768,17.2536364707676,57.5843418589703,2
2.13,-1114.302432,12.6609350674195,42.8200434127388,2
2.14,-1113.900096,10.7631389012384,36.9164950868073,2
2.15,-1113.49776,20.2592069107021,67.4349031897952,2
2.16,-1113.095424,23.8807370185814,79.3890045897793,2
2.17,-1112.693088,15.5300553339763,51.987981807269,2
2.18,-1112.290752,21.9316538932503,72.9475539051597,2
2.19,-1111.888416,8.18407520986851,29.2272161788541,2
2.2,-1111.48608,32.2907380553837,107.276020794749,2
2.21,-1111.083744,7.16566288020729,26.3383681747353,2
2.22,-1110.681408,13.9784628825115,47.0014036121113,2
2.23,-1110.279072,18.7768014506647,62.5651311976966,2
2.24,-1109.876736,20.0526703078807,66.7553598164026,2
2.25,-1109.4744,26.5181296776631,88.1234475726692,2
2.26,-1109.072064,15.9267746303909,53.2715218401109,2
2.27,-1108.669728,21.1168477721782,70.2597759900364,2
2.28,-1108.267392,9.45125882348139,32.9470056176872,2
2.29,-1107.865056,19.5387924637819,65.0660117272722,2
2.3,-1107.46272,13.027777341005,43.9784734376986,2
2.31,-1107.060384,24.6854167910898,82.0521456861673,2
2.32,-1106.658048,23.8952583987745,79.4370473123161,2
2.33,-1106.255712,26.0573313093192,86.5963003140778,2
2.34,-1105.853376,17.1710575464974,57.3151357386384,2
2.35,-1105.45104,24.1207214185968,80.1830544727958,2
2.36,-1105.048704,15.0070909801272,50.3009109669241,2
2.37,-1104.646368,22.173892933233,73.7472690221656,2
2.38,-1104.244032,20.1654002638322,67.1262238355841,2
2.39,-1103.841696,14.2878113039829,47.990828829594,2
2.4,-1103.43936,18.4830871946719,61.6026309156256,2
2.41,-1103.037024,19.6924047716826,65.5707855954641,2
2.42,-1102.634688,21.1693743942569,70.4329347804042,2
2.43,-1102.232352,2.73822131036713,15.2534091083297,2
2.44,-1101.830016,0.561253321780084,10.9623191836972,2
2.45,-1101.42768,8.13296003399137,29.0799230197854,2
2.46,-1101.025344,8.68050558429295,30.6693326601309,2
2.47,-1100.623008,17.3899846772467,58.0290412622618,2
2.48,-1100.220672,13.2073562274236,44.5472736224456,2
2.49,-1099.818336,5.71393016555776,22.4101293193777,2
2.5,-1099.416,7.43924338477118,27.1045732640625,2
2.51,-1099.013664,11.8592493541978,40.3064662042104,2
2.52,-1098.611328,13.7808995228831,46.3709195152649,2
2.53,-1098.208992,17.1953523410011,57.3943265015671,2
2.54,-1097.806656,1.72558883336424,13.1489897522755,2
2.55,-1097.40432,4.32863949289698,18.9116358071945,2
2.56,-1097.001984,0.725695993769753,11.2556494865339,1
2.57,-1096.599648,7.12565412712495,26.2269580772482,1
2.58,-1096.197312,0.345443096700391,10.5851751193843,1
2.59,-1095.794976,10.7677420702882,36.9306036118606,1
2.6,-1095.39264,2.41107222004056,14.5535324011379,1
2.61,-1094.990304,4.83395708111935,20.1566062539109,2
2.62,-1094.587968,0.0858366770867928,10.1432760918543,2
2.63,-1094.185632,14.9831959266641,50.2239691564429,1
2.64,-1093.783296,3.76262874496251,17.562886517271,2
2.65,-1093.38096,19.3730454788501,64.5215834315244,1
2.66,-1092.978624,4.07666388591722,18.3050733404989,1
2.67,-1092.576288,14.5044189144329,48.6851494846194,1
2.68,-1092.173952,4.94583030013501,20.4372225494931,1
2.69,-1091.771616,4.62624434690937,19.6403349457757,1
2.7,-1091.36928,5.15504655634127,20.9667101958299,2
2.71,-1090.966944,8.20403319377373,29.2847891939047,1
2.72,-1090.564608,2.34215539596795,14.4085025070551,2
2.73,-1090.162272,8.1664329084397,29.1763522799664,1
2.74,-1089.759936,-0.384117890549005,9.37609673359966,2
2.75,-1089.3576,11.8303854568074,40.216467529202,1
2.76,-1088.955264,-0.471588136704633,9.23796245987436,1
2.77,-1088.552928,4.57536558984524,19.514828974047,1
2.78,-1088.150592,2.65221976798398,15.0676090619972,1
2.79,-1087.748256,12.9157128384954,43.6240812821665,1
2.8,-1087.34592,2.48557333856758,14.71126063299,1
2.81,-1086.943584,1.41962378478498,12.5497837024813,1
2.82,-1086.541248,21.5830575078833,71.7972189949244,1
2.83,-1086.138912,0.492941845645299,10.8419793298454,2
2.84,-1085.736576,18.1497121948208,60.5112685619187,1
2.85,-1085.33424,15.3119804448846,51.2837664513397,1
2.86,-1084.931904,-0.161953848920719,9.73350816650601,2
2.87,-1084.529568,11.0590348276947,37.8257124234405,1
2.88,-1084.127232,19.7547471803492,65.7756987787738,1
2.89,-1083.724896,13.4027259212283,45.1673079326601,1
2.9,-1083.32256,13.2544639157154,44.6966624544649,1
2.91,-1082.920224,6.90939380080864,25.6276593446125,1
2.92,-1082.517888,10.4548766273313,35.9743700622831,1
2.93,-1082.115552,6.79809602808636,25.321181957201,1
2.94,-1081.713216,5.33541240013791,21.4280024645008,2
2.95,-1081.31088,5.91358663012159,22.9355928213633,1
2.96,-1080.908544,4.90883162540691,20.3442214338938,2
2.97,-1080.506208,14.2138990554741,47.7541897836131,1
2.98,-1080.103872,7.97816903895317,28.6352942161351,1
2.99,-1079.701536,13.6428647726749,45.9310897001902,1
3,-1079.2992,-0.725341975506753,8.84547858629374,1
3.01,-1078.896864,9.33774623022319,32.6088055689771,1
3.02,-1078.494528,1.62573278399003,12.9515271113541,1
3.03,-1078.092192,7.37997080535739,26.9379310686944,1
3.04,-1077.689856,13.3257659708879,44.9229158644048,1
3.05,-1077.28752,9.69160050200989,33.666034919335,1
3.06,-1076.885184,17.2546227656411,57.5875577412558,1
3.07,-1076.482848,14.338488349555,48.1531613099201,1
3.08,-1076.080512,4.70658140777778,19.8392752880107,1
3.09,-1075.678176,10.0128283676008,34.6330622153259,1
3.1,-1075.27584,19.0422837043043,63.4358500442851,1
3.11,-1074.873504,23.5486451339082,78.2904905672107,1
3.12,-1074.471168,18.438403874686,61.4562821495307,1
3.13,-1074.068832,11.2272296155864,38.3445636240484,1
3.14,-1073.666496,18.6751111029109,62.2317930867984,1
3.15,-1073.26416,13.8226122674919,46.5039431283227,1
3.16,-1072.861824,18.0427669604558,60.1614274076991,1
3.17,-1072.459488,17.2791127466652,57.6674133272275,1
3.18,-1072.057152,23.1689257380223,77.0348858121152,1
3.19,-1071.654816,5.80025536220524,22.6367070997573,1
3.2,-1071.25248,15.1171762836272,50.6555507604952,1
3.21,-1070.850144,14.9172501083011,50.0116921218557,1
3.22,-1070.447808,0.946767149667141,11.6580812586849,1
3.23,-1070.045472,19.8250330813972,66.006758332817,1
3.24,-1069.643136,15.5412305775354,52.0240956552377,1
3.25,-1069.2408,18.268410823224,60.8997096537145,1
3.26,-1068.838464,11.9186491863686,40.491791971246,1
3.27,-1068.436128,19.1368796645495,63.7462628642636,1
3.28,-1068.033792,19.3879196535764,64.570430998912,1
3.29,-1067.631456,18.7841763823145,62.5893100162143,1
3.3,-1067.22912,4.66208099116133,19.7289622238596,1
3.31,-1066.826784,18.1713812631019,60.5821687368696,1
3.32,-1066.424448,24.153499224846,80.2915215917132,1
3.33,-1066.022112,18.0446167104005,60.1674772207211,1
3.34,-1065.619776,11.4178777233125,38.9343825151653,1
3.35,-1065.21744,23.7909636345785,79.0920117790439,1
3.36,-1064.815104,17.5816908537426,58.6547120060075,1
3.37,-1064.412768,10.3113536054922,35.5375885416749,1
3.38,-1064.010432,20.8844873828897,69.4939742432598,1
3.39,-1063.608096,1.50196206684874,12.7093304889551,1
3.4,-1063.20576,5.80353958337965,22.6453458231001,1
3.41,-1062.803424,22.0590902964491,73.3682312545304,1
3.42,-1062.401088,17.231902981214,57.5134817505479,1
3.43,-1061.998752,27.4277115582403,91.1389478023261,1
3.44,-1061.596416,14.9700844915238,50.1817560085845,1
3.45,-1061.19408,5.53930551961424,21.9547100480959,2
3.46,-1060.791744,5.02329578471397,20.6325644119223,1
3.47,-1060.389408,8.07587997590146,28.9157143462556,1
3.48,-1059.987072,19.0136715775003,63.3419768235501,1
3.49,-1059.584736,22.6462187682137,75.307340606402,1
3.5,-1059.1824,17.2981513253067,57.7294989962438,1
3.51,-1058.780064,12.6961440576113,42.9310160276083,1
3.52,-1058.377728,6.66385886934577,24.953341692453,1
3.53,-1057.975392,24.117428912504,80.1721592060438,1
3.54,-1057.573056,16.5471681965137,55.2845070116605,1
3.55,-1057.17072,24.7952800030818,82.4158822418646,1
3.56,-1056.768384,8.77918513692908,30.9584100051838,1
3.57,-1056.366048,6.43107685046979,24.3202566824582,1
3.58,-1055.963712,10.1952144712976,35.185040986339,1
3.59,-1055.561376,11.9988421069793,40.7422342300105,1
3.6,-1055.15904,24.6108177487227,81.8051799279376,1
3.61,-1054.756704,10.9120056098856,37.3733461360452,1
3.62,-1054.354368,16.1373117216318,53.9538948976309,1
3.63,-1053.952032,15.0334566353998,50.3858231216485,1
3.64,-1053.549696,10.087692976258,34.8593849716979,1
3.65,-1053.14736,13.7650537757627,46.3204002235062,1
3.66,-1052.745024,16.5091578238164,55.160986696332,1
3.67,-1052.342688,21.0427270965752,70.015457818032,1
3.68,-1051.940352,14.7723377162585,49.5455802777416,1
3.69,-1051.538016,18.7724002910557,62.5507021890137,1
3.7,-1051.13568,15.4633315159305,51.7724103934986,1
3.71,-1050.733344,19.0735022164952,63.5382832133212,1
3.72,-1050.331008,16.2658255307491,54.3708106816107,1
3.73,-1049.928672,5.9409699831062,23.0080504654333,1
3.74,-1049.526336,21.4475801966459,71.3503258558184,1
3.75,-1049.124,8.25336417653022,29.4272437301456,1
3.76,-1048.721664,26.5157317793706,88.1154996509126,1
3.77,-1048.319328,11.1310198275815,38.0475977323921,1
3.78,-1047.916992,6.29466496998367,23.9521587854512,1
3.79,-1047.514656,18.6570573072117,62.1726241014726,1
3.8,-1047.11232,14.9994032640073,50.2761551882176,1
3.81,-1046.709984,18.5728230097254,61.8966009749334,1
3.82,-1046.307648,12.6466329556114,42.7749788295417,1
3.83,-1045.905312,8.83977524023704,31.1362880619277,1
3.84,-1045.502976,25.177556150613,83.6817592349773,1
3.85,-1045.10064,8.59652038316261,30.4239178448544,1
3.86,-1044.698304,10.3636544473046,35.6966145444536,1
3.87,-1044.295968,20.4947029100834,68.2100956574744,1
3.88,-1043.893632,18.8998203856634,62.9685200845626,1
3.89,-1043.491296,18.1877767456162,60.635817516124,1
3.9,-1043.08896,16.8376534546251,56.229241153834,1
3.91,-1042.686624,18.9500909550399,63.1334033525335,1
3.92,-1042.284288,10.3970576239884,35.7982648322682,1
3.93,-1041.881952,17.2339407038327,57.5201252846225,1
3.94,-1041.479616,14.9750600662448,50.1977747438591,1
3.95,-1041.07728,23.5742921705806,78.3753146082584,1
3.96,-1040.674944,30.6330218201883,101.773160598996,1
3.97,-1040.272608,21.7704348745807,72.4154704783356,1
3.98,-1039.870272,10.2573520991723,35.3735625506068,1
3.99,-1039.467936,30.0722434878364,99.9120124934469,1
4,-1039.0656,8.11827017750844,29.0376354308458,1
4.01,-1038.663264,12.836796778902,43.3747835793523,1
4.02,-1038.260928,19.6210023390147,65.3361314329919,1
4.03,-1037.858592,2.22606617974342,14.1661150416545,1
4.04,-1037.456256,19.9304778177671,66.3534719639888,1
4.05,-1037.05392,18.7069594995278,62.3361801152647,1
4.06,-1036.651584,14.0973672212179,47.3813984703005,1
4.07,-1036.249248,28.3847073482949,94.3128684897602,1
4.08,-1035.846912,18.5001794501398,61.6586177980259,1
4.09,-1035.444576,24.1468205938633,80.2694206550809,1
4.1,-1035.04224,16.8788708546053,56.3633968245581,1
4.11,-1034.639904,19.8109610015249,65.960494335697,1
4.12,-1034.237568,16.4690520979861,55.0306828362703,1
4.13,-1033.835232,15.7746167453995,52.7788725254414,1
4.14,-1033.432896,13.855649026489,46.6093348080417,1
4.15,-1033.03056,14.3715501285075,48.259103576048,1
4.16,-1032.628224,22.8874040315166,76.104325450814,1
4.17,-1032.225888,24.0998111191111,80.113860521827,1
4.18,-1031.823552,19.3796746933808,64.5433538829652,1
4.19,-1031.421216,24.0514093814357,79.9537000385255,1
4.2,-1031.01888,30.504555244452,101.346777927695,1
4.21,-1030.616544,18.985494027186,63.2495368911056,1
4.22,-1030.214208,29.3254245447961,97.4337931046074,1
4.23,-1029.811872,23.1456749580005,76.9580199314577,1
4.24,-1029.409536,22.0796442130258,73.4360885209367,1
4.25,-1029.0072,28.5514648791138,94.8660378327175,1
4.26,-1028.604864,33.5218487131329,111.36358155149,1
4.27,-1028.202528,31.4910616999368,104.621273511326,1
4.28,-1027.800192,42.5889193334632,141.478122488119,1
4.29,-1027.397856,21.1261031105354,70.2902858944771,1
4.3,-1026.99552,30.6908305656976,101.965032346279,1
4.31,-1026.593184,26.7701524021426,88.9588395321962,1
4.32,-1026.190848,33.2637516162573,110.506593980697,1
4.33,-1025.788512,21.0450860086984,70.0232328167063,1
4.34,-1025.386176,47.195444757452,156.780149076222,1
4.35,-1024.98384,33.6614212375688,111.827028740904,1
4.36,-1024.581504,32.4299628994678,107.738247281304,1
4.37,-1024.179168,48.7258197793846,161.863863130873,1
4.38,-1023.776832,34.1088292759014,113.312678504067,1
4.39,-1023.374496,20.4048523313845,67.9142856169796,1
4.4,-1022.97216,27.8778362164458,92.6316656921164,1
4.41,-1022.569824,36.2678449238136,120.482579731703,1
4.42,-1022.167488,14.6284689630923,49.0833212173286,1
4.43,-1021.765152,31.9584547152253,106.172875948588,1
4.44,-1021.362816,29.0570027653153,96.5431883353247,1
4.45,-1020.96048,30.9846887312673,102.940403633789,1
4.46,-1020.558144,24.7457545629661,82.2519089589933,1
4.47,-1020.155808,33.2736167517531,110.539349819525,1
4.48,-1019.753472,42.5114416139968,141.220761381504,1
4.49,-1019.351136,26.7562945596006,88.912901569972,1
4.5,-1018.9488,31.9105879506031,106.013967786304,1
4.51,-1018.546464,33.3945725982867,110.940970055424,1
4.52,-1018.144128,24.9895674368126,83.0592055654162,1
4.53,-1017.741792,32.1638578729209,106.854786189453,1
4.54,-1017.339456,33.3133180938232,110.671173071755,1
4.55,-1016.93712,32.9198137309244,109.364617577964,1
4.56,-1016.534784,43.0441159485788,142.990173824035,1
4.57,-1016.132448,42.7717836338086,142.085551773765,1
4.58,-1015.730112,22.6519292217439,75.3262078044386,1
4.59,-1015.327776,49.5741919260159,164.682060070696,1
4.6,-1014.92544,35.3820962822853,117.540957057382,1
4.61,-1014.523104,29.3908896808729,97.6510117621039,1
4.62,-1014.120768,19.7519408998162,65.7664741536074,1
4.63,-1013.718432,46.558443495593,154.664120160652,1
4.64,-1013.316096,41.91153589691,139.228037577114,1
4.65,-1012.91376,29.3453923504402,97.5000475090384,1
4.66,-1012.511424,31.5265937950526,104.73922524226,1
4.67,-1012.109088,46.7327536151535,155.243153307647,1
4.68,-1011.706752,34.1253892803167,113.36766833856,1
4.69,-1011.304416,46.8509062093788,155.635639513994,1
4.7,-1010.90208,36.8379514460886,122.376013549229,1
4.71,-1010.499744,42.8624632705171,142.386767260487,1
4.72,-1010.097408,35.984009198506,119.539927918683,1
4.73,-1009.695072,53.8063088873991,178.74074922935,1
4.74,-1009.292736,51.1571053748745,169.940336123371,1
4.75,-1008.8904,42.8194485175844,142.243882772556,1
4.76,-1008.488064,40.4543442225176,134.387721966298,1
4.77,-1008.085728,48.9997401185795,162.773794976359,1
4.78,-1007.683392,47.869374239485,159.018854802442,1
4.79,-1007.281056,55.9495454178204,185.860403481912,1
4.8,-1006.87872,31.5601113612609,104.850490199759,1
4.81,-1006.476384,55.6810822148069,184.968590363201,1
4.82,-1006.074048,43.0259583175874,142.929858478148,1
4.83,-1005.671712,55.7086972580232,185.060325303904,1
4.84,-1005.269376,53.1334171810135,176.505461429342,1
4.85,-1004.86704,52.2203965687616,173.472489011329,1
4.86,-1004.464704,63.245507260946,210.097034278733,1
4.87,-1004.062368,58.6387556333263,194.793749525378,1
4.88,-1003.660032,62.0353024756429,206.076823197767,1
4.89,-1003.257696,53.6649033350791,178.271012139854,1
4.9,-1002.85536,65.6642247573646,218.13183696567,1
4.91,-1002.453024,56.9351360250331,189.134457166465,1
4.92,-1002.050688,62.2030855827805,206.634186273042,1
4.93,-1001.648352,71.8883496030165,238.80792917533,1
4.94,-1001.246016,78.9514599656101,262.271073175801,1
4.95,-1000.84368,71.4273875231348,237.276646396078,1
4.96,-1000.441344,75.2619691359135,250.014850178651,1
4.97,-1000.039008,81.568602956969,270.965033924002,1
4.98,-999.636672,78.1572230130573,259.632675165974,1
4.99,-999.234336,76.2126442738802,253.172924544132,1
5,-998.832,83.1004509455799,276.053722764584,1
5.01,-998.429664,70.3311561410738,233.63504486772,1
5.02,-998.027328,64.9284311765599,215.687584320381,1
5.03,-997.624992,68.7168157074958,228.272322628549,1
5.04,-997.222656,63.0041057538374,209.295116220696,1
5.05,-996.82032,59.6104968999237,198.021800182692,1
5.06,-996.417984,65.6114109118424,217.956393216333,1
5.07,-996.015648,55.0792023671831,182.969194585017,1
5.08,-995.613312,57.5142119318545,191.058102043042,1
5.09,-995.210976,68.5156570291337,227.604088055273,1
5.1,-994.80864,49.220006872434,163.505496311944,1
5.11,-994.406304,44.3281322132798,147.255400334485,1
5.12,-994.003968,58.8674793375079,195.553552211663,1
5.13,-993.601632,40.0366351809191,133.000253737611,1
5.14,-993.199296,28.8005056036223,95.6922124005772,1
5.15,-992.79696,43.0123540504982,142.884668336,1
5.16,-992.394624,38.6603664614602,128.428921357059,1
5.17,-991.992288,44.4150331397229,147.544068413623,1
5.18,-991.589952,35.6726002155277,118.505719984274,1
5.19,-991.187616,35.3799447884006,117.533812019077,1
5.2,-990.78528,53.2451839189357,176.876740714633,1
5.21,-990.382944,41.3961860326998,137.516199423698,1
5.22,-989.980608,39.3787032821635,130.814885255461,1
5.23,-989.578272,49.4279060229895,164.196114270889,1
5.24,-989.175936,36.9638467232374,122.79414325096,1
5.25,-988.7736,36.1477370063172,120.08368538578,1
5.26,-988.371264,29.7393168160058,98.8071833648775,1
5.27,-987.968928,38.1247222122279,126.649807441984,1
5.28,-987.566592,37.1563272628163,123.433423952161,1
5.29,-987.164256,31.7935034645242,105.625275297584,1
5.3,-986.76192,32.4957044572523,107.956512213644,1
5.31,-986.359584,27.0881258762086,90.0129861748451,1
5.32,-985.957248,34.5425725526352,114.753010283554,1
5.33,-985.554912,21.054472574215,70.0541713595541,1
5.34,-985.152576,30.5233807995025,101.409259559877,1
5.35,-984.75024,19.0432136249395,63.4389011389966,1
5.36,-984.347904,31.2789614892498,103.917203730115,1
5.37,-983.945568,24.8995008526448,82.7609661042894,1
5.38,-983.543232,28.8079702305724,95.716976740639,1
5.39,-983.140896,27.7988529363658,92.3697198215112,1
5.4,-982.73856,35.6649186568672,118.480209314604,1
5.41,-982.336224,37.3758651725215,124.162576249138,1
5.42,-981.933888,15.983183207018,53.4542688143698,1
5.43,-981.531552,28.6394424728495,95.1578897764062,1
5.44,-981.129216,31.030159528343,103.091334667535,1
5.45,-980.72688,18.5392208689383,61.7865121979087,1
5.46,-980.324544,20.2897147129329,67.5353053790719,1
5.47,-979.922208,27.6245981324703,91.7918366984845,1
5.48,-979.519872,23.8193760062505,79.1860042742662,1
5.49,-979.117536,28.2735929746717,93.9442960566879,1
5.5,-978.7152,30.0182935062776,99.7329717193677,1
5.51,-978.312864,34.6203769846696,115.011381041414,1
5.52,-977.910528,20.1803655578869,67.1754642781943,1
5.53,-977.508192,8.29202624692817,29.539036636638,1
5.54,-977.105856,21.5269899459924,71.6122595223191,1
5.55,-976.70352,18.4948386805524,61.6411234021854,1
5.56,-976.301184,26.5818389123264,88.3346177237947,1
5.57,-975.898848,32.1651142979793,106.858957409107,1
5.58,-975.496512,12.8025390163379,43.2666319980601,1
5.59,-975.094176,19.8290378416632,66.019924843755,1
5.6,-974.69184,19.0260729659917,63.3826634681347,1
5.61,-974.289504,21.5275110578624,71.6139785249948,1
5.62,-973.887168,5.21034903450243,21.1076790423517,1
5.63,-973.484832,25.3170702079271,84.1438345173919,1
5.64,-973.082496,18.1279701748971,60.4401350544018,1
5.65,-972.68016,11.0813978936212,37.8946155255964,1
5.66,-972.277824,13.4830249707526,45.4225052749743,1
5.67,-971.875488,10.7427897815421,36.8541397465793,1
5.68,-971.473152,14.9769854854011,50.2039737333256,1
5.69,-971.070816,14.0557746888337,47.2484320626988,1
5.7,-970.66848,8.05996159210675,28.8699718252937,1
5.71,-970.266144,13.1636772273154,44.4088239063093,1
5.72,-969.863808,17.9207761929989,59.7625317139156,1
5.73,-969.461472,19.8811922335704,66.1914049990775,1
5.74,-969.059136,15.8477822799333,53.01570969199,1
5.75,-968.6568,15.5617026559787,52.0902596398015,1
5.76,-968.254464,15.0955482354858,50.5858546059513,1
5.77,-967.852128,16.6690264121312,55.6806602261852,1
5.78,-967.449792,17.4751526608889,58.3069438875258,1
5.79,-967.047456,14.1465436089086,47.5386711027873,1
5.8,-966.64512,11.9081190433784,40.4589270049628,1
5.81,-966.242784,19.4956087196477,64.9241439317054,1
5.82,-965.840448,25.2677912873862,83.9806160215311,1
5.83,-965.438112,19.5029337693463,64.9482071806609,1
5.84,-965.035776,12.2397508117099,41.4962257449391,1
5.85,-964.63344,13.9980888238669,47.0640969620014,1
5.86,-964.231104,6.50794490662105,24.5286290447325,1
5.87,-963.828768,3.72870783905023,17.4836505960659,1
5.88,-963.426432,1.34805994913953,12.412139823284,2
5.89,-963.024096,19.1029050598901,63.6347671029263,1
5.9,-962.62176,-0.0360037968715951,9.94032292776036,2
5.91,-962.219424,7.01838882710252,25.9290870590725,1
5.92,-961.817088,15.7853905376253,52.8137409234702,1
5.93,-961.414752,13.1596337872426,44.3960106107727,1
5.94,-961.012416,10.0979645184706,34.8904641076781,1
5.95,-960.61008,13.1789807709798,44.4573244204521,1
5.96,-960.207744,2.52769094284629,14.8008623624935,1
5.97,-959.805408,12.9025822108166,43.5825859400027,1
5.98,-959.403072,2.12329122246699,13.9535417981713,2
5.99,-959.000736,11.0330020702002,37.74553506912,1
6,-958.5984,7.21162620691941,26.4665638315333,1
6.01,-958.196064,8.22982983333824,29.3592565319358,1
6.02,-957.793728,19.230483439877,64.053500095858,1
6.03,-957.391392,20.7869279103462,69.1725404234552,1
6.04,-956.989056,15.753165291894,52.7094534923533,1
6.05,-956.58672,15.7825361218469,52.8045026497849,1
6.06,-956.184384,16.7802939402139,56.0425886720502,1
6.07,-955.782048,22.0529293486804,73.3478917183934,1
6.08,-955.379712,21.2068267425904,70.5564095637745,1
6.09,-954.977376,17.5279936205425,58.4794118855535,1
6.1,-954.57504,18.6055747640202,62.0039149108136,1
6.11,-954.172704,21.6753037503076,72.1015628950657,1
6.12,-953.770368,22.2827480579406,74.1067259993063,1
6.13,-953.368032,0.197722568437317,10.3321476611077,2
6.14,-952.965696,0.940853442321804,11.6471956745614,1
6.15,-952.56336,9.05400587021946,31.7674981278374,1
6.16,-952.161024,23.7444120543182,78.9380175287198,1
6.17,-951.758688,18.8095483028508,62.6724963088809,1
6.18,-951.356352,8.42923275435544,29.9368062078842,1
6.19,-950.954016,15.0051648631715,50.2947084103935,1
6.2,-950.55168,24.172627627534,80.3548220526313,1
6.21,-950.149344,17.2411572965271,57.5436538191277,1
6.22,-949.747008,2.61841750173944,14.9949345410297,1
6.23,-949.344672,12.6059109342788,42.6467096300328,1
6.24,-948.942336,23.8100458086407,79.155138264553,1
6.25,-948.54,19.8733314856416,66.1655580382695,1
6.26,-948.137664,11.0318757224033,37.7420668621455,1
6.27,-947.735328,6.94096338519756,25.7148350967229,1
6.28,-947.332992,4.40288941230195,19.0922077500698,1
6.29,-946.930656,13.6796675976935,46.0483012276056,1
6.3,-946.52832,12.5283669244157,42.4026292565222,1
6.31,-946.125984,17.6134042268075,58.7582610544395,1
6.32,-945.723648,13.4184911515331,45.2173950553276,1
6.33,-945.321312,17.8582188242936,59.5580450757171,1
6.34,-944.918976,3.51934487229181,16.9986934774008,1
6.35,-944.51664,17.1051305416225,57.1002837026205,1
6.36,-944.114304,15.2100680879434,50.9550108710589,1
6.37,-943.711968,16.5554053607136,55.3112779872265,1
6.38,-943.309632,14.737982724547,49.4351501109958,1
6.39,-942.907296,10.6113418554358,36.4518979011127,1
6.4,-942.50496,-1.73783810709661,7.40036553985593,2
6.41,-942.102624,17.6861432969631,58.9958138176562,1
6.42,-941.700288,9.30960667045446,32.5251081174714,1
6.43,-941.297952,13.3862043177639,45.1148262884373,1
6.44,-940.895616,15.7051393759762,52.5540691180864,1
6.45,-940.49328,8.49306872599726,30.1224115136201,1
6.46,-940.090944,18.7587388190612,62.5059148727618,1
6.47,-939.688608,13.3685928615088,45.0588923146498,1
6.48,-939.286272,21.2083467443496,70.5614209514112,1
6.49,-938.883936,13.38833233772,45.1215855526656,1
6.5,-938.4816,19.3201120800322,64.3477629259003,1
6.51,-938.079264,13.4838111707958,45.4250048939821,1
6.52,-937.676928,15.2530782968276,51.0937288067629,1
6.53,-937.274592,12.7612899617135,43.1364653761882,1
6.54,-936.872256,14.1029754127924,47.3993308561627,1
6.55,-936.46992,17.9385019206259,59.8204818568706,1
6.56,-936.067584,16.7310797205226,55.8824819992701,1
6.57,-935.665248,10.6489428518153,36.5668619829499,1
6.58,-935.262912,14.8739015927296,49.8722096522297,1
6.59,-934.860576,0.776665725996721,11.3476117055102,2
6.6,-934.45824,15.1189528457863,50.6612761744612,1
6.61,-934.055904,16.6315217372758,55.5587096815217,1
6.62,-933.653568,19.2048868026867,63.969475995648,1
6.63,-933.251232,10.75945130357,36.9051935854766,1
6.64,-932.848896,17.6293260950978,58.8102532683907,1
6.65,-932.44656,20.7414566956906,69.0227445864649,1
6.66,-932.044224,6.97799596615666,25.8172322022487,1
6.67,-931.641888,9.37288807505575,32.7134098411772,1
6.68,-931.239552,12.4879773372754,42.27558856786,1
6.69,-930.837216,9.49838727676937,33.0876864652743,1
6.7,-930.43488,14.0657528648765,47.2803267377373,1
6.71,-930.032544,14.6924830870674,49.2889404890988,1
6.72,-929.630208,14.3350889986672,48.1422701427072,1
6.73,-929.227872,1.02908738814229,11.8102970711924,1
6.74,-928.825536,10.1468030723829,35.0383268000335,1
6.75,-928.4232,-1.55873383574256,7.64206855989871,1
6.76,-928.020864,5.71929518237885,22.4241832869454,1
6.77,-927.618528,5.01505589017481,20.6117463278543,1
6.78,-927.216192,14.8039837029688,49.6473275955296,1
6.79,-926.813856,3.31084587548514,16.5228364869465,1
6.8,-926.41152,12.7645765631786,43.1468343918792,1
6.81,-926.009184,10.2518841570079,35.3569637978711,1
6.82,-925.606848,8.11660250786801,29.0328359286124,1
6.83,-925.204512,0.279914177680824,10.4724175363367,1
6.84,-924.802176,5.2049379786918,21.0938675682465,1
6.85,-924.39984,12.3635557354971,41.884633662619,1
6.86,-923.997504,4.78283595180725,20.0289687696429,2
6.87,-923.595168,9.74976744856556,33.8406407622485,1
6.88,-923.192832,-1.27128794399165,8.0424146423608,2
6.89,-922.790496,3.99681162641126,18.1148870712153,2
6.9,-922.38816,6.75384778304323,25.1997120108189,2
6.91,-921.985824,9.36995919975339,32.7046883050357,2
6.92,-921.583488,0.918985790831133,11.6070004811201,2
6.93,-921.181152,2.27088594515919,14.2594107760924,1
6.94,-920.778816,3.13479731104626,16.1266522513453,2
6.95,-920.37648,6.51051017749178,24.5355946051252,1
6.96,-919.974144,7.82062632889048,28.1849921253184,2
6.97,-919.571808,1.45785052407546,12.6236988516173,1
6.98,-919.169472,10.2267360172563,35.2806461052094,1
6.99,-918.767136,0.808188097887387,11.4047326750608,2
7,-918.3648,1.05561618460849,11.859623039587,2
7.01,-917.962464,1.6913209647709,13.0810189234826,1
7.02,-917.560128,0.106555818161393,10.178070956853,2
7.03,-917.157792,8.00989116680837,28.7262391869513,2
7.04,-916.755456,9.43997551446544,32.9133473808792,2
7.05,-916.35312,9.47311241629711,33.0122204599168,2
7.06,-915.950784,16.7055967775636,55.7995941414864,2
7.07,-915.548448,12.5053764718753,42.3303077963295,2
7.08,-915.146112,0.803582984488201,11.396376101486,1
7.09,-914.743776,16.6103549614836,55.4898934693754,2
7.1,-914.34144,5.9033264881655,22.9084679667451,2
7.11,-913.939104,12.7743859879064,43.1777848381621,1
7.12,-913.536768,7.42005708630141,27.0505936140032,2
7.13,-913.134432,6.9090897628646,25.6268202993227,2
7.14,-912.732096,4.63646585984544,19.6655946217372,2
7.15,-912.32976,5.11905321375619,20.875186275328,1
7.16,-911.927424,2.22463154227311,14.1631346757345,1
7.17,-911.525088,9.87430502294192,34.2152289059807,2
7.18,-911.122752,3.37456134909739,16.667494773389,2
7.19,-910.720416,-0.0797943695031164,9.86807319256417,1
7.2,-910.31808,1.03848956743329,11.8277637122493,2
7.21,-909.915744,7.05688306894256,26.0358449194781,1
7.22,-909.513408,5.01491758344887,20.6113969767909,1
7.23,-909.111072,6.10401618619006,23.4413873941695,2
7.24,-908.708736,5.73736325439444,22.4715406053042,1
7.25,-908.3064,9.60417859860617,33.4040383455032,1
7.26,-907.904064,5.0889059799463,20.7986650253598,2
7.27,-907.501728,5.03361923259483,20.6586599308096,2
7.28,-907.099392,13.5880897067176,45.7567155456197,2
7.29,-906.697056,-0.643885995523633,8.97013228053102,2
7.3,-906.29472,-0.0243566687268901,9.9596011708701,2
7.31,-905.892384,-0.458773259441298,9.25810865892931,2
7.32,-905.490048,13.1617305977539,44.4026551448634,2
7.33,-905.087712,14.8998566748612,49.9557200450077,2
7.34,-904.685376,8.79228707979314,30.9968497059111,1
7.35,-904.28304,4.47780156737202,19.2752250454908,2
7.36,-903.880704,8.41064069871343,29.8828133397218,2
7.37,-903.478368,7.11122552713045,26.1868203766947,2
7.38,-903.076032,3.91065552820377,17.91080142268,1
7.39,-902.673696,2.92143492389535,15.6534955179974,1
7.4,-902.27136,0.989885457658721,11.7376504512187,1
7.41,-901.869024,-0.508963007250044,9.1793844360162,2
7.42,-901.466688,6.5882111951849,24.7469332678217,2
7.43,-901.064352,8.1484426044041,29.1245132198633,2
7.44,-900.662016,3.33709096604865,16.5823414130869,2
7.45,-900.25968,-0.532117697205538,9.14322740389002,1
7.46,-899.857344,7.53977624989676,27.3880104770368,1
7.47,-899.455008,2.46608600264533,14.6699087569516,1
7.48,-899.052672,1.08041603502287,11.905854246146,2
7.49,-898.650336,6.25137890648255,23.8358103554674,1
7.5,-898.248,2.773816215199,15.3306850222918,1
7.51,-897.845664,-0.1674751686769,9.72451134049525,1
7.52,-897.443328,-0.739907910097549,8.82332090466564,1
7.53,-897.040992,5.14903481457159,20.9514111609947,1
7.54,-896.638656,1.86526305189854,13.4282656484779,2
7.55,-896.23632,8.26533769529769,29.4618518450986,2
7.56,-895.833984,4.20277925843139,18.6074504273577,2
7.57,-895.431648,2.13836156606072,13.9845934936134,1
7.58,-895.029312,4.67952002756107,19.7721580504531,2
7.59,-894.626976,0.846050691859527,11.4735916258876,2
7.6,-894.22464,3.30979827025054,16.5204636446752,1
7.61,-893.822304,1.86653422777222,13.4308237404576,2
7.62,-893.419968,3.7880998820661,17.6225052019263,2
7.63,-893.017632,-3.84599774012501,4.98227850019134,1
7.64,-892.615296,-1.41899163767538,7.83477548241514,1
7.65,-892.21296,9.89149084783934,34.267000340088,2
7.66,-891.810624,0.497382819273265,10.8497756779668,1
7.67,-891.408288,8.24790523239985,29.41146937999,2
7.68,-891.005952,5.99612826320353,23.1542831862884,2
7.69,-890.603616,5.78145630508747,22.5872847828566,2
7.7,-890.20128,5.684163511741,22.3322206513062,2
7.71,-889.798944,0.970614600968049,11.7020452106672,1
7.72,-889.396608,-0.463287136533395,9.25100884487716,1
7.73,-888.994272,7.09760954399373,26.1489631317363,2
7.74,-888.591936,5.84991302441962,22.7674700869126,1
7.75,-888.1896,4.89073353628139,20.2987997826692,1
7.76,-887.787264,5.25636854146687,21.2253025250006,2
7.77,-887.384928,2.79508633171646,15.3769667175386,1
7.78,-886.982592,6.09848036913874,23.4266213905397,2
7.79,-886.580256,3.83966915493267,17.7435257618857,2
7.8,-886.17792,7.57283803380631,27.4814391125239,2
7.81,-885.775584,14.1549405058075,47.5655321144207,2
7.82,-885.373248,2.87947866812243,15.5613650844501,2
7.83,-884.970912,1.17158936609711,12.0768119433395,1
7.84,-884.568576,15.9557677322024,53.3654435099005,2
7.85,-884.16624,12.7814673037758,43.2001298042765,2
7.86,-883.763904,14.4719252900114,48.5809164234065,2
7.87,-883.361568,4.29852936236552,18.8386458078494,1
7.88,-882.959232,15.0221633191766,50.3494504020932,2
7.89,-882.556896,15.2066688340994,50.9440491943016,2
7.9,-882.15456,5.52853297977791,21.9267448051538,1
7.91,-881.752224,6.62590838200733,24.8497116325415,2
7.92,-881.349888,10.2133615108679,35.2400737428511,2
7.93,-880.947552,1.2872011549721,12.2958379039135,1
7.94,-880.545216,9.18963476468406,32.1689091564751,2
7.95,-880.14288,13.0981580864988,44.2012676704161,2
7.96,-879.740544,12.8437373481296,43.3967000723712,2
7.97,-879.338208,11.4119501503024,38.9160174167529,2
7.98,-878.935872,9.4364490749767,32.9028298034272,2
7.99,-878.533536,10.87776431958,37.2681590535343,2
8,-878.1312,9.34392066744464,32.6271782088915,2
8.01,-877.728864,2.01683642200283,13.7353647694065,1
8.02,-877.326528,7.61234010658083,27.5932060678783,2
8.03,-876.924192,5.09795982341519,20.8216327846988,1
8.04,-876.521856,1.00663256346979,11.7686496884051,1
8.05,-876.11952,1.25162470857558,12.2281717055505,2
8.06,-875.717184,5.93022414955609,22.9796054029833,2
8.07,-875.314848,9.70183381390071,33.6967369729799,2
8.08,-874.912512,1.67935011210046,13.0573255079859,2
8.09,-874.510176,15.4161800280238,51.6201284018072,2
8.1,-874.10784,-0.189372178451686,9.68888819675345,1
8.11,-873.705504,15.3862511786079,51.5234931329091,2
8.12,-873.303168,7.29910540893869,26.7111486152408,2
8.13,-872.900832,9.44016326442344,32.9139073680849,2
8.14,-872.498496,9.35197369156212,32.6511448566014,2
8.15,-872.09616,0.328823847750021,10.5565002637967,2
8.16,-871.693824,0.757333868890142,11.3126741312109,1
8.17,-871.291488,6.70244410401546,25.0588698101829,2
8.18,-870.889152,1.61520012313744,12.9308062832966,2
8.19,-870.486816,-0.55647635048545,9.1053005753525,2
8.2,-870.08448,8.75904667961896,30.8993523763562,2
8.21,-869.682144,4.98344515428313,20.5319697029821,2
8.22,-869.279808,15.9476599004009,53.3391770363389,2
8.23,-868.877472,7.51588459040684,27.3205617628283,2
8.24,-868.475136,15.1991039842796,50.9196554957111,2
8.25,-868.0728,4.62199397993266,19.629835808508,2
8.26,-867.670464,9.02988202641329,31.6962445398331,2
8.27,-867.268128,16.1183585325592,53.8924328431819,2
8.28,-866.865792,10.5820379286764,36.3623570079953,2
8.29,-866.463456,3.27668082934268,16.4455460839236,2
8.3,-866.06112,17.539041432014,58.5154755385905,2
8.31,-865.658784,1.62152882183653,12.9432542295257,2
8.32,-865.256448,10.2658140661206,35.3992536591544,2
8.33,-864.854112,5.50623720351619,21.8689137421235,2
8.34,-864.451776,18.2461685073554,60.8269097127677,2
8.35,-864.04944,7.96966454189375,28.6109279457391,2
8.36,-863.647104,21.3346454244878,70.9778684806892,2
8.37,-863.244768,10.2113290963366,35.2339092420918,2
8.38,-862.842432,10.6508815856392,36.5727917571327,2
8.39,-862.440096,9.2851598838231,32.4524405047912,2
8.4,-862.03776,7.04392032153069,25.9998772877385,2
8.41,-861.635424,9.66178762415145,33.5766301403312,2
8.42,-861.233088,7.04564523486399,26.0046623706603,2
8.43,-860.830752,4.80217856237864,20.077218837006,1
8.44,-860.428416,17.812034418719,59.4071085567199,2
8.45,-860.02608,3.8693933550337,17.8134725536039,2
8.46,-859.623744,12.556661233789,42.4916629503109,2
8.47,-859.221408,5.52549914564017,21.9188717846473,2
8.48,-858.819072,6.7385158685461,25.1576731732632,2
8.49,-858.416736,11.0516809064552,37.8030597978338,2
8.5,-858.0144,12.5854519764824,42.5822900855281,2
8.51,-857.612064,8.20377692598216,29.284049714822,2
8.52,-857.209728,0.523008437255646,10.8948361328471,2
8.53,-856.807392,7.12136513119606,26.2150246184314,2
8.54,-856.405056,0.193470838387077,10.3249266894015,2
8.55,-856.00272,1.55923597900221,12.8210524339792,1
8.56,-855.600384,3.36740863402162,16.6512219458819,2
8.57,-855.198048,14.9637360583874,50.1613182131724,2
8.58,-854.795712,13.1506208646719,44.3674514542058,2
8.59,-854.393376,0.687515214727282,11.1870849173598,1
8.6,-853.99104,9.23119521824732,32.2921844950894,2
8.61,-853.588704,8.89695473446582,31.3044166099333,2
8.62,-853.186368,2.23143276663235,14.1772670464559,2
8.63,-852.784032,0.901817223172137,11.57550609508,1
8.64,-852.381696,10.8677982197291,37.2375555706434,2
8.65,-851.97936,-1.22803852365618,8.103985912958,2
8.66,-851.577024,13.5418211007822,45.6094931495598,2
8.67,-851.174688,19.9043417320458,66.2675257310506,2
8.68,-850.772352,15.268222990174,51.1425834624267,2
8.69,-850.370016,-0.314223867120444,9.48752387955713,8
8.7,-849.96768,15.5164862666147,51.9441354947908,2
8.71,-849.565344,12.1045201154816,41.0726851299645,2
8.72,-849.163008,10.3088858271069,35.530089025904,2
8.73,-848.760672,10.2844034169005,35.455707299141,2
8.74,-848.358336,3.3802749413496,16.6804995822322,2
8.75,-847.956,15.8710566976948,53.0910703792892,2
8.76,-847.553664,17.5551400912365,58.5680296462906,2
8.77,-847.151328,1.45792468564753,12.6238425144919,2
8.78,-846.748992,4.06855522103009,18.28571561559,2
8.79,-846.346656,5.66508876939,22.2823557035021,2
8.8,-845.94432,21.6700321053769,72.0841692078452,2
8.81,-845.541984,23.415831208051,77.8512623325327,2
8.82,-845.139648,3.4934418571513,16.9391870032115,2
8.83,-844.737312,6.24071250939411,23.8071742329622,2
8.84,-844.334976,18.69314124438,62.2908878344876,2
8.85,-843.93264,19.064573305619,63.5089850386985,2
8.86,-843.530304,0.0967655555685236,10.1616193674917,3
8.87,-843.127968,18.1822062247573,60.6175894937694,2
8.88,-842.725632,24.9053134296574,82.7802128205246,2
8.89,-842.323296,14.4660221735466,48.561983284514,2
8.9,-841.92096,15.6308313156054,52.3137395733712,2
8.91,-841.518624,5.27212425975861,21.2656392626481,2
8.92,-841.116288,21.676334586242,72.1049641343271,2
8.93,-840.713952,9.37289496033992,32.7134303447327,2
8.94,-840.311616,20.8231256224415,69.2917958414953,2
8.95,-839.90928,14.4007001452469,48.3525346957606,2
8.96,-839.506944,22.4534611719615,74.6705540731645,2
8.97,-839.104608,20.616838030194,68.6122808863877,2
8.98,-838.702272,14.8060390236307,49.6539366296719,2
8.99,-838.299936,11.5450838930588,39.3289021879872,2
9,-837.8976,29.980217581417,99.6066126160039,2
9.01,-837.495264,30.5067941778631,101.354208889292,2
9.02,-837.092928,26.8190118150377,89.120808163954,2
9.03,-836.690592,20.4430235997028,68.039948066448,2
9.04,-836.288256,27.2094517935733,90.4152465401122,2
9.05,-835.88592,17.8056432993508,59.3862236167932,2
9.06,-835.483584,6.03544654054366,23.2587499703504,2
9.07,-835.081248,21.3826065388051,71.1360350643741,2
9.08,-834.678912,24.0354525115343,79.9009005710944,2
9.09,-834.276576,20.0197384502977,66.6470367935636,2
9.1,-833.87424,18.5108970450368,61.6937255986336,2
9.11,-833.471904,21.1394743545845,70.3343646193248,2
9.12,-833.069568,17.7075129721133,59.0656160624868,2
9.13,-832.667232,28.9779779169276,96.2810022219275,2
9.14,-832.264896,17.0422761504085,56.8955031218523,2
9.15,-831.86256,18.3265337990869,61.0899741236427,2
9.16,-831.460224,27.0003291009221,89.721906505915,2
9.17,-831.057888,-0.849978410359134,8.65718317454622,3
9.18,-830.655552,26.6854129694364,88.6779379666488,2
9.19,-830.253216,15.9230020096692,53.2593017745016,2
9.2,-829.85088,18.3283906756324,61.096053184884,2
9.21,-829.448544,25.7452254584846,85.5621650431632,2
9.22,-829.046208,17.8816759603661,59.6347159039677,2
9.23,-828.643872,15.2444626964218,51.0659382900165,2
9.24,-828.241536,22.1742922601945,73.7485875650745,2
9.25,-827.8392,26.0486851458881,86.5676494754584,2
9.26,-827.436864,23.4287318989944,77.8939234988818,2
9.27,-827.034528,22.4605613228929,74.6940070661769,2
9.28,-826.632192,25.1356199101817,83.5428737025454,2
9.29,-826.229856,15.4789430275707,51.8228399370021,2
9.3,-825.82752,21.4478446617852,71.3511981398984,2
9.31,-825.425184,25.7140587480078,85.4589075034061,2
9.32,-825.022848,28.6393358165323,95.1575359557884,2
9.33,-824.620512,21.3124967540061,70.9048306964448,2
9.34,-824.218176,11.6637715094992,39.6976856417043,2
9.35,-823.81584,23.6767963838561,78.7143549149972,2
9.36,-823.413504,29.7950234781523,98.9920418501899,2
9.37,-823.011168,25.1202058710092,83.4918261143228,2
9.38,-822.608832,32.4927511897543,107.946707192472,2
9.39,-822.206496,24.4059597879962,81.127058157608,2
9.4,-821.80416,26.7240584221501,88.8060417982106,2
9.41,-821.401824,24.2573376073815,80.6351603520041,2
9.42,-820.999488,22.1993104604161,73.8311969408042,2
9.43,-820.597152,17.0445765433669,56.9029968303415,2
9.44,-820.194816,20.328896946761,67.6642649933808,2
9.45,-819.79248,26.491247390429,88.0343458065442,2
9.46,-819.390144,31.7765592316319,105.569025066789,2
9.47,-818.987808,40.7429982907899,135.346526476085,2
9.48,-818.585472,39.5097971266512,131.250320090853,2
9.49,-818.183136,12.3262985453003,41.7676836299103,2
9.5,-817.7808,29.6329626681856,98.4542619136442,2
9.51,-817.378464,41.3949324187168,137.51203531016,2
9.52,-816.976128,35.9144772953755,119.309006623506,2
9.53,-816.573792,34.1206230853269,113.351841506338,2
9.54,-816.171456,38.5865048383604,128.183592039177,2
9.55,-815.76912,38.2407579845021,127.035211366636,2
9.56,-815.366784,39.2734882170719,130.465409189604,2
9.57,-814.964448,44.9632621622403,149.365183903053,2
9.58,-814.562112,32.169456362531,106.873372683591,2
9.59,-814.159776,39.7609335076708,132.084486355247,2
9.6,-813.75744,42.7248424770016,141.929624907332,2
9.61,-813.355104,44.7593777184058,148.687916555005,2
9.62,-812.952768,38.5608665047254,128.098435164747,2
9.63,-812.550432,45.5756931238869,151.399575008037,2
9.64,-812.148096,40.4797120841439,134.471984611382,2
9.65,-811.74576,46.4628965398837,154.346727132352,2
9.66,-811.343424,45.1663002076424,150.039640676075,2
9.67,-810.941088,43.060445679186,143.044417328835,2
9.68,-810.538752,59.4777112876119,197.580696416502,2
9.69,-810.136416,45.8511258416837,152.314518137329,2
9.7,-809.73408,46.001444609839,152.813853518368,2
9.71,-809.331744,46.5941393857583,154.782696732684,2
9.72,-808.929408,28.9384324189734,96.1498016907263,2
9.73,-808.527072,43.6920571432406,145.142488685123,2
9.74,-808.124736,37.8788138662765,125.833047011197,2
9.75,-807.7224,37.3628590820352,124.11937886803,2
9.76,-807.320064,51.2685942976782,170.310691507091,2
9.77,-806.917728,51.9913942005647,172.711764295391,2
9.78,-806.515392,54.4721184408934,180.952512155183,2
9.79,-806.113056,55.8742504243928,185.610279569007,2
9.8,-805.71072,59.6337212784539,198.098949814055,2
9.81,-805.308384,60.2414021375146,200.117619882921,2
9.82,-804.906048,58.871538209567,195.567035475297,2
9.83,-804.503712,59.3415907054591,197.1285141484,2
9.84,-804.101376,59.6227610371822,198.062540720311,2
9.85,-803.69904,75.3299079841291,250.240538140606,2
9.86,-803.296704,65.7606011031761,218.451992170577,2
9.87,-802.894368,65.4404932236198,217.388617104991,2
9.88,-802.492032,74.746527372057,248.302589756143,2
9.89,-802.089696,62.9968997316571,209.271178345159,2
9.9,-801.68736,66.6255398093788,221.325255667577,2
9.91,-801.285024,72.3399016699831,240.307952580659,2
9.92,-800.882688,91.3154107210608,303.343228381127,2
9.93,-800.480352,83.331003942904,276.819603240102,2
9.94,-800.078016,81.8655258455374,271.951390402909,2
9.95,-799.67568,82.0131016212567,272.441626515259,2
9.96,-799.273344,94.0428518406476,312.403591658464,2
9.97,-798.871008,87.9074030622611,292.02207200447,2
9.98,-798.468672,78.7644082349494,261.649700784605,2
9.99,-798.066336,82.5976986305438,274.383615733167,2
10,-797.664,70.3628040048498,233.740176785834,2
10.01,-797.261664,76.6012642601929,254.463892165361,2
10.02,-796.859328,51.6584452234831,171.605739001665,2
10.03,-796.456992,64.3733803109324,213.843745888068,2
10.04,-796.054656,64.1750883977939,213.185034657037,2
10.05,-795.65232,70.6537169371999,234.706568542992,2
10.06,-795.249984,74.8508833194388,248.649252698136,2
10.07,-794.847648,64.3592627441454,213.796848363487,2
10.08,-794.445312,66.7365428448194,221.693999690442,2
10.09,-794.042976,51.3502456505822,170.581929423901,2
10.1,-793.64064,69.3880875162184,230.502239031614,2
10.11,-793.238304,55.5156505603497,184.419039816725,2
10.12,-792.835968,63.3540956247285,210.457756846425,2
10.13,-792.433632,50.2220811204357,166.834279334616,2
10.14,-792.031296,56.3836588190909,187.30249349847,2
10.15,-791.62896,56.1589176795009,186.55592135473,2
10.16,-791.226624,62.2663273278744,206.844270677257,2
10.17,-790.824288,63.7260795519346,211.693460157993,2
10.18,-790.421952,50.4019604765193,167.431820059722,2
10.19,-790.019616,41.3875034996744,137.487358766555,2
10.2,-789.61728,44.5298434937945,147.925446536044,2
10.21,-789.214944,46.8924901899868,155.773775668644,2
10.22,-788.812608,41.9090287191224,139.21970944922,2
10.23,-788.410272,42.670995310676,141.750758103067,2
10.24,-788.007936,52.2089304013579,173.434399456429,2
10.25,-787.6056,52.4106001884857,174.104328051853,2
10.26,-787.203264,55.4178924495793,184.094295324357,2
10.27,-786.800928,50.7569499252332,168.611059160475,2
10.28,-786.398592,50.4786450721929,167.686558470724,2
10.29,-785.996256,50.1547575140217,166.610637296509,2
10.3,-785.59392,31.4097517516111,104.351360990379,2
10.31,-785.191584,32.3745745651372,107.554356980637,2
10.32,-784.789248,41.2263107493417,136.951927671785,2
10.33,-784.386912,35.6058759526004,118.284127264011,2
10.34,-783.984576,49.4729925358155,164.345886724781,2
10.35,-783.58224,40.5164347854411,134.593963908269,2
10.36,-783.179904,25.389982397821,84.3853395597598,2
10.37,-782.777568,37.6891555570447,125.203120681642,2
10.38,-782.375232,47.1893657767049,156.759955524743,2
10.39,-781.972896,43.3717318930956,144.078438429462,2
10.4,-781.57056,43.6630350366855,145.046083467759,2
10.41,-781.168224,39.2459687693283,130.374002402416,2
10.42,-780.765888,41.7422676127667,138.665777429544,2
10.43,-780.363552,39.6421103017244,131.689806486299,2
10.44,-779.961216,30.2916457838072,100.640152804857,2
10.45,-779.55888,39.2420012753754,130.360824241186,2
10.46,-779.156544,44.9357497322696,149.273792512827,2
10.47,-778.754208,39.7174383013688,131.940013748971,2
10.48,-778.351872,35.3597404044858,117.466713994652,2
10.49,-777.949536,45.9715889771808,152.714677752384,2
10.5,-777.5472,52.5797146170774,174.666110860582,2
10.51,-777.144864,43.2432904441454,143.651785093963,2
10.52,-776.742528,41.4420315553409,137.668483969728,2
10.53,-776.340192,42.7893296293654,142.143835236871,2
10.54,-775.937856,39.9119115111002,132.585972350452,2
10.55,-775.53552,36.2342626577998,120.371048300661,2
10.56,-775.133184,45.6469504042919,151.636280067281,2
10.57,-774.730848,44.861277730025,149.026409884271,2
10.58,-774.328512,44.8193580798645,148.887160389069,2
10.59,-773.926176,43.4873741121949,144.462576126124,2
10.6,-773.52384,40.0436776319673,133.023645935914,2
10.61,-773.121504,25.9412340306516,86.2116000140518,2
10.62,-772.719168,30.1758683182765,100.255912505591,2
10.63,-772.316832,34.3301130898557,114.047489274972,2
10.64,-771.914496,30.1326241541302,100.112397010125,2
10.65,-771.51216,33.8699421131035,112.519429137366,2
10.66,-771.109824,34.7211557593607,115.346046716461,2
10.67,-770.707488,42.0122110151388,139.562451794175,2
10.68,-770.305152,33.2870936990565,110.584098244096,2
10.69,-769.902816,13.2121617899106,44.562509745593,2
10.7,-769.50048,21.2970672100808,70.8539516179307,2
10.71,-769.098144,22.3174534649857,74.2213399827279,2
10.72,-768.695808,32.9378046705657,109.424351752987,2
10.73,-768.293472,25.0872700563539,83.382752486836,2
10.74,-767.891136,29.7761455535668,98.9293965579612,2
10.75,-767.4888,25.561775773417,84.9544118996236,2
10.76,-767.086464,15.222736897023,50.9958665721395,2
10.77,-766.684128,29.1921844059142,96.9917033249757,2
10.78,-766.281792,26.7670519438366,88.9485616619656,2
10.79,-765.879456,32.4140859909737,107.685535511955,2
10.8,-765.47712,22.5883546217773,75.1161664868253,2
10.81,-765.074784,20.2739041525886,67.4832714815722,2
10.82,-764.672448,10.5081530643898,36.1368111489044,2
10.83,-764.270112,17.2890624202166,57.6998590420122,2
10.84,-763.867776,23.9882616740521,79.7447559334274,2
10.85,-763.46544,25.8214763217393,85.8147978752086,2
10.86,-763.063104,20.2425122429226,67.3799632678389,2
10.87,-762.660768,22.1604256425733,73.70280162744,2
10.88,-762.258432,22.7206977393654,75.5534277674818,2
10.89,-761.856096,18.3194481707813,61.0667774680724,2
10.9,-761.45376,21.7118174584465,72.2220430511426,2
10.91,-761.051424,24.4827084536618,81.3810986969784,2
10.92,-760.649088,15.9717700708972,53.4172889199785,2
10.93,-760.246752,22.2700728402337,74.0648676602057,2
10.94,-759.844416,25.3393593434256,84.217660956205,2
10.95,-759.44208,13.2714447870066,44.7505305041387,2
10.96,-759.039744,24.9567305815988,82.9504698792949,2
10.97,-758.637408,24.1572128603638,80.3038108167755,2
10.98,-758.235072,22.2091273138557,73.8636126874712,2
10.99,-757.832736,29.3089897771305,97.3792618035523,2
11,-757.4304,30.6942128871722,101.97625860345,2
11.01,-757.028064,29.780164643709,98.9427336503459,2
11.02,-756.625728,31.5645746495305,104.865306582758,2
11.03,-756.223392,26.0463592852043,86.5599422824166,2
11.04,-755.821056,20.4628192604829,68.1051206456087,2
11.05,-755.41872,31.3566945241804,104.175236781284,2
11.06,-755.016384,31.5946957400666,104.965297177786,2
11.07,-754.614048,27.9959113133015,93.0232729113864,2
11.08,-754.211712,26.3087463340219,87.4294761986311,2
11.09,-753.809376,33.5171385759112,111.34794176907,2
11.1,-753.40704,20.5881669804263,68.5178596232098,2
11.11,-753.004704,26.1450439658227,86.8869621448298,2
11.12,-752.602368,24.3748713319631,81.0241589726554,2
11.13,-752.200032,13.4720028210685,45.3874638546525,2
11.14,-751.797696,19.7611443283299,65.796727306057,2
11.15,-751.39536,29.7041848875209,98.6906019201515,2
11.16,-750.993024,26.7006417725854,88.7284188559826,2
11.17,-750.590688,22.5928819431173,75.1311235498489,2
11.18,-750.188352,18.373015285952,61.2421569720441,2
11.19,-749.786016,15.6780733940464,52.4665188797622,2
11.2,-749.38368,5.18880318159646,21.0527079133571,2
11.21,-748.981344,11.441778533415,39.0084502737041,2
11.22,-748.579008,18.0278123653121,60.1125182037359,2
11.23,-748.176672,20.1928884179537,67.2166695974243,2
11.24,-747.774336,15.4160572094557,51.6197318030162,2
11.25,-747.372,14.2953240805516,48.0148900370175,2
11.26,-746.969664,3.45533540130698,16.851845096902,2
11.27,-746.567328,10.9483429139222,37.4850400616779,2
11.28,-746.164992,6.20545023366209,23.712601656511,2
11.29,-745.762656,20.1656967117594,67.1271992251968,2
11.3,-745.36032,18.7228954609521,62.3884160078786,2
11.31,-744.957984,15.6043103741,52.2279910897043,2
11.32,-744.555648,11.2404116801945,38.3852881842572,2
11.33,-744.153312,11.1533439131166,38.1164627746251,2
11.34,-743.750976,13.9478470199806,46.9036256994708,2
11.35,-743.34864,18.2985435116174,60.9983438079495,2
11.36,-742.946304,18.2341280294391,60.7875030664091,2
11.37,-742.543968,20.2541952101398,67.4184101452208,2
11.38,-742.141632,24.6783663835444,82.0288041611333,2
11.39,-741.739296,17.8973457624886,59.685937139503,2
11.4,-741.33696,14.3289916773335,48.1227357176983,2
11.41,-740.934624,14.3223240217782,48.1013751894996,2
11.42,-740.532288,15.7580238646512,52.7251755397537,2
11.43,-740.129952,16.5767964063483,55.3808045073936,2
11.44,-739.727616,16.9581836327652,56.6216183375713,2
11.45,-739.32528,5.82533806614899,22.7027183750714,2
11.46,-738.922944,4.15325292118105,18.488413755221,2
11.47,-738.520608,3.65280511140077,17.3070165758452,2
11.48,-738.118272,-0.334047246688753,9.45582610077083,2
11.49,-737.715936,5.45589466748041,21.7385746283942,2
11.5,-737.3136,9.59785328111107,33.385101945111,2
11.51,-736.911264,13.7629723131194,46.3137646717575,2
11.52,-736.508928,16.3460520626188,54.6312210952189,2
11.53,-736.106592,6.60193787776623,24.7843394505396,2
11.54,-735.704256,6.81247495205094,25.3607010417277,2
11.55,-735.30192,5.55763254653449,22.0023213465168,2
11.56,-734.899584,11.7162547734053,39.8609666466482,2
11.57,-734.497248,8.33562226830333,29.6652503765118,2
11.58,-734.094912,13.0687089229913,44.1080240059118,2
11.59,-733.692576,13.3138637972647,44.8851367193875,2
11.6,-733.29024,10.9912826279195,37.6171181536658,2
11.61,-732.887904,11.6437717682722,39.6354973784306,2
11.62,-732.485568,9.41774394618602,32.8470565155706,2
11.63,-732.083232,8.0271984947996,28.7758962955409,2
11.64,-731.680896,7.45717739717735,27.1550626305737,2
11.65,-731.27856,3.64968743348201,17.2997811866383,2
11.66,-730.876224,9.89926924726197,34.2904386452928,2
11.67,-730.473888,2.93930379468622,15.6928247360138,2
11.68,-730.071552,13.351237343249,45.0037809655724,3
11.69,-729.669216,3.7245183692586,17.4738771574762,2
11.7,-729.26688,0.382725030366548,10.649693197078,2
11.71,-728.864544,11.519731834452,39.2502137769616,2
11.72,-728.462208,1.80522661546159,13.3077858757932,2
11.73,-728.059872,11.055246021421,37.8140412388999,2
11.74,-727.657536,13.867434861612,46.6469408806597,3
11.75,-727.2552,1.15524008736984,12.0460406775624,3
11.76,-726.852864,1.11834091793543,11.97677671607,2
11.77,-726.450528,-0.0292639423814181,9.95147552436503,2
11.78,-726.048192,4.16876768201181,18.5256631381672,3
11.79,-725.645856,5.61721055639016,22.1573991588187,3
11.8,-725.24352,9.00093293801292,31.6107968910036,2
11.81,-724.841184,1.49835909504886,12.7023226572261,2
11.82,-724.438848,1.7897138602281,13.2767625027881,3
11.83,-724.036512,2.35672262699986,14.4390877377651,2
11.84,-723.634176,7.81470826083715,28.1681212332353,3
11.85,-723.23184,10.5149884797332,36.1576643119603,2
11.86,-722.829504,1.60480270598941,12.9103716230569,3
11.87,-722.427168,4.17663053553942,18.5445551396058,2
11.88,-722.024832,1.85603115542532,13.4096963996628,3
11.89,-721.622496,10.2195206272124,35.2587564420404,3
11.9,-721.22016,4.43808425868468,19.1780879772251,3
11.91,-720.817824,6.89616854598612,25.5911711622734,3
11.92,-720.415488,11.2028760419344,38.2693487033986,3
11.93,-720.013152,6.06837735933985,23.3463909163152,3
11.94,-719.610816,15.6579949785739,52.4015805780227,3
11.95,-719.20848,15.6853334977282,52.4900017052658,3
11.96,-718.806144,11.9880678589274,40.708570212555,3
11.97,-718.403808,16.9982836449493,56.752208968186,3
11.98,-718.001472,2.77561858402541,15.3346037676982,2
11.99,-717.599136,1.12171243327068,11.9830948094584,3
12,-717.1968,1.42095372417527,12.5523507043383,3
12.01,-716.794464,9.45406946515341,32.9553911804434,2
12.02,-716.392128,7.77355613157628,28.0508974751106,3
12.03,-715.989792,13.7357212195354,46.226902022436,3
12.04,-715.587456,6.42955094902118,24.3161271813926,3
12.05,-715.18512,1.09255488582792,11.9285253822528,3
12.06,-714.782784,11.2842693074092,38.5208436489261,3
12.07,-714.380448,1.32579524391002,12.3695114032323,3
12.08,-713.978112,2.29740357994784,14.3147783502022,3
12.09,-713.575776,11.0402179780754,37.7677555748615,3
12.1,-713.17344,0.0675089810171886,10.1125657375995,2
12.11,-712.771104,1.95296693156856,13.6054507516515,3
12.12,-712.368768,-1.40361222692117,7.85620572649212,2
12.13,-711.966432,11.4959267681109,39.1763544836251,3
12.14,-711.564096,3.40231819748983,16.7307230698987,2
12.15,-711.16176,11.9413608106483,40.5626921662933,3
12.16,-710.759424,3.43560064628859,16.8067055392889,3
12.17,-710.357088,-0.620698821606497,9.00584671415497,1
12.18,-709.954752,7.63051058142148,27.6446680222447,3
12.19,-709.552416,16.4945253093028,55.1134424672177,3
12.2,-709.15008,8.3963793318845,29.8414168812674,3
12.21,-708.747744,9.59561541174282,33.3784029830996,3
12.22,-708.345408,4.00792373247716,18.1412937348828,3
12.23,-707.943072,6.38139451610296,24.1859413598035,3
12.24,-707.540736,17.0467752707341,56.910159427133,3
12.25,-707.1384,-0.79768430729175,8.73582815159288,3
12.26,-706.736064,-0.6618153732119,8.94258635704311,3
12.27,-706.333728,0.676620573132539,11.1675712479535,2
12.28,-705.931392,1.84797417864381,13.3935031394803,2
12.29,-705.529056,18.4198932008329,61.3956613977551,3
12.3,-705.12672,9.64703470997386,33.5324102672221,3
12.31,-704.724384,0.967559830206112,11.696407591003,2
12.32,-704.322048,7.38997591667303,26.9660354465449,3
12.33,-703.919712,0.758752278638776,11.3152351470961,3
12.34,-703.517376,1.52512722612808,12.754444590816,3
12.35,-703.11504,17.0706581028215,56.9879649004284,3
12.36,-702.712704,3.57975783371865,17.1379034422422,3
12.37,-702.310368,12.5342317105515,42.4210814618736,3
12.38,-701.908032,6.23066679088645,23.7802167943345,3
12.39,-701.505696,6.69878093812415,25.0488441766823,2
12.4,-701.10336,0.0858850242866401,10.1433571885916,3
12.41,-700.701024,2.24587907003296,14.2073127360677,3
12.42,-700.298688,1.80957492254605,13.3164898028662,3
12.43,-699.896352,17.6750700264193,58.9596461729244,3
12.44,-699.494016,15.971804039628,53.4173989790825,3
12.45,-699.09168,13.457394961157,45.3410287056696,3
12.46,-698.689344,8.35415419545589,29.7189508879038,3
12.47,-698.287008,21.417516208903,71.2511684203962,3
12.48,-697.884672,11.9218950772061,40.5019234878693,3
12.49,-697.482336,18.0622577737045,60.2251762785191,3
12.5,-697.08,11.0277253785186,37.7292878498369,3
12.51,-696.677664,15.2855576207006,51.1985085843109,3
12.52,-696.275328,18.2760629197162,60.9247565217731,3
12.53,-695.872992,17.4283394230516,58.1541806001239,3
12.54,-695.470656,13.0873937266969,44.1671814898049,3
12.55,-695.06832,14.5647414488732,48.8787227859701,3
12.56,-694.665984,15.4946470947156,51.8735734979009,3
12.57,-694.263648,15.8180592859079,52.9194839299965,3
12.58,-693.861312,17.3499819996862,57.8985463384343,3
12.59,-693.458976,24.061139255373,79.9858954579146,3
12.6,-693.05664,25.2043804472714,83.7705987696162,3
12.61,-692.654304,15.4988225787458,51.8870636650704,3
12.62,-692.251968,23.5838736185436,78.4070044901984,3
12.63,-691.849632,23.1333967048704,76.9174294594405,3
12.64,-691.447296,31.595718853683,104.968693535353,3
12.65,-691.04496,35.0518325636576,116.444174742871,3
12.66,-690.642624,26.5485574750355,88.2243024680499,3
12.67,-690.240288,19.973270902423,66.4942045013835,3
12.68,-689.837952,26.7553996554195,88.9099350239577,3
12.69,-689.435616,26.7982401678381,89.0519498256774,3
12.7,-689.03328,21.6349062998879,71.9682759667271,3
12.71,-688.630944,23.9560669552261,79.6382341908863,3
12.72,-688.228608,24.4703219826999,81.3400979959223,3
12.73,-687.826272,24.3562932288115,80.962668883372,3
12.74,-687.423936,29.6079341174318,98.3712095052359,3
12.75,-687.0216,28.4418652117096,94.5024695802938,3
12.76,-686.619264,17.9557560077942,59.8768936752405,3
12.77,-686.216928,18.1343309514928,60.4609450910968,3
12.78,-685.814592,25.849328823896,85.9070811251739,3
12.79,-685.412256,26.5343663641873,88.1772649216721,3
12.8,-685.00992,26.3512852925865,87.570459338488,3
12.81,-684.607584,25.0295034922282,83.1914529825947,3
12.82,-684.205248,26.9159137200889,89.4420484902225,3
12.83,-683.802912,28.455411809065,94.5474061728545,3
12.84,-683.400576,35.7031089931638,118.607040602619,3
12.85,-682.99824,29.7039088039382,98.6896857710987,3
12.86,-682.595904,37.7362418477055,125.35951147192,3
12.87,-682.193568,21.0603406839731,70.0735131781593,3
12.88,-681.791232,37.6182002700347,124.967452772008,3
12.89,-681.388896,33.8772040943297,112.543543033341,3
12.9,-680.98656,19.8191661615369,65.9874697975087,3
12.91,-680.584224,28.1075750569871,93.3936317954708,3
12.92,-680.181888,26.2149328326923,87.1185697752333,3
12.93,-679.779552,32.5329186349632,108.080065785201,3
12.94,-679.377216,35.1337370777342,116.716171453253,3
12.95,-678.97488,29.6122646907216,98.3855796383748,3
12.96,-678.572544,31.0132122885215,103.035081616292,3
12.97,-678.170208,28.4227325089416,94.4390031746533,3
12.98,-677.767872,12.7759307159005,43.1826590441374,3
12.99,-677.365536,31.1807988582594,103.591360016525,3
13,-676.9632,26.4923155255714,88.0378861338645,3
13.01,-676.560864,31.4601008916357,104.518497102924,3
13.02,-676.158528,38.3878854914509,127.523886319699,3
13.03,-675.756192,26.6986854739126,88.7219340378288,3
13.04,-675.353856,35.7700112643312,118.829225835623,3
13.05,-674.95152,33.4916340833299,111.263255468467,3
13.06,-674.549184,28.8510581229214,95.8599244545181,3
13.07,-674.146848,27.2185883057625,90.4455398399813,3
13.08,-673.744512,27.4121295733579,91.087279160216,3
13.09,-673.342176,21.1005440097785,70.2060324123902,3
13.1,-672.93984,30.3271884449472,100.758113120638,3
13.11,-672.537504,28.1096894195907,93.4006447158467,3
13.12,-672.135168,36.5377423355568,121.378954278003,3
13.13,-671.732832,34.3437254846252,114.092692019341,3
13.14,-671.330496,34.0492695431582,113.114902670954,3
13.15,-670.92816,32.5202935129599,108.038149465041,3
13.16,-670.525824,36.8146928324805,122.298766149002,3
13.17,-670.123488,30.9596646276712,102.857341763535,3
13.18,-669.721152,26.6797408653055,88.6591360040555,3
13.19,-669.318816,38.9739584262427,129.47051451832,3
13.2,-668.91648,32.7575182298975,108.825763897561,3
13.21,-668.514144,31.2410922086502,103.791498751305,3
13.22,-668.111808,35.7852251398619,118.879751877804,3
13.23,-667.709472,20.2119655688143,67.2794433704082,3
13.24,-667.307136,28.0650656789389,93.2526377619404,3
13.25,-666.9048,31.097255154393,103.31404718032,3
13.26,-666.502464,29.3767965497438,97.6042492845073,3
13.27,-666.100128,36.2058815940705,120.276790954238,3
13.28,-665.697792,33.0621705989692,109.837279462848,3
13.29,-665.295456,41.8043921543849,138.872136971586,3
13.3,-664.89312,34.6820275331097,115.216109574831,3
13.31,-664.490784,32.2384270780968,107.102350592243,3
13.32,-664.088448,29.7085731464488,98.7051638203157,3
13.33,-663.686112,36.8264746172133,122.33789625393,3
13.34,-663.283776,38.4936132966151,127.875056199396,3
13.35,-662.88144,32.0259598935846,106.396981640624,3
13.36,-662.479104,41.350363831878,137.363992461952,3
13.37,-662.076768,25.128188611112,83.5182629591948,3
13.38,-661.674432,47.0407147655811,156.26615715004,3
13.39,-661.272096,31.2028790049131,103.664652973004,3
13.4,-660.86976,38.5883186507862,128.189616559604,3
13.41,-660.467424,8.63567768783564,30.53826909375,3
13.42,-660.065088,47.6857346602495,158.408827501997,3
13.43,-659.662752,41.3210039983301,137.266468376444,3
13.44,-659.260416,32.1616651260285,106.847506466186,3
13.45,-658.85808,24.0051563048741,79.8006559713068,3
13.46,-658.455744,43.0317265706223,142.949019246007,3
13.47,-658.053408,37.5983704168253,124.9015908492,3
13.48,-657.651072,43.4094793064867,144.203826878728,3
13.49,-657.248736,31.6281815540672,105.076457941734,3
13.5,-656.8464,39.7603454522826,132.082533083926,3
13.51,-656.444064,44.843911369604,148.968721970916,3
13.52,-656.041728,45.3601307560046,150.683512655097,3
13.53,-655.639392,42.5080812122628,141.209598994872,3
13.54,-655.237056,53.0296043748543,176.160604448236,3
13.55,-654.83472,51.5134914896083,171.124216462906,3
13.56,-654.432384,40.3025706242534,133.883587194783,3
13.57,-654.030048,29.2610979784515,97.2203560350059,3
13.58,-653.627712,40.880006641221,135.801620610093,3
13.59,-653.225376,38.3838062625372,127.510337379377,3
13.6,-652.82304,40.9040063544058,135.881339439855,3
13.61,-652.420704,41.5315123102118,137.965711496625,3
13.62,-652.018368,32.1610783171943,106.845558313799,3
13.63,-651.616032,40.352552016888,134.049606391315,3
13.64,-651.213696,36.6723070751207,121.825871001369,3
13.65,-650.81136,27.033772711471,89.8327834132009,3
13.66,-650.409024,31.2553571721023,103.8388504109,3
13.67,-650.006688,39.3883519702633,130.846933809889,3
13.68,-649.604352,44.3937420635102,147.473343554656,3
13.69,-649.202016,30.0728492688445,99.9140228773164,3
13.7,-648.79968,41.5187121132722,137.923193155505,3
13.71,-648.397344,55.0423952366726,182.84692432536,3
13.72,-647.995008,39.4026027159543,130.894268321979,3
13.73,-647.592672,36.9408455529143,122.717750427609,3
13.74,-647.190336,41.305791261892,137.215936494313,3
13.75,-646.788,55.1414369374585,183.175932715117,3
13.76,-646.385664,49.7777803284124,165.358358816891,3
13.77,-645.983328,32.8883667241289,109.260206380769,3
13.78,-645.580992,38.3277123543618,127.324024656164,3
13.79,-645.178656,40.2264267992502,133.630666681213,3
13.8,-644.77632,43.798757611667,145.49692500628,3
13.81,-644.373984,42.7782781417597,142.107124923487,3
13.82,-643.971648,48.0175164774053,159.510964762599,3
13.83,-643.569312,33.1461609868681,110.116153034568,3
13.84,-643.166976,44.5747778695683,148.074710068669,3
13.85,-642.76464,39.5895343268517,131.515171957031,3
13.86,-642.362304,32.7902710885199,108.934509124283,3
13.87,-641.959968,46.1401555383045,153.274629861199,3
13.88,-641.557632,36.3626116550206,120.797314474333,3
13.89,-641.155296,43.363815932442,144.052143388236,3
13.9,-640.75296,39.9296707430919,132.644961234683,3
13.91,-640.350624,35.8359706336031,119.048280539385,3
13.92,-639.948288,47.8164920865351,158.843186979539,3
13.93,-639.545952,45.6911541304749,151.78311768672,3
13.94,-639.143616,55.9073761494442,185.72032056227,3
13.95,-638.74128,56.0344654097129,186.142500878884,3
13.96,-638.338944,44.0211020023721,146.235507061565,3
13.97,-637.936608,41.0808735622265,136.468832835784,3
13.98,-637.534272,31.5488384424031,104.813068536182,3
13.99,-637.131936,47.1479566384477,156.622399985041,3
14,-636.7296,39.484963723651,131.167834572359,3
14.01,-636.327264,38.487861768877,127.855952742011,3
14.02,-635.924928,42.727139810531,141.937256076754,3
14.03,-635.522592,41.3980994209203,137.522555101053,3
14.04,-635.120256,45.2971510678581,150.474304793268,3
14.05,-634.71792,31.0645246206791,103.205403407342,3
14.06,-634.315584,46.910893255391,155.834908080964,3
14.07,-633.913248,40.3454950753267,134.026165901918,3
14.08,-633.510912,38.7480926960632,128.720302331827,3
14.09,-633.108576,47.8557002803191,158.973431636381,3
14.1,-632.70624,38.4501045844555,127.730543931786,3
14.11,-632.303904,44.7781349441752,148.750224632158,3
14.12,-631.901568,37.2102760900735,123.612603803349,3
14.13,-631.499232,43.8265966623374,145.589400487047,3
14.14,-631.096896,52.9362191143715,175.85038688872,3
14.15,-630.69456,50.0139862387138,166.143009828615,3
14.16,-630.292224,44.3552799142795,147.345579726682,3
14.17,-629.889888,42.3280262603791,140.61150366806,3
14.18,-629.487552,43.0049293022798,142.860005089929,3
14.19,-629.085216,44.3861241344515,147.448038263003,3
14.2,-628.68288,43.0795841025296,143.10799065977,3
14.21,-628.280544,37.7144178894037,125.287026089906,3
14.22,-627.878208,51.5497813810604,171.244768025633,3
14.23,-627.475872,40.0544784943301,133.059522076746,3
14.24,-627.073536,44.145804693129,146.649744255728,3
14.25,-626.6712,41.5581014404041,138.05403248675,3
14.26,-626.268864,46.5103725872256,154.504435606299,3
14.27,-625.866528,36.9606788922188,122.783622061673,3
14.28,-625.464192,41.9843620613183,139.469945411137,3
14.29,-625.061856,43.8736978175911,145.745860690487,3
14.3,-624.65952,40.678056314077,135.130812215086,3
14.31,-624.257184,33.5061849854768,111.31157093196,3
14.32,-623.854848,41.6899037239686,138.491840072392,3
14.33,-623.452512,30.7400602753092,102.128431319653,3
14.34,-623.050176,43.5816402503245,144.775707582127,3
14.35,-622.64784,45.4903822059148,151.116186199405,3
14.36,-622.245504,34.2989893924213,113.94413686075,3
14.37,-621.843168,37.211287903679,123.615964336643,3
14.38,-621.440832,39.8516296379919,132.385740878458,3
14.39,-621.038496,49.8646095185117,165.646796137282,3
14.4,-620.63616,49.39238336693,164.078111913411,3
14.41,-620.233824,40.356509296639,134.062750978681,3
14.42,-619.831488,46.1466558946371,153.296223052749,3
14.43,-619.429152,39.9349027081662,132.662339681301,3
14.44,-619.026816,51.9757136083464,172.659674825466,3
14.45,-618.62448,44.6511694820572,148.328468739793,3
14.46,-618.222144,49.5696136238091,164.66685144781,3
14.47,-617.819808,54.0965053467266,179.704757118939,3
14.48,-617.417472,50.3376849310181,167.2183032802,3
14.49,-617.015136,52.0589073213162,172.936036621083,3
14.5,-616.6128,51.6933536705524,171.721701564366,3
14.51,-616.210464,31.9519641290977,106.15132842469,3
14.52,-615.808128,50.7079263376936,168.448207703499,3
14.53,-615.405792,50.0210814827952,166.166579484522,3
14.54,-615.003456,50.6581665000633,168.282910513295,3
14.55,-614.60112,40.1101991331284,133.244603871525,3
14.56,-614.198784,45.3448573659841,150.63277703101,3
14.57,-613.796448,58.0494120787943,192.835995482723,3
14.58,-613.394112,55.9855686671418,185.980069823059,3
14.59,-612.991776,53.9631331407793,179.261705992743,3
14.6,-612.58944,50.7748653885221,168.670572542395,3
14.61,-612.187104,54.9374875197344,182.498429537712,3
14.62,-611.784768,60.0979037144637,199.640928898265,3
14.63,-611.382432,60.273094303057,200.2228988788,3
14.64,-610.980096,57.1581681780842,189.875352479102,3
14.65,-610.57776,57.3831454420779,190.622709371839,3
14.66,-610.175424,51.0068430861451,169.441179495837,3
14.67,-609.773088,64.8965022292885,215.581518687624,3
14.68,-609.370752,74.1209711854578,246.224537159879,3
14.69,-608.968416,55.202283589149,183.378060302459,3
14.7,-608.56608,62.4456049206323,207.439817603205,3
14.71,-608.163744,72.5331041115483,240.949757162669,3
14.72,-607.761408,62.9234742798464,209.027264397283,3
14.73,-607.359072,76.8518786246926,255.296415046082,3
14.74,-606.956736,71.9888579681177,239.141810715763,3
14.75,-606.5544,74.7902224944058,248.447741805841,3
14.76,-606.152064,72.4834937523946,240.784955126048,3
14.77,-605.749728,58.7545775589651,195.178501114732,3
14.78,-605.347392,71.2920395761897,236.827030281413,3
14.79,-604.945056,76.309413116586,253.494383673822,3
14.8,-604.54272,70.8882666389439,235.485725721613,3
14.81,-604.140384,86.517813920984,287.405956804519,3
14.82,-603.738048,80.3385469281167,266.878876276388,3
14.83,-603.335712,90.2862232052639,299.924341460344,3
14.84,-602.933376,99.6070351810732,330.88740861802,3
14.85,-602.53104,87.694142246702,291.313634910902,3
14.86,-602.128704,88.4494533526245,293.82272409013,3
14.87,-601.726368,98.753092011226,328.050670811011,3
14.88,-601.324032,98.583734469447,327.488077234971,3
14.89,-600.921696,103.14560851152,342.64229477937,3
14.9,-600.51936,95.673235267735,317.819608168564,3
14.91,-600.117024,91.9518304820084,305.457369063708,3
14.92,-599.714688,87.5098103845692,290.701297720364,3
14.93,-599.312352,108.108673261758,359.129239009456,3
14.94,-598.910016,93.0181738839417,308.999685167384,3
14.95,-598.50768,93.5240028841236,310.680012733506,3
14.96,-598.105344,100.322675247859,333.264713461464,3
14.97,-597.703008,81.4550624773971,270.587860617668,3
14.98,-597.300672,81.9792804477653,272.329275009545,3
14.99,-596.898336,70.2294374185647,233.29714261732,3
15,-596.496,70.9920290054449,235.830416814324,3
15.01,-596.093664,80.2192437843211,266.482559814922,3
15.02,-595.691328,81.1378386485465,269.534065876062,3
15.03,-595.288992,72.4382296552042,240.634591058434,3
15.04,-594.886656,60.7450927657375,201.790842437527,3
15.05,-594.48432,72.7328416530729,241.613270877273,3
15.06,-594.081984,73.1258104128565,242.918684774289,3
15.07,-593.679648,65.2478320129533,216.748610603467,3
15.08,-593.277312,70.4228319671052,233.939585341913,3
15.09,-592.874976,65.2324299515408,216.697446078251,3
15.1,-592.47264,80.2881798718059,266.711560538529,3
15.11,-592.070304,64.8303684457023,215.361827085601,3
15.12,-591.667968,71.0945675117091,236.171042332302,3
15.13,-591.265632,60.494556247983,200.958578862073,3
15.14,-590.863296,65.5272125413438,217.676692361414,3
15.15,-590.46096,42.9623713146738,142.718637627147,3
15.16,-590.058624,60.9785331243523,202.56631388732,3
15.17,-589.656288,62.1460067360019,206.444574563229,3
15.18,-589.253952,54.5356765076571,181.163646734353,3
15.19,-588.851616,53.0632222446458,176.272280040631,3
15.2,-588.44928,63.8377643017901,212.064468710997,3
15.21,-588.046944,56.4188260058712,187.419316096704,3
15.22,-587.644608,60.8499929901793,202.139313150244,3
15.23,-587.242272,60.7855046191843,201.925087596302,3
15.24,-586.839936,53.5637327542037,177.934932207115,3
15.25,-586.4376,61.5605445872924,204.49971267319,3
15.26,-586.035264,53.954354082968,179.232542711163,3
15.27,-585.632928,51.5013909910356,171.084019760819,3
15.28,-585.230592,62.9810132574627,209.218404646721,3
15.29,-584.828256,54.3299786023391,180.480335546119,3
15.3,-584.42592,55.4173518232638,184.092499407769,3
15.31,-584.023584,57.8832974410005,192.284175481895,3
15.32,-583.621248,51.0417383285295,169.557098066251,3
15.33,-583.218912,50.2988814675001,167.089402162486,3
15.34,-582.816576,43.3268374691899,143.929309278001,3
15.35,-582.41424,58.1645592553334,193.218505532012,3
15.36,-582.011904,55.2825545060989,183.644713719212,3
15.37,-581.609568,47.3203822274215,157.195174564157,3
15.38,-581.207232,62.1823252737791,206.565222060937,3
15.39,-580.804896,60.574687009054,201.224767253179,3
15.4,-580.40256,58.3410154564362,193.804679467421,3
15.41,-580.000224,54.9494600137068,182.538201174388,3
15.42,-579.597888,38.9837532730496,129.503048179377,3
15.43,-579.195552,55.0986795381302,183.033896145938,3
15.44,-578.793216,42.6835024647221,141.792303726628,3
15.45,-578.39088,54.7674911289482,181.933715598727,3
15.46,-577.988544,59.6815900792801,198.257966356329,3
15.47,-577.586208,47.537025397642,157.914834587137,3
15.48,-577.183872,48.0605163963959,159.653805157942,3
15.49,-576.781536,55.2560593562557,183.556698998162,3
15.5,-576.3792,55.0871022164392,182.995437234793,3
15.51,-575.976864,50.5680302982541,167.983487132201,3
15.52,-575.574528,50.6697562842589,168.321410612609,3
15.53,-575.172192,50.6296196759633,168.188080833926,3
15.54,-574.769856,45.2923999684417,150.458522448966,3
15.55,-574.36752,37.2998390839398,123.91006966103,3
15.56,-573.965184,46.3070747124932,153.829110125772,3
15.57,-573.562848,43.2004918051928,143.50961786317,3
15.58,-573.160512,48.4446221376285,160.929757724965,3
15.59,-572.758176,56.6773337486226,188.278058328497,3
15.6,-572.35584,45.7330723141685,151.922363141403,3
15.61,-571.953504,41.0648911437241,136.415744537515,3
15.62,-571.551168,52.8869720576251,175.686792544103,3
15.63,-571.148832,61.7961181328918,205.282270520944,3
15.64,-570.746496,57.9375881311331,192.464524958945,3
15.65,-570.34416,58.7862329240661,195.283657821843,3
15.66,-569.941824,55.7238649352568,185.110711101933,3
15.67,-569.539488,59.5075508093368,197.679821050649,3
15.68,-569.137152,55.4633308000694,184.245237826162,3
15.69,-568.734816,59.4080916806612,197.349425351145,3
15.7,-568.33248,34.1512410761356,113.45351304123,3
15.71,-567.930144,52.2236536132752,173.483308614141,3
15.72,-567.527808,49.4834670738037,164.380681994433,3
15.73,-567.125472,56.2676608040214,186.917157331281,3
15.74,-566.723136,55.1975573125471,183.362359998846,3
15.75,-566.3208,54.8916811589839,182.346264591758,3
15.76,-565.918464,51.820787129228,172.145023526223,3
15.77,-565.516128,58.8146012076848,195.377895095983,3
15.78,-565.113792,42.2637703737495,140.398062813322,3
15.79,-564.711456,43.4364405810949,144.293386222249,3
15.8,-564.30912,32.8943613731266,109.280109945604,3
15.81,-563.906784,41.2568541036829,137.05338287584,3
15.82,-563.504448,44.5572892158588,148.016616048721,3
15.83,-563.102112,50.4357885303823,167.54419340183,3
15.84,-562.699776,35.4292956629769,117.697704858632,3
15.85,-562.29744,42.2707236436069,140.421159705471,3
15.86,-561.895104,43.5471467200405,144.661127597571,3
15.87,-561.492768,45.5728365915864,151.390086076034,3
15.88,-561.090432,40.086574793789,133.166133186256,3
15.89,-560.688096,40.7204290645634,135.271559463714,3
15.9,-560.28576,47.943842207146,159.266228030511,3
15.91,-559.883424,40.2178381242268,133.602138430933,3
15.92,-559.481088,33.6102233725039,111.657026713965,3
15.93,-559.078752,44.7868474533139,148.779165998832,3
15.94,-558.676416,43.5027069007607,144.513508269578,3
15.95,-558.27408,47.5904204446656,158.092205985736,3
15.96,-557.871744,32.5538913200543,108.149696770007,3
15.97,-557.469408,43.382161742706,144.113084047869,3
15.98,-557.067072,39.0709898798007,129.792805664514,3
15.99,-556.664736,25.4435312519641,84.5627154120229,3
16,-556.2624,33.248343917138,110.455434884434,3
16.01,-555.860064,30.9742984892545,102.90591552148,3
16.02,-555.457728,42.8318884158695,142.285205064321,3
16.03,-555.055392,27.4649932119405,91.2625722032986,3
16.04,-554.653056,16.9105183177844,56.4664213549916,3
16.05,-554.25072,20.261087410935,67.4410917885579,3
16.06,-553.848384,31.2235392870526,103.733233079302,3
16.07,-553.446048,32.5036931256734,107.983035079773,3
16.08,-553.043712,10.8079544748848,37.0539020448934,3
16.09,-552.641376,32.0821684147193,106.583586022559,3
16.1,-552.23904,33.7290522748422,112.051598280849,3
16.11,-551.836704,38.6540500205818,128.40794145278,3
16.12,-551.434368,10.9098274695168,37.3666531693629,3
16.13,-551.032032,32.6247622538521,108.384995290336,3
16.14,-550.629696,27.9345278622882,92.8196867603192,3
16.15,-550.22736,31.9600785226151,106.178266686599,3
16.16,-549.825024,27.610389462369,91.7447180717406,3
16.17,-549.422688,24.9351179258945,82.8789033401425,3
16.18,-549.020352,28.5615625180412,94.8995347592043,3
16.19,-548.618016,13.8071370692127,46.4545861400456,3
16.2,-548.21568,20.7515999659787,69.0561584336295,3
16.21,-547.813344,14.3625192186556,48.2301623421944,3
16.22,-547.411008,7.87568915942337,28.3421179291591,3
16.23,-547.008672,19.9157983433133,66.3051991531445,3
16.24,-546.606336,18.2179673506393,60.7346141728879,3
16.25,-546.204,3.70026546335685,17.4173537763356,3
16.26,-545.801664,20.4772676371201,68.1526902149502,3
16.27,-545.399328,18.4489609588303,61.4908572629306,3
16.28,-544.996992,27.1879508397478,90.3439577961977,3
16.29,-544.594656,23.249984416389,77.3028769977698,3
16.3,-544.19232,23.0300077416628,76.5756597801167,3
16.31,-543.789984,17.6512186567037,58.8817478176278,3
16.32,-543.387648,16.4583400086354,54.9958836424597,3
16.33,-542.985312,11.2151937097316,38.3073875633903,3
16.34,-542.582976,31.9369647121008,106.101533262946,3
16.35,-542.18064,22.0706153246027,73.4062800559079,3
16.36,-541.778304,35.4696502459319,117.831721668296,3
16.37,-541.375968,29.8428917052991,99.1508910469326,3
16.38,-540.973632,15.0363385564956,50.3951054718419,3
16.39,-540.571296,26.5601543257873,88.2627413886575,3
16.4,-540.16896,15.6723927567004,52.4481455634297,3
16.41,-539.766624,23.2513741867673,77.3074719772322,3
16.42,-539.364288,26.969368431386,89.6192629050253,3
16.43,-538.961952,28.6032721679243,95.0378994449817,3
16.44,-538.559616,22.2509335415178,74.0016638581072,3
16.45,-538.15728,19.9840829363541,66.5297639558287,3
16.46,-537.754944,23.8284562198349,79.2160435539995,3
16.47,-537.352608,16.4592131874912,54.9987201722083,3
16.48,-536.950272,19.9188561990979,66.3152546427789,3
16.49,-536.547936,13.5934265792468,45.7737012212367,3
16.5,-536.1456,17.2679596379308,57.6310448540243,3
16.51,-535.743264,16.0215963540867,53.5787494256664,3
16.52,-535.340928,27.1049169467334,90.0686562686862,3
16.53,-534.938592,21.5350881723922,71.6389734746149,3
16.54,-534.536256,21.5136315181806,71.5681942882221,3
16.55,-534.13392,32.089661870335,106.608463354228,3
16.56,-533.731584,17.4511419299223,58.2285872417862,3
16.57,-533.329248,15.4810563642563,51.8296669888958,3
16.58,-532.926912,23.2644946530296,77.3508523425565,3
16.59,-532.524576,24.4552071417234,81.2900666276585,3
16.6,-532.12224,29.266873512882,97.2395192428038,3
16.61,-531.719904,15.0568739152804,50.4612530141269,3
16.62,-531.317568,17.9132411140225,59.7378986631772,3
16.63,-530.915232,23.6861127131088,78.7451710728925,3
16.64,-530.512896,13.6088700346095,45.8228580618184,3
16.65,-530.11056,20.8310851969454,69.3180202079856,3
16.66,-529.708224,22.5785707929892,75.0838436161898,3
16.67,-529.305888,13.2135842826775,44.5670199321024,3
16.68,-528.903552,36.4760763906177,121.174150220428,3
16.69,-528.501216,12.797464105592,43.2506141384379,3
16.7,-528.09888,12.4218454949363,42.0677150267635,3
16.71,-527.696544,25.2887675415833,84.0500915645815,3
16.72,-527.294208,29.985318996984,99.6235421548542,3
16.73,-526.891872,28.3228061000834,94.1075369682207,3
16.74,-526.489536,18.087761559403,60.3085985053974,3
16.75,-526.0872,27.1973649754916,90.3751713014604,3
16.76,-525.684864,21.1868031351233,70.4903937287278,3
16.77,-525.282528,21.5085949243777,71.5515804024881,3
16.78,-524.880192,27.1875664278291,90.3426832429113,3
16.79,-524.477856,31.4750080589732,104.567982345326,3
16.8,-524.07552,24.6979982320942,82.0937989191674,3
16.81,-523.673184,4.73828663042501,19.918044693707,3
16.82,-523.270848,19.0865208746127,63.5810022755372,3
16.83,-522.868512,12.5855560541405,42.5826177569373,3
16.84,-522.466176,15.1770752768884,50.8486285849185,3
16.85,-522.06384,1.07492710495918,11.8956119497738,3
16.86,-521.661504,18.7448717065033,62.4604552836387,3
16.87,-521.259168,13.6088966159759,45.8229426771598,3
16.88,-520.856832,11.8179029603908,40.1775580464129,3
16.89,-520.454496,20.9911834372723,69.8455776440935,3
16.9,-520.05216,6.70741409872424,25.0724744533248,3
16.91,-519.649824,2.0678875301521,13.8397373708741,3
16.92,-519.247488,0.0214736966789915,10.0357111270273,4
16.93,-518.845152,23.5342708963425,78.2429507189091,3
16.94,-518.442816,9.83534850915178,34.0979452424082,3
16.95,-518.04048,11.5383329757318,39.3079455616747,3
16.96,-517.638144,3.79850174881079,17.646881877378,3
16.97,-517.235808,19.6087206081982,65.2957734116902,3
16.98,-516.833472,7.64218264111422,27.677742057196,3
16.99,-516.431136,7.07652055822534,26.0903665481952,3
17,-516.0288,16.088770057815,53.7964951218068,3
17.01,-515.626464,14.8365313545812,49.7519986899316,3
17.02,-515.224128,15.2240737415698,51.0001779712343,3
17.03,-514.821792,15.2684779155067,51.1434058579197,3
17.04,-514.419456,2.17156465331347,14.0531510844748,2
17.05,-514.01712,1.65888025877652,13.016871555016,3
17.06,-513.614784,12.0056620723713,40.7635456988625,3
17.07,-513.212448,12.2277713117012,41.4586757953284,3
17.08,-512.810112,14.104163267288,47.4031291731065,3
17.09,-512.407776,11.5976414883878,39.4921275368397,3
17.1,-512.00544,13.9928600597566,47.0473930708406,3
17.11,-511.603104,13.8934323120053,46.7299073832658,3
17.12,-511.200768,11.6185490372097,39.5570946509261,3
17.13,-510.798432,6.23718524754618,23.7977075473872,3
17.14,-510.396096,6.71977058914698,25.1063104268244,3
17.15,-509.99376,4.30311502181457,18.849753077815,3
17.16,-509.591424,-0.0403202237575195,9.93318499703366,3
17.17,-509.189088,11.4195165051413,38.9394601673989,3
17.18,-508.786752,-0.478802287350004,9.22663490775916,2
17.19,-508.384416,-0.374406166618804,9.39152366643297,4
17.2,-507.98208,12.021777126639,40.8139109400063,3
17.21,-507.579744,2.36997082604586,14.4669363033882,3
17.22,-507.177408,1.06905159432244,11.884654584852,3
17.23,-506.775072,2.53335076282661,14.8129269646558,3
17.24,-506.372736,8.95241964943964,31.4677454010906,3
17.25,-505.9704,0.341842501523641,10.5789581766885,3
17.26,-505.568064,5.21777913332188,21.1266505237914,3
17.27,-505.165728,-0.99695823016205,8.43891228767961,4
17.28,-504.763392,9.23218104621247,32.2951101595979,3
17.29,-504.361056,6.09871227157124,23.4272398828167,3
17.3,-503.95872,6.24585364004009,23.8209749644725,3
17.31,-503.556384,-1.03629751077597,8.38118417340356,4
17.32,-503.154048,2.44559891315022,14.6265077335345,2
17.33,-502.751712,9.8193787609616,34.0498947874645,3
17.34,-502.349376,2.79215326620335,15.3705800062704,3
17.35,-501.94704,11.9393714170044,40.5564808685184,3
17.36,-501.544704,0.622408853081348,11.0708067718668,2
17.37,-501.142368,8.3191515389734,29.6175472553841,3
17.38,-500.740032,12.1681484614301,41.2718742473798,3
17.39,-500.337696,11.6563576520746,39.6746304613719,3
17.4,-499.93536,4.66496558396749,19.7361042039844,2
17.41,-499.533024,23.2000564602183,77.1378054650513,3
17.42,-499.130688,1.27367877040697,12.2700904933341,2
17.43,-498.728352,4.95333436833385,20.4561085193739,3
17.44,-498.326016,9.67796415681308,33.6251339626548,3
17.45,-497.92368,7.28580488117045,26.6739112067287,3
17.46,-497.521344,10.8852693895134,37.2912088107407,3
17.47,-497.119008,4.27469973688161,18.7809774740681,3
17.48,-496.716672,-0.769309265852997,8.77871829259195,3
17.49,-496.314336,4.83221893590079,20.152260389321,3
17.5,-495.912,17.2658382935002,57.6241276894597,3
17.51,-495.509664,17.8299963235892,59.465807259022,3
17.52,-495.107328,15.4904580465995,51.8600398655216,3
17.53,-494.704992,15.6255447276546,52.2966456677334,3
17.54,-494.302656,15.3402964329921,51.3751494039827,3
17.55,-493.90032,10.3026059130161,35.5110061645651,3
17.56,-493.497984,23.9530641258452,79.6282989763643,3
17.57,-493.095648,28.473194845496,94.6063961278889,3
17.58,-492.693312,15.2842651050217,51.1943384382239,3
17.59,-492.290976,22.9819757508834,76.4168955733993,3
17.6,-491.88864,23.7425008956345,78.9316954969805,3
17.61,-491.486304,10.7996264302631,37.0283595578508,3
17.62,-491.083968,11.1298359515477,38.0439464335017,3
17.63,-490.681632,17.8519702732124,59.5376224963002,3
17.64,-490.279296,17.6422670353056,58.852513766115,3
17.65,-489.87696,25.4153852748428,84.4694835662404,3
17.66,-489.474624,16.6194437618186,55.519441582126,3
17.67,-489.072288,18.1734333687438,60.5888834058655,3
17.68,-488.669952,16.4374404830443,54.927995103627,3
17.69,-488.267616,-0.138307747206611,9.77210470706382,3
17.7,-487.86528,18.3430930148156,61.1441871794383,3
17.71,-487.462944,3.16050874968554,16.1841903642379,3
17.72,-487.060608,-0.747822372489794,8.8112983236216,4
17.73,-486.658272,8.56139727497119,30.3214540655026,3
17.74,-486.255936,1.12190574509515,11.9834571333772,3
17.75,-485.8536,1.28632508911128,12.294168786774,3
17.76,-485.451264,4.65490780710826,19.7112073349103,4
17.77,-485.048928,12.167039342326,41.2684007028293,3
17.78,-484.646592,11.4522575329157,39.0409329339651,3
17.79,-484.244256,18.5867222529446,61.9421416896391,3
17.8,-483.84192,11.6502667489689,39.6556912093371,3
17.81,-483.439584,7.10178427128814,26.1605682917751,3
17.82,-483.037248,0.283860979702446,10.4791857067763,3
17.83,-482.634912,7.24827043637386,26.5689231558005,3
17.84,-482.232576,17.099162289832,57.0808366002642,3
17.85,-481.83024,17.8243414591546,59.4473269894767,3
17.86,-481.427904,11.8554379170102,40.2945799029903,3
17.87,-481.025568,4.96971800037419,20.497369721077,3
17.88,-480.623232,14.0882701461423,47.3523121048444,3
17.89,-480.220896,8.07474678912868,28.912457311825,3
17.9,-479.81856,12.9294330435323,43.667446320204,3
17.91,-479.416224,9.94369031802828,34.4243652033153,3
17.92,-479.013888,9.01396338495711,31.6492503845897,3
17.93,-478.611552,16.9240339480687,56.5104244456338,3
17.94,-478.209216,10.5343941068678,36.2168806637596,3
17.95,-477.80688,9.503336190027,33.1024681913093,3
17.96,-477.404544,19.6244636150597,65.3475054802832,3
17.97,-477.002208,4.69067911653726,19.7998218183271,3
17.98,-476.599872,20.0255270820564,66.6660768016071,3
17.99,-476.197536,5.67568636994435,22.3100540552311,3
18,-475.7952,7.64469692426331,27.6848682583161,3
18.01,-475.392864,11.5157039983251,39.2377148487553,3
18.02,-474.990528,12.1703429111958,41.2787469852948,3
18.03,-474.588192,12.7143589570061,42.9884442599735,3
18.04,-474.185856,6.45670402104312,24.3896508514735,3
18.05,-473.78352,12.9093932620796,43.6041094267929,3
18.06,-473.381184,11.9599080557343,40.6206087164103,3
18.07,-472.978848,18.618131754336,62.0450618911961,3
18.08,-472.576512,19.1794893013971,63.8861113914189,3
18.09,-472.174176,18.2740146074065,60.9180519155729,3
18.1,-471.77184,10.0129594374438,34.6334581443881,3
18.11,-471.369504,15.5946777635782,52.1968500458428,3
18.12,-470.967168,18.6345522763265,62.0988713978033,3
18.13,-470.564832,17.6873412360329,58.9997266328134,3
18.14,-470.162496,24.1158001370172,80.1667694196312,3
18.15,-469.76016,16.8789586518491,56.3636826171542,3
18.16,-469.357824,10.1591024915543,35.0755874621291,3
18.17,-468.955488,7.16273327104285,26.33020463124,3
18.18,-468.553152,18.9152822576216,63.0192311607891,3
18.19,-468.150816,19.9653266823753,66.4680774972102,3
18.2,-467.74848,12.0688815953405,40.9611922263896,3
18.21,-467.346144,19.4420292353018,64.7481457111896,3
18.22,-466.943808,16.5495512377813,55.2922518382995,3
18.23,-466.541472,24.4498139129142,81.2722147466471,3
18.24,-466.139136,18.7730977769853,62.5529888532715,3
18.25,-465.7368,15.0337826766854,50.3868732552924,3
18.26,-465.334464,24.388379563473,81.0688693246076,3
18.27,-464.932128,23.1725098416154,77.0467348497959,3
18.28,-464.529792,23.3900003148072,77.7658441375582,3
18.29,-464.127456,21.9514760783815,73.0129833543184,3
18.3,-463.72512,20.8142610299016,69.2625901812675,3
18.31,-463.322784,21.4158154097335,71.2455589690909,3
18.32,-462.920448,20.7993282185604,69.2133930203888,3
18.33,-462.518112,19.9403357227234,66.3858901755937,3
18.34,-462.115776,23.5751256116897,78.3780711367343,3
18.35,-461.71344,28.3540225826657,94.2110840697607,3
18.36,-461.311104,18.6336828265617,62.0960221707222,3
18.37,-460.908768,22.806992609451,75.8385840643026,3
18.38,-460.506432,7.11041871980819,26.1845766280657,3
18.39,-460.104096,22.4490741377837,74.6560630695208,3
18.4,-459.70176,24.4878244978837,81.3980335367386,3
18.41,-459.299424,23.4952354379744,78.1138524401877,3
18.42,-458.897088,26.4005923658501,87.7338774393152,3
18.43,-458.494752,20.1982652968811,67.234362068628,3
18.44,-458.092416,20.9507903394639,69.7124591666818,3
18.45,-457.69008,18.1895475255881,60.6416119877256,3
18.46,-457.287744,27.9852317193812,92.9878523281629,3
18.47,-456.885408,26.9779314891377,89.6476517791717,3
18.48,-456.483072,-0.79706056438665,8.73676932534292,4
18.49,-456.080736,10.7384816417978,36.8409413222463,3
18.5,-455.6784,10.0556829015289,34.7625725689288,3
18.51,-455.276064,19.7372749303864,65.7182661375609,3
18.52,-454.873728,6.2792710896447,23.9107562860579,3
18.53,-454.471392,21.5368886985782,71.6449129915793,3
18.54,-454.069056,30.0455340506461,99.8233731093613,3
18.55,-453.66672,20.4739471897961,68.141757910752,3
18.56,-453.264384,15.0850489562507,50.5520245423992,3
18.57,-452.862048,18.2297645795101,60.7732225596212,3
18.58,-452.459712,13.0076969319233,43.9149390492005,3
18.59,-452.057376,7.0258696672189,25.9498217781857,3
18.6,-451.65504,6.73176565726006,25.1391728755511,3
18.61,-451.252704,1.63157271033362,12.9630247861542,4
18.62,-450.850368,5.10761938188104,20.8461495902887,3
18.63,-450.448032,3.02570253411441,15.8837559985894,3
18.64,-450.045696,-0.917063602010876,8.55705226134379,3
18.65,-449.64336,9.69120541209833,33.6648497083492,4
18.66,-449.241024,6.7532393984018,25.1980433770653,4
18.67,-448.838688,20.3684976478685,67.7946127588664,3
18.68,-448.436352,0.724992316805949,11.2543833276011,3
18.69,-448.034016,5.39682383526802,21.5860641171048,3
18.7,-447.63168,-0.206291069356664,9.66142646583531,4
18.71,-447.229344,4.97989084113698,20.5230083470501,3
18.72,-446.827008,6.13765021157885,23.5311809515081,4
18.73,-446.424672,6.77776895466397,25.2653535509809,3
18.74,-446.022336,8.69771515404532,30.7196913542323,3
18.75,-445.62,2.2438688811605,14.203129669995,3
18.76,-445.217664,7.32644306773123,26.787741890007,3
18.77,-444.815328,15.5211426119406,51.9591813231561,3
18.78,-444.412992,9.77705800746927,33.9226391037107,3
18.79,-444.010656,10.1736225213786,35.1195873290063,3
18.8,-443.60832,10.227705563244,35.2835877021854,3
18.81,-443.205984,17.2342264222612,57.5210568096109,3
18.82,-442.803648,1.00761446587143,11.7704688524528,2
18.83,-442.401312,-0.754440940914135,8.80125341848699,2
18.84,-441.998976,6.58014051780274,24.724950023824,3
18.85,-441.59664,6.65707126288765,24.934795185727,3
18.86,-441.194304,7.17403881804952,26.3617131552389,3
18.87,-440.791968,4.56025329390856,19.4776235010444,3
18.88,-440.389632,11.3542605068658,38.7373690277326,3
18.89,-439.987296,3.26318963167446,16.4150788757047,3
18.9,-439.58496,7.10859701638382,26.1795106810721,3
18.91,-439.182624,-1.47199524494267,7.76125558742515,3
18.92,-438.780288,5.29202354656196,21.3166319895128,3
18.93,-438.377952,2.82487920617506,15.4419244508891,3
18.94,-437.975616,5.29509165842575,21.3244989000108,3
18.95,-437.57328,11.7058489394436,39.8285830502696,3
18.96,-437.170944,2.97419607623462,15.7697795620564,3
18.97,-436.768608,18.9037118212295,62.9812828048545,3
18.98,-436.366272,14.8423727128097,49.7707867564968,3
18.99,-435.963936,10.0508131914169,34.747850052957,3
19,-435.5616,-1.79373885644043,7.32613620135681,2
19.01,-435.159264,0.589608464765928,11.0125316147913,3
19.02,-434.756928,9.87733576507885,34.2243574777865,3
19.03,-434.354592,5.07157692270116,20.7547363185847,3
19.04,-433.952256,4.49375226229043,19.3143017009388,3
19.05,-433.54992,2.32761662906495,14.3780146943962,3
19.06,-433.147584,4.96358889397205,20.4819295241604,3
19.07,-432.745248,8.32380810495604,29.6310314187951,3
19.08,-432.342912,8.77924611131575,30.9585888661347,3
19.09,-431.940576,1.36962240863564,12.4535119253582,2
19.1,-431.53824,-0.653025167728221,8.95608361223631,2
19.11,-431.135904,4.08585745738944,18.3270333460129,3
19.12,-430.733568,3.98042016194304,18.0759697421722,3
19.13,-430.331232,0.417032477587021,10.7092981670325,4
19.14,-429.928896,0.366025867002345,10.6207617315884,4
19.15,-429.52656,2.48961555214499,14.7198465489765,4
19.16,-429.124224,0.972897843040418,11.7062601148783,3
19.17,-428.721888,6.16534744611055,23.6052272137977,3
19.18,-428.319552,1.62397114972357,12.9480600338879,3
19.19,-427.917216,11.4239295226223,38.9531342377978,2
19.2,-427.51488,-0.579060966142097,9.07023690699443,3
19.21,-427.112544,14.3359510883792,48.1450321599451,3
19.22,-426.710208,4.1421798441816,18.4618509865348,3
19.23,-426.307872,4.48237923600049,19.286435747258,3
19.24,-425.905536,5.84278892587978,22.7486912466082,3
19.25,-425.5032,0.410151619912983,10.697325518087,4
19.26,-425.100864,4.06992974316368,18.2889962810492,3
19.27,-424.698528,6.28347497903986,23.9220600529629,4
19.28,-424.296192,1.62423416939369,12.9485776472582,4
19.29,-423.893856,2.36113670289869,14.4483629433422,2
19.3,-423.49152,0.644354134119719,11.1099103765448,4
19.31,-423.089184,1.70056733288,13.0993379435716,4
19.32,-422.686848,2.71737527019127,15.2082547016051,4
19.33,-422.284512,-0.138780447478937,9.77133209117375,4
19.34,-421.882176,1.8777533314214,13.4534136633688,4
19.35,-421.47984,-0.607932720464827,9.02555357438985,2
19.36,-421.077504,3.11871487792127,16.0907188794194,3
19.37,-420.675168,-1.78353268721699,7.33964595664622,4
19.38,-420.272832,8.77812634027732,30.9553042007539,3
19.39,-419.870496,3.83408105203987,17.730391475262,4
19.4,-419.46816,5.40163016359824,21.5984559222982,2
19.41,-419.065824,-0.315804855155943,9.48499311035143,3
19.42,-418.663488,0.714337000067996,11.2352222097674,3
19.43,-418.261152,-2.55973687872462,6.36598466996186,3
19.44,-417.858816,1.43984621507524,12.5888518812471,3
19.45,-417.45648,-2.26910612599841,6.71789170573281,2
19.46,-417.054144,11.3844503619141,38.8308383421863,3
19.47,-416.651808,4.24216770877517,18.702388005906,3
19.48,-416.249472,2.84529396349919,15.4865233162428,3
19.49,-415.847136,6.78452457100033,25.2839028615706,4
19.5,-415.4448,6.79231321140847,25.3052948172809,3
19.51,-415.042464,-2.088625774698,6.94400615363659,3
19.52,-414.640128,14.2900888480261,47.9981229735877,3
19.53,-414.237792,1.58078843368267,12.8632513394841,4
19.54,-413.835456,14.5070926558896,48.6937275049383,4
19.55,-413.43312,0.161692890569515,10.2710656905117,4
19.56,-413.030784,3.9392034078798,17.9782965882421,3
19.57,-412.628448,11.6236498599798,39.5729477653193,4
19.58,-412.226112,2.64289961490753,15.0475509077472,3
19.59,-411.823776,4.56193430084731,19.4817603718376,4
19.6,-411.42144,4.32033255574873,18.8914852937584,3
19.61,-411.019104,7.51137734943458,27.3078435913496,4
19.62,-410.616768,13.8217321138976,46.5011357561619,4
19.63,-410.214432,13.2147142711191,44.5706027459843,4
19.64,-409.812096,9.32448585812592,32.5693572525806,4
19.65,-409.40976,18.2490170334137,60.8362327397127,4
19.66,-409.007424,17.1362899754214,57.2018226640273,4
19.67,-408.605088,6.01219339010646,23.1969445825661,4
19.68,-408.202752,15.9550665740542,53.3631719604494,4
19.69,-407.800416,3.31435441388666,16.5307847075139,4
19.7,-407.39808,9.0482262781075,31.7504231930991,4
19.71,-406.995744,19.560974489086,65.1388904453961,4
19.72,-406.593408,9.66100458002238,33.5742827023581,4
19.73,-406.191072,19.1295810199925,63.7223097335554,4
19.74,-405.788736,17.63570631756,58.8310885339739,4
19.75,-405.3864,17.8779093052668,59.6224039542623,4
19.76,-404.984064,30.893447123951,102.637549544009,4
19.77,-404.581728,24.6049002812525,81.7855903280594,4
19.78,-404.179392,19.1804031680893,63.8891109611914,4
19.79,-403.777056,24.5754620983409,81.6881374716136,4
19.8,-403.37472,44.6131520620457,148.202181950698,4
19.81,-402.972384,35.2226285280469,117.011372859502,4
19.82,-402.570048,48.447507778656,160.939343479872,4
19.83,-402.167712,51.0797681596044,169.683429440994,4
19.84,-401.765376,62.9491439936474,209.112537297377,4
19.85,-401.36304,56.6481392823391,188.181076619865,4
19.86,-400.960704,64.9706552212876,215.827849515968,4
19.87,-400.558368,60.9779091234463,202.564241002834,4
19.88,-400.156032,51.7271908435415,171.83410546182,4
19.89,-399.753696,60.5697932643594,201.208510599439,4
19.9,-399.35136,66.8651613989524,222.121261189687,4
19.91,-398.949024,59.1042480115665,196.340079728476,4
19.92,-398.546688,55.8059237796786,185.383303959829,4
19.93,-398.144352,47.0234502475424,156.208806798392,4
19.94,-397.742016,39.6334229085967,131.660950727574,4
19.95,-397.33968,17.6578025046567,58.9032498847122,4
19.96,-396.937344,54.2057688794671,180.067721322494,4
19.97,-396.535008,52.413629012437,174.114389529495,4
19.98,-396.132672,51.5274903685768,171.170719404582,4
19.99,-395.730336,45.1841882232939,150.099061573088,4
20,-395.328,40.6444929799058,135.019326806305,4
