time_s,ue_x_m,SINR_dB,throughput_Mbps,serving_idx
0,-1200,25.010424519278,83.1282728831885,1
0.01,-1199.32944,23.9239793356778,79.5320699517541,1
0.02,-1198.65888,24.6935944206697,82.0792192245585,1
0.03,-1197.98832,33.8038473639544,112.299957851025,1
0.04,-1197.31776,27.4492327790637,91.2103110358352,1
0.05,-1196.6472,24.8233334638456,82.5087669091668,1
0.06,-1195.97664,27.0202305516605,89.7878863582671,1
0.07,-1195.30608,28.7904512368869,95.6588565346515,1
0.08,-1194.63552,30.4080684689249,101.026544097484,1
0.09,-1193.96496,26.6165174845082,88.4495659195083,1
0.1,-1193.2944,29.8111201464683,99.0454579309163,1
0.11,-1192.62384,34.4173974447586,114.337335749214,1
0.12,-1191.95328,29.6181732198254,98.4051859245403,1
0.13,-1191.28272,26.8920204866051,89.3628384652887,1
0.14,-1190.61216,19.6938657389981,65.5755872913453,1
0.15,-1189.9416,21.6960628166599,72.1700584047838,1
0.16,-1189.27104,30.0629474471823,99.8811620887855,1
0.17,-1188.60048,19.1902240475869,63.9213463492256,1
0.18,-1187.92992,26.0363696958078,86.5268399458737,1
0.19,-1187.25936,19.3160777935688,64.3345163034997,1
0.2,-1186.5888,16.8437198759329,56.2489847141909,1
0.21,-1185.91824,21.5663093198816,71.7419672026829,1
0.22,-1185.24768,18.3905731544797,61.2996484526025,1
0.23,-1184.57712,17.1233564540156,57.1596746331448,1
0.24,-1183.90656,26.0426758882582,86.5477366491142,1
0.25,-1183.236,30.1915909729242,100.308092015682,1
0.26,-1182.56544,26.767627693989,88.9504702448766,1
0.27,-1181.89488,28.8642141021373,95.9035708928017,1
0.28,-1181.22432,27.2711544969025,90.6198322515027,1
0.29,-1180.55376,22.7622602400889,75.6907648703289,1
0.3,-1179.8832,24.3855707120268,81.0595723786319,1
0.31,-1179.21264,33.4774304234,111.216093073337,1
0.32,-1178.54208,29.672522538141,98.5855347562503,1
0.33,-1177.87152,25.3155572831268,84.1388234233312,1
0.34,-1177.20096,30.8273775682317,102.418251117104,1
0.35,-1176.5304,32.9544519315143,109.47962470895,1
0.36,-1175.85984,13.0998485810322,44.2066211113232,1
0.37,-1175.18928,32.0658905691582,106.529545710925,1
0.38,-1174.51872,27.4652818325267,91.2635292644935,1
0.39,-1173.84816,32.5051320430175,107.987812375981,1
0.4,-1173.1776,18.4735057087479,61.5712474328305,1
0.41,-1172.50704,8.94387616924084,31.4425718070154,1
0.42,-1171.83648,29.2880233058421,97.3096944562263,1
0.43,-1171.16592,26.6461808315883,88.5478918586204,1
0.44,-1170.49536,30.0003544484337,99.6734388643421,1
0.45,-1169.8248,32.9123093743748,109.339701376495,1
0.46,-1169.15424,21.697502899759,72.1748101080261,1
0.47,-1168.48368,23.7310089314496,78.8936808145704,1
0.48,-1167.81312,30.8218664295894,102.399958639817,1
0.49,-1167.14256,31.1037657114837,103.335658009459,1
0.5,-1166.472,26.7810037798587,88.9948114488745,1
0.51,-1165.80144,31.7330877996516,105.424712439373,1
0.52,-1165.13088,25.6620002142702,85.2864382885359,1
0.53,-1164.46032,34.6602319168315,115.143730793501,1
0.54,-1163.78976,19.538913791686,65.0664103372021,1
0.55,-1163.1192,25.5276241555003,84.8412782702914,1
0.56,-1162.44864,17.4342348300846,58.1734171828215,1
0.57,-1161.77808,33.2118633928487,110.33430678113,1
0.58,-1161.10752,42.1442433590856,140.001026567704,1
0.59,-1160.43696,32.4010873259549,107.642379671693,1
0.6,-1159.7664,31.3659669453099,104.206016600104,1
0.61,-1159.09584,37.4419621629239,124.382105832248,1
0.62,-1158.42528,39.3255415556112,130.638306321298,1
0.63,-1157.75472,15.2494642769962,51.082071214628,1
0.64,-1157.08416,23.9605430956003,79.6530440793502,1
0.65,-1156.4136,39.2583964510356,130.415281363883,1
0.66,-1155.74304,21.6285729439261,71.9473805221447,1
0.67,-1155.07248,44.7206637606896,148.559315888805,1
0.68,-1154.40192,37.2270696796171,123.668380317864,1
0.69,-1153.73136,28.1052767605549,93.3860088091339,1
0.7,-1153.0608,36.89883275187,122.578215283159,1
0.71,-1152.39024,33.5372149262056,111.414604369793,1
0.72,-1151.71968,37.3189396333744,123.973508525457,1
0.73,-1151.04912,42.489041011722,141.146352375563,1
0.74,-1150.37856,44.6307339959868,148.260585856145,1
0.75,-1149.708,38.0348202190544,126.351205949717,1
0.76,-1149.03744,39.916118737171,132.599947027527,1
0.77,-1148.36688,45.9626529906138,152.684993798845,1
0.78,-1147.69632,38.3829508669582,127.507496229016,1
0.79,-1147.02576,43.2739930315335,143.753772065649,1
0.8,-1146.3552,55.4009633334016,184.038058179543,1
0.81,-1145.68464,47.4785828216427,157.720695998142,1
0.82,-1145.01408,46.2276785406318,153.565367981264,1
0.83,-1144.34352,44.4430951559536,147.637285051816,1
0.84,-1143.67296,37.1496732986863,123.411324218612,1
0.85,-1143.0024,33.6666247918937,111.844307142285,1
0.86,-1142.33184,41.7529613243385,138.701298795099,1
0.87,-1141.66128,39.2128289236165,130.263927362565,1
0.88,-1140.99072,28.8142851344742,95.7379268503736,1
0.89,-1140.32016,44.2054839055293,146.847986728666,1
0.9,-1139.6496,38.489134826855,127.860181150212,1
0.91,-1138.97904,45.795647586209,152.130228183132,1
0.92,-1138.30848,48.1502530661386,159.951899311009,1
0.93,-1137.63792,46.3969360072222,154.127615970887,1
0.94,-1136.96736,41.8726289685168,139.098799918138,1
0.95,-1136.2968,41.0965713710127,136.520975769713,1
0.96,-1135.62624,45.6750212010579,151.729526703286,1
0.97,-1134.95568,52.9990790595198,176.059202052162,1
0.98,-1134.28512,44.2986791610629,147.15756303665,1
0.99,-1133.61456,37.9084827042375,125.931588752542,1
1,-1132.944,38.1645774039889,126.782183230275,1
1.01,-1132.27344,45.3299104219723,150.583125810517,1
1.02,-1131.60288,43.8203515456013,145.568655518438,1
1.03,-1130.93232,43.9702212484632,146.066491591057,1
1.04,-1130.26176,46.3833004338597,154.082320616665,1
1.05,-1129.5912,45.4271765175922,150.906227421537,1
1.06,-1128.92064,44.0522672920073,146.339031826053,1
1.07,-1128.25008,47.1846525572133,156.744298847723,1
1.08,-1127.57952,42.0459286896329,139.674452464733,1
1.09,-1126.90896,42.5173321193774,141.240328120142,1
1.1,-1126.2384,39.9938106042725,132.85800774818,1
1.11,-1125.56784,44.9238141178516,149.234144534178,1
1.12,-1124.89728,39.3159824463244,130.606555360218,1
1.13,-1124.22672,39.2659862465236,130.440491130961,1
1.14,-1123.55616,31.8480828078597,105.806464811883,1
1.15,-1122.8856,40.2931724386463,133.852370012759,1
1.16,-1122.21504,35.5951929886059,118.248648996107,1
1.17,-1121.54448,31.7915560845755,105.61881052001,1
1.18,-1120.87392,38.2014979441712,126.904811976683,1
1.19,-1120.20336,42.0438932769655,139.667691392414,1
1.2,-1119.5328,38.3049159104189,127.248307665952,1
1.21,-1118.86224,43.9443112538766,145.980423912404,1
1.22,-1118.19168,49.5711914626347,164.67209285707,1
1.23,-1117.52112,37.2042530162896,123.592599390721,1
1.24,-1116.85056,43.1050992812467,143.192746090322,1
1.25,-1116.18,50.5519699338328,167.930136225382,1
1.26,-1115.50944,27.5740105845044,91.6240800775827,1
1.27,-1114.83888,43.6322252391247,144.943739954381,1
1.28,-1114.16832,44.1746216561908,146.745468462099,1
1.29,-1113.49776,38.0622690852188,126.442374820697,1
1.3,-1112.8272,45.7904739226223,152.113042097473,1
1.31,-1112.15664,49.071888120498,163.013462458432,1
1.32,-1111.48608,42.6177224268509,141.573799039455,1
1.33,-1110.81552,38.4579763594354,127.756689669774,1
1.34,-1110.14496,28.431216233338,94.4671450715193,1
1.35,-1109.4744,38.1407266272211,126.702964786493,1
1.36,-1108.80384,45.9642695079372,152.690363617134,1
1.37,-1108.13328,48.3990073167,160.778230749046,1
1.38,-1107.46272,41.6049193482072,138.209547405066,1
1.39,-1106.79216,51.3789366572146,170.677238188799,1
1.4,-1106.1216,48.2153678771077,160.168202744061,1
1.41,-1105.45104,37.6606188936913,125.108340127334,1
1.42,-1104.78048,30.2749405724593,100.584711234491,1
1.43,-1104.10992,43.3727239204479,144.081733721404,1
1.44,-1103.43936,42.9187019779575,142.573578601056,1
1.45,-1102.7688,42.9621184810466,142.717797774478,1
1.46,-1102.09824,39.3806703714524,130.82141903094,1
1.47,-1101.42768,37.0043797116164,122.928763964927,1
1.48,-1100.75712,45.1944637690545,150.133195163885,1
1.49,-1100.08656,43.5098833536827,144.537346866872,1
1.5,-1099.416,49.9876413076279,166.055494736871,1
1.51,-1098.74544,41.3929438290716,137.505429837541,1
1.52,-1098.07488,30.7900226066228,102.294263542954,1
1.53,-1097.40432,38.36830481965,127.458850184051,1
1.54,-1096.73376,45.8118830789098,152.184159905149,1
1.55,-1096.0632,38.5168574689216,127.952260776113,1
1.56,-1095.39264,36.2243580774792,120.338153834785,1
1.57,-1094.72208,42.9349405245212,142.627519135735,1
1.58,-1094.05152,48.0797092221153,159.717561350634,1
1.59,-1093.38096,25.2847182039365,84.0366796584388,1
1.6,-1092.7104,37.3907382706922,124.211974588156,1
1.61,-1092.03984,40.3716450383121,134.113026200942,1
1.62,-1091.36928,42.832987631167,142.288856388302,1
1.63,-1090.69872,42.7113824582834,141.884914084116,1
1.64,-1090.02816,43.4341607145571,144.285813012905,1
1.65,-1089.3576,19.9735730301947,66.4951981506282,1
1.66,-1088.68704,35.4721436943635,117.840002375182,1
1.67,-1088.01648,37.3142871157979,123.958056063005,1
1.68,-1087.34592,42.7786091575877,142.108224476273,1
1.69,-1086.67536,36.8395353492132,122.3812740722,1
1.7,-1086.0048,23.7531587540625,78.9669513891117,1
1.71,-1085.33424,28.6063775065059,95.0482009522103,1
1.72,-1084.66368,29.3057321484052,97.3684528730471,1
1.73,-1083.99312,31.1046442268122,103.338574112784,1
1.74,-1083.32256,40.9962489377136,136.187738049223,1
1.75,-1082.652,36.1857704582345,120.20999924472,1
1.76,-1081.98144,38.2666533510378,127.121221054139,1
1.77,-1081.31088,39.3409212708664,130.689390673354,1
1.78,-1080.64032,44.8915952596449,149.127119261055,1
1.79,-1079.96976,40.1564402916494,133.398198779938,1
1.8,-1079.2992,39.259164125101,130.41783121949,1
1.81,-1078.62864,22.3144116817578,74.2112943341177,1
1.82,-1077.95808,30.5407507217385,101.466910189319,1
1.83,-1077.28752,41.1260684856287,136.618955477611,1
1.84,-1076.61696,33.9698233297778,112.851092858125,1
1.85,-1075.9464,39.9372507604507,132.670138950662,1
1.86,-1075.27584,40.288001592771,133.835194440967,1
1.87,-1074.60528,40.4416286277021,134.345485484323,1
1.88,-1073.93472,34.3930227575292,114.256394143827,1
1.89,-1073.26416,45.9790459666039,152.739448709287,1
1.9,-1072.5936,48.152871369774,159.960596994295,1
1.91,-1071.92304,41.3037666922004,137.209211517356,1
1.92,-1071.25248,42.2338055648992,140.298527803535,1
1.93,-1070.58192,41.7791209926132,138.788193545938,1
1.94,-1069.91136,36.6314795884597,121.690274339453,1
1.95,-1069.2408,42.5936613269965,141.493874182305,1
1.96,-1068.57024,38.018497772286,126.296992494897,1
1.97,-1067.89968,41.9902436716772,139.489482461517,1
1.98,-1067.22912,30.7447564658092,102.144018588815,1
1.99,-1066.55856,28.3582449642165,94.2250900673144,1
2,-1065.888,34.3752778545535,114.197468325,1
2.01,-1065.21744,34.5568139738714,114.800302671797,1
2.02,-1064.54688,51.5602031467299,171.279388139801,1
2.03,-1063.87632,42.236986767543,140.309094898411,1
2.04,-1063.20576,45.0352659224428,149.604367651984,1
2.05,-1062.5352,35.5836876727485,118.210439713452,1
2.06,-1061.86464,46.1668494179128,153.363302859815,1
2.07,-1061.19408,48.5575533757112,161.304901879668,1
2.08,-1060.52352,25.9290036519298,86.1710749020464,1
2.09,-1059.85296,43.0212853072045,142.914335847424,1
2.1,-1059.1824,47.5450003413727,157.941326310102,1
2.11,-1058.51184,30.2968482129285,100.657418765425,1
2.12,-1057.84128,32.9992270373867,109.62828948347,1
2.13,-1057.17072,42.9016796952056,142.517034694867,1
2.14,-1056.50016,43.9593002852414,146.030214392495,1
2.15,-1055.8296,45.2971480047805,150.474294618245,1
2.16,-1055.15904,38.7483921555422,128.721296981991,1
2.17,-1054.48848,35.5643305118281,118.146154428685,1
2.18,-1053.81792,44.9085578777044,149.183466035235,1
2.19,-1053.14736,37.2071236783791,123.602133709418,1
2.2,-1052.4768,50.8734647011388,168.998109659837,1
2.21,-1051.80624,36.7418869837583,122.056961128663,1
2.22,-1051.13568,50.1003263969707,166.429822795369,1
2.23,-1050.46512,43.7230882292756,145.245567332164,1
2.24,-1049.79456,36.7577746743183,122.109727741691,1
2.25,-1049.124,42.9349257779051,142.627470151029,1
2.26,-1048.45344,41.6787339132995,138.454737282046,1
2.27,-1047.78288,48.0469289647524,159.608669393588,1
2.28,-1047.11232,45.8807355496551,152.412876909995,1
2.29,-1046.44176,42.3911019122598,140.821024278605,1
2.3,-1045.7712,51.039776650875,169.550581565416,1
2.31,-1045.10064,40.878750784496,135.797449085043,1
2.32,-1044.43008,32.9498368314109,109.464301443174,1
2.33,-1043.75952,36.9637797306604,122.793920751202,1
2.34,-1043.08896,44.5420487264397,147.965990014593,1
2.35,-1042.4184,44.3416576743128,147.300329287576,1
2.36,-1041.74784,40.9973158179507,136.191281866952,1
2.37,-1041.07728,50.7058444970319,168.441292037284,1
2.38,-1040.40672,41.1973833756356,136.85584028549,1
2.39,-1039.73616,50.1292218879784,166.525810603918,1
2.4,-1039.0656,50.943353232232,169.230272451326,1
2.41,-1038.39504,42.6004048047283,141.516274298621,1
2.42,-1037.72448,44.9472349200731,149.311944258038,1
2.43,-1037.05392,44.0164871223258,146.220177369536,1
2.44,-1036.38336,41.9451626622513,139.339736108684,1
2.45,-1035.7128,40.8895151637076,135.833204661809,1
2.46,-1035.04224,51.1609340843618,169.953054723589,1
2.47,-1034.37168,35.4777734423693,117.85869869344,1
2.48,-1033.70112,33.9046583487051,112.634706876229,1
2.49,-1033.03056,45.6098254078026,151.512956872904,1
2.5,-1032.36,40.096523767141,133.199179724628,1
2.51,-1031.68944,34.7354428398267,115.39349139851,1
2.52,-1031.01888,43.8119186244159,145.540643124051,1
2.53,-1030.34832,34.410008068515,114.312797653846,1
2.54,-1029.67776,28.4033246022389,94.3746242812616,1
2.55,-1029.0072,35.7402462176866,118.730374761491,1
2.56,-1028.33664,34.1172392096002,113.340604867038,1
2.57,-1027.66608,23.8274126216629,79.2125910958771,1
2.58,-1026.99552,38.6284582335597,128.322938999163,1
2.59,-1026.32496,50.7854038180486,168.705580155,1
2.6,-1025.6544,28.8085494746004,95.7188984191971,1
2.61,-1024.98384,26.7786370157187,88.9869656970267,1
2.62,-1024.31328,40.9894899203145,136.165286865722,1
2.63,-1023.64272,29.0684041560777,96.5810159960323,1
2.64,-1022.97216,29.5958256807762,98.3310301860204,1
2.65,-1022.3016,6.70742071952851,25.0724925786479,1
2.66,-1021.63104,40.4253353192004,134.291365182979,1
2.67,-1020.96048,38.7573910854459,128.751186796844,1
2.68,-1020.28992,34.1627750246752,113.491813282716,1
2.69,-1019.61936,35.8451828556812,119.078874906418,1
2.7,-1018.9488,49.6281912602092,164.861440009723,1
2.71,-1018.27824,36.5696359745552,121.484879231097,1
2.72,-1017.60768,42.5653963208942,141.399985048411,1
2.73,-1016.93712,56.9869058732953,189.306432533643,1
2.74,-1016.26656,35.7110926065424,118.633554467559,1
2.75,-1015.596,47.8430405412064,158.931377583383,1
2.76,-1014.92544,40.2775466716242,133.800467198496,1
2.77,-1014.25488,41.656138996624,138.37968370598,1
2.78,-1013.58432,41.8307653055006,138.959740918664,1
2.79,-1012.91376,43.4256401156428,144.257509480831,1
2.8,-1012.2432,29.4592664543339,97.8778954867541,1
2.81,-1011.57264,46.4114636009514,154.175874488176,1
2.82,-1010.90208,56.3308891437959,187.127196837104,1
2.83,-1010.23152,61.2210276731226,203.371862716319,1
2.84,-1009.56096,39.0419402874738,129.696316997934,1
2.85,-1008.8904,51.9053635686119,172.425978546863,1
2.86,-1008.21984,53.2768491167177,176.981929728332,1
2.87,-1007.54928,54.971768291604,182.612307433004,1
2.88,-1006.87872,64.0743210694874,212.850292967583,1
2.89,-1006.20816,70.0634475424889,232.745736237832,1
2.9,-1005.5376,61.2657139915722,203.520307341546,1
2.91,-1004.86704,62.3371436067853,207.079517125277,1
2.92,-1004.19648,64.049028139551,212.766271706003,1
2.93,-1003.52592,70.2995454498941,233.530036434356,1
2.94,-1002.85536,77.5255384660484,257.534264556684,1
2.95,-1002.1848,83.9368881178524,278.832306894386,1
2.96,-1001.51424,85.2105225188141,283.063228778744,1
2.97,-1000.84368,91.8740087721769,305.198850939593,1
2.98,-1000.17312,87.7062680918769,291.353916096594,1
2.99,-999.50256,103.115288427837,342.54157364155,1
3,-998.832,98.1880999011209,326.17380764733,1
3.01,-998.16144,81.9218197264547,272.138394626289,1
3.02,-997.49088,76.0940985983576,252.779124343634,1
3.03,-996.82032,76.7318806200207,254.897790311377,1
3.04,-996.14976,54.364190503886,180.593984605353,1
3.05,-995.4792,79.4299525343607,263.860591063967,1
3.06,-994.80864,68.4622811495155,227.42677724629,1
3.07,-994.13808,77.522515522336,257.524222555215,1
3.08,-993.46752,61.1738115642945,203.215014316925,1
3.09,-992.79696,57.9846103463939,192.620729127108,1
3.1,-992.1264,59.7005715668727,198.321021425541,1
3.11,-991.45584,50.0622682415671,166.303397580504,1
3.12,-990.78528,41.2231701076287,136.941495472711,1
3.13,-990.11472,60.4445273014562,200.792386448211,1
3.14,-989.44416,54.9018789744538,182.380140891771,1
3.15,-988.7736,37.6221134174606,124.98044971823,1
3.16,-988.10304,48.5346380347971,161.228779828783,1
3.17,-987.43248,49.3717345247909,164.009518735398,1
3.18,-986.76192,21.5650773458711,71.7379030139114,1
3.19,-986.09136,40.5554556846869,134.723577073153,1
3.2,-985.4208,39.2051256625486,130.238340753037,1
3.21,-984.75024,50.0013163822316,166.100921896547,1
3.22,-984.07968,54.8509380547404,182.210919369972,1
3.23,-983.40912,39.732254833635,131.989227960458,1
3.24,-982.73856,40.964769461165,136.083173834872,1
3.25,-982.068,36.818743239556,122.312218510264,1
3.26,-981.39744,35.0267199992772,116.360778744462,1
3.27,-980.72688,33.4697143353202,111.190472297798,1
3.28,-980.05632,39.2118906026103,130.260810701293,1
3.29,-979.38576,39.5383800836992,131.345260025372,1
3.3,-978.7152,44.5891006753061,148.122287742878,1
3.31,-978.04464,42.5741922983339,141.429203036135,1
3.32,-977.37408,35.8609968680833,119.131394272341,1
3.33,-976.70352,30.5725638726109,101.572498302987,1
3.34,-976.03296,45.1299072429473,149.91874955895,1
3.35,-975.3624,33.4525224549949,111.133387835561,1
3.36,-974.69184,47.4764271967587,157.713535295276,1
3.37,-974.02128,41.3624785929701,137.404233882553,1
3.38,-973.35072,40.7013137767157,135.208065242699,1
3.39,-972.68016,43.1740532821873,143.42179520661,1
3.4,-972.0096,41.4981308669385,137.854828565552,1
3.41,-971.33904,31.7583075817901,105.508434731383,1
3.42,-970.66848,27.239891229711,90.5161729359274,1
3.43,-969.99792,45.3475389706582,150.641684868809,1
3.44,-969.32736,25.1587348490284,83.6194258542099,1
3.45,-968.6568,36.3655840466109,120.807186265196,1
3.46,-967.98624,29.3516182945739,97.5207056461477,1
3.47,-967.31568,46.3737264466245,154.050517251675,1
3.48,-966.64512,33.8066125221674,112.309139684761,1
3.49,-965.97456,51.3025979112389,170.423648226163,1
3.5,-965.304,23.8888939001778,79.4159908421833,1
3.51,-964.63344,48.7775242692764,162.035619438937,1
3.52,-963.96288,50.1570535309812,166.618264426171,1
3.53,-963.29232,54.5317498085951,181.150602568344,1
3.54,-962.62176,41.6030834797025,138.203449203406,1
3.55,-961.9512,26.0779551880584,86.6646423417963,1
3.56,-961.28064,46.4367970039035,154.260028314008,1
3.57,-960.61008,39.0761262932511,129.809866348921,1
3.58,-959.93952,46.8784302696175,155.727070580952,1
3.59,-959.26896,40.4101741272578,134.241005367647,1
3.6,-958.5984,51.5106749064823,171.114860042342,1
3.61,-957.92784,41.7903392179886,138.825457213329,1
3.62,-957.25728,35.7561529248927,118.783201637441,1
3.63,-956.58672,45.0824829615322,149.761214367525,1
3.64,-955.91616,39.5370131448951,131.34071965799,1
3.65,-955.2456,38.7655474946643,128.778278198611,1
3.66,-954.57504,46.7340088265183,155.247322941082,1
3.67,-953.90448,36.8421259653105,122.389878131776,1
3.68,-953.23392,28.1054699168072,93.3866494692772,1
3.69,-952.56336,48.4060997945554,160.801791110146,1
3.7,-951.8928,43.557237846706,144.69464811533,1
3.71,-951.22224,41.6740388809605,138.439141782347,1
3.72,-950.55168,41.6917820699784,138.498079380054,1
3.73,-949.88112,37.7446161387984,125.387325585029,1
3.74,-949.21056,33.9154601416632,112.670575077536,1
3.75,-948.54,39.1777596582958,130.147443804454,1
3.76,-947.86944,49.5557696806795,164.620863372784,1
3.77,-947.19888,37.0747977776545,123.162641475128,1
3.78,-946.52832,42.7072504911711,141.871188721994,1
3.79,-945.85776,28.2223601400925,93.77435865049,1
3.8,-945.1872,32.2702555585019,107.208019635217,1
3.81,-944.51664,28.5418196910114,94.834041924019,1
3.82,-943.84608,23.8556870164039,79.306130377642,1
3.83,-943.17552,31.5635965276532,104.862059597232,1
3.84,-942.50496,26.239831191297,87.2010836390131,1
3.85,-941.8344,31.400370790924,104.32022064643,1
3.86,-941.16384,32.0222700335252,106.384731877107,1
3.87,-940.49328,36.1138808919255,119.97124521395,1
3.88,-939.82272,22.1301901345738,73.6029706098409,1
3.89,-939.15216,25.4229594085932,84.4945722560805,1
3.9,-938.4816,41.6831147203073,138.469289019775,1
3.91,-937.81104,25.9404751060939,86.2090853244691,1
3.92,-937.14048,18.6600798096039,62.1825297329333,1
3.93,-936.46992,27.2769207224091,90.6389514229831,1
3.94,-935.79936,20.2256177664252,67.3243678162651,1
3.95,-935.1288,33.3293028336625,110.724248524365,1
3.96,-934.45824,34.0080621479256,112.97806878339,1
3.97,-933.78768,38.220770521258,126.968824428092,1
3.98,-933.11712,27.5185661359797,91.4402210949043,1
3.99,-932.44656,21.1199049284802,70.2698537454677,1
4,-931.776,9.60253740065407,33.3991247522859,1
4.01,-931.10544,10.8420176503472,37.1584143592101,1
4.02,-930.43488,26.407431596066,87.7565449899019,1
4.03,-929.76432,11.0511906049922,37.8015495986525,1
4.04,-929.09376,22.7022672754935,75.4925292727215,1
4.05,-928.4232,26.7305280792012,88.8274879698743,1
4.06,-927.75264,25.8133992191215,85.7880364288213,1
4.07,-927.08208,29.7014666054112,98.6815816415574,1
4.08,-926.41152,20.6268810711346,68.645356515841,1
4.09,-925.74096,18.6936645553827,62.2926030630392,1
4.1,-925.0704,13.2511809356831,44.686249023562,1
4.11,-924.39984,35.736979210644,118.719524893441,1
4.12,-923.72928,16.3041531282913,54.4952059885143,1
4.13,-923.05872,27.0733062180536,89.9638525653517,1
4.14,-922.38816,21.5561322218268,71.7083939681017,1
4.15,-921.7176,19.8714826378612,66.1594789027462,1
4.16,-921.04704,19.9312364844495,66.3559668509037,1
4.17,-920.37648,17.4135341135978,58.1058732488079,1
4.18,-919.70592,8.70177606952171,30.7315778811178,1
4.19,-919.03536,19.3303202500876,64.3812821956062,1
4.2,-918.3648,7.34323842578299,26.8348356572057,1
4.21,-917.69424,16.3327033445674,54.5878843566883,1
4.22,-917.02368,2.09378039356251,13.8928547938934,1
4.23,-916.35312,22.8561594593528,76.0010662585135,1
4.24,-915.68256,16.2448786168764,54.3028364785365,1
4.25,-915.012,23.1759609999556,77.0581444150967,1
4.26,-914.34144,11.9644094468415,40.634667219657,1
4.27,-913.67088,18.5228729582988,61.7329567172332,1
4.28,-913.00032,18.4756162604465,61.5781603131324,1
4.29,-912.32976,21.4226801825898,71.2681999567549,1
4.3,-911.6592,19.1678272387487,63.8478338549716,1
4.31,-910.98864,4.93833773568042,20.4183734265953,1
4.32,-910.31808,12.0734239900763,40.9753998611158,1
4.33,-909.64752,27.2792668039642,90.646730378871,1
4.34,-908.97696,18.0319636659558,60.126094826737,1
4.35,-908.3064,18.3309453997623,61.1044169281305,1
4.36,-907.63584,9.51399453223974,33.1343089646954,1
4.37,-906.96528,22.4584810877159,74.687135676997,1
4.38,-906.29472,10.261464493031,35.3860475206953,1
4.39,-905.62416,14.9545446250672,50.131729456086,1
4.4,-904.9536,19.6535310185609,65.4430272896849,1
4.41,-904.28304,11.4880596741255,39.1519513601422,1
4.42,-903.61248,17.2339257950038,57.5200766775453,1
4.43,-902.94192,13.3233989099035,44.915402118649,1
4.44,-902.27136,16.1271105726634,53.920813466658,1
4.45,-901.6008,7.6604121047743,27.7294233067233,1
4.46,-900.93024,14.7562271740658,49.4937912729761,1
4.47,-900.25968,11.7419403702543,39.9409227467162,1
4.48,-899.58912,35.4155109428739,117.651926144441,1
4.49,-898.91856,13.801515219733,46.4366574100902,1
4.5,-898.248,14.0155486098872,47.119879841888,1
4.51,-897.57744,24.6865320455033,82.0558379297154,1
4.52,-896.90688,7.1736613755292,26.3606610110581,1
4.53,-896.23632,8.51216507622981,30.1780007525255,1
4.54,-895.56576,12.2574875150457,41.5518324611358,1
4.55,-894.8952,20.9958280294955,69.8608848738787,1
4.56,-894.22464,2.01702753939527,13.7357546234917,1
4.57,-893.55408,4.17665574777163,18.5446157320111,1
4.58,-892.88352,16.3624257904665,54.6843826792443,1
4.59,-892.21296,8.2334172303403,29.3696168812679,1
4.6,-891.5424,10.030370019595,34.6860607576012,1
4.61,-890.87184,0.602439118337515,11.0353029513213,1
4.62,-890.20128,10.2537650392294,35.3626732927415,1
4.63,-889.53072,20.1747761326103,67.1570731526392,1
4.64,-888.86016,8.82945388357727,31.1059666648251,1
4.65,-888.1896,4.68491435277618,19.7855285173797,1
4.66,-887.51904,5.51012271179433,21.878987338459,2
4.67,-886.84848,3.23299266986378,16.3469949298712,1
4.68,-886.17792,4.56801014962593,19.496716180177,1
4.69,-885.50736,19.3108994858412,64.3175134838151,1
4.7,-884.8368,11.0044914282913,37.6577664568718,1
4.71,-884.16624,2.94427692836122,15.7037802666255,1
4.72,-883.49568,1.55876401968979,12.8201293174108,2
4.73,-882.82512,0.677374170014982,11.1689203082486,1
4.74,-882.15456,4.36186125619676,18.9923271508471,2
4.75,-881.484,1.17290454636358,12.0792894489887,2
4.76,-880.81344,3.79644481654141,17.6420601123054,2
4.77,-880.14288,1.00151562168595,11.759172508618,1
4.78,-879.47232,0.556344713698275,10.9536423671851,2
4.79,-878.80176,12.0147106330523,40.7918242882224,2
4.8,-878.1312,6.33214290108751,24.0530738363283,1
4.81,-877.46064,13.5626649393233,45.6758081187688,2
4.82,-876.79008,1.90251633883592,13.5033558622356,1
4.83,-876.11952,2.42802506932646,14.5893374325018,1
4.84,-875.44896,5.40519270593271,21.6076429456883,2
4.85,-874.7784,24.6818759750459,82.0404232206161,2
4.86,-874.10784,27.4241905811835,91.1272724887249,2
4.87,-873.43728,8.76970515779563,30.9306052136276,2
4.88,-872.76672,14.7408820942472,49.4444687074303,2
4.89,-872.09616,0.0510589590243253,10.0850563579584,1
4.9,-871.4256,9.17838049269293,32.1355488611769,2
4.91,-870.75504,4.19870905762758,18.5976535454662,1
4.92,-870.08448,9.31992515493361,32.555792514445,2
4.93,-869.41392,3.32152420372023,16.547033453052,2
4.94,-868.74336,20.9178147914618,69.6037930914216,2
4.95,-868.0728,19.2837560257798,64.2283925866258,2
4.96,-867.40224,23.0623082492223,76.6824302796215,2
4.97,-866.73168,5.01887410060283,20.6213918562094,2
4.98,-866.06112,32.7208675007271,108.704077573156,2
4.99,-865.39056,15.8139174410627,52.9060763779087,2
5,-864.72,9.7555365552951,33.8579707545848,2
5.01,-864.04944,5.90634037392147,22.9164344537322,2
5.02,-863.37888,0.571314273118009,10.980118000658,2
5.03,-862.70832,14.0080495717802,47.0959198529831,2
5.04,-862.03776,22.9011100128057,76.1496231134027,2
5.05,-861.3672,13.5922201979304,45.7698615923238,2
5.06,-860.69664,11.6292797125036,39.5904464706282,2
5.07,-860.02608,7.05750029408019,26.0375579700681,2
5.08,-859.35552,23.2688343453368,77.3652008581751,2
5.09,-858.68496,21.9035757691448,72.8548763513332,2
5.1,-858.0144,28.57401539655,94.9408448778169,2
5.11,-857.34384,16.9877399287985,56.717869762052,2
5.12,-856.67328,33.5290251676222,111.387410635378,2
5.13,-856.00272,30.0810246272211,99.9411541751006,2
5.14,-855.33216,13.2872642932493,44.8007229033633,2
5.15,-854.6616,33.0760110494237,109.88323377584,2
5.16,-853.99104,30.6787241513256,101.924850029047,2
5.17,-853.32048,26.1449923193588,86.8867909947815,2
5.18,-852.64992,24.2502628557029,80.6117464568565,2
5.19,-851.97936,36.3896625300189,120.887154841311,2
5.2,-851.3088,32.6547702724331,108.484625518381,2
5.21,-850.63824,0.173496858188749,10.2910499078878,2
5.22,-849.96768,33.7599406690673,112.154163998891,2
5.23,-849.29712,22.924235713556,76.2260541846922,2
5.24,-848.62656,34.7696181914313,115.506981465954,2
5.25,-847.956,23.0918842572786,76.780198271874,2
5.26,-847.28544,25.8032568911026,85.7544325622927,2
5.27,-846.61488,18.8655526487224,62.8561386663594,2
5.28,-845.94432,27.2357826408066,90.5025502313782,2
5.29,-845.27376,26.805355639603,89.0755376496844,2
5.3,-844.6032,13.2626783355633,44.7227196955552,2
5.31,-843.93264,16.3352423390499,54.5961269931537,2
5.32,-843.26208,19.9689037628288,66.4798417644196,2
5.33,-842.59152,19.1838024512575,63.9002684391192,2
5.34,-841.92096,21.0429366828637,70.0161486152656,2
5.35,-841.2504,24.7278779364565,82.1927229467191,2
5.36,-840.57984,17.480453261887,58.3242429017617,2
5.37,-839.90928,28.3716253225091,94.2694739810694,2
5.38,-839.23872,25.950494936436,86.2422860305326,2
5.39,-838.56816,37.8319528908912,125.677403723681,2
5.4,-837.8976,32.8539205086529,109.145837576343,2
5.41,-837.22704,37.4154224732251,124.293958825929,2
5.42,-836.55648,29.0744018777576,96.6009153528912,2
5.43,-835.88592,31.8308998176555,105.749421500983,2
5.44,-835.21536,39.040687815593,129.692156895172,2
5.45,-834.5448,32.1125538810876,106.684462119335,2
5.46,-833.87424,32.4531719856467,107.815302278533,2
5.47,-833.20368,22.0444820276827,73.3200043207329,2
5.48,-832.53312,39.7571709182851,132.071988624927,2
5.49,-831.86256,31.6365635909039,105.104283357868,2
5.5,-831.192,40.2608433450352,133.744985163368,2
5.51,-830.52144,23.9016983378339,79.4583534991794,2
5.52,-829.85088,36.0953344821409,119.90965047792,2
5.53,-829.18032,45.6498141728061,151.645793041259,2
5.54,-828.50976,35.6315161119044,118.369278677624,2
5.55,-827.8392,40.9353246420429,135.985368121856,2
5.56,-827.16864,38.5667995199746,128.118141471815,2
5.57,-826.49808,36.2913762426996,120.560730674415,2
5.58,-825.82752,33.4420026780925,111.098457686468,2
5.59,-825.15696,30.2446343965783,100.484131037652,2
5.6,-824.4864,21.6202917236812,71.9200588632865,2
5.61,-823.81584,37.354047413344,124.090112515036,2
5.62,-823.14528,27.5374615828564,91.5028797025736,2
5.63,-822.47472,42.8021749182753,142.186504121501,2
5.64,-821.80416,27.3229368264427,90.791529492146,2
5.65,-821.1336,39.6997317312387,131.881200085748,2
5.66,-820.46304,24.9608915244352,82.9642482459837,2
5.67,-819.79248,34.5781936463799,114.871299604394,2
5.68,-819.12192,38.1054384766891,126.585758144806,2
5.69,-818.45136,30.8914253511348,102.630838824276,2
5.7,-817.7808,35.730768649607,118.698899364549,2
5.71,-817.11024,22.5022522027758,74.8317234098337,2
5.72,-816.43968,25.6968078342384,85.4017548444358,2
5.73,-815.76912,25.7460080091249,85.5647577147686,2
5.74,-815.09856,40.7444280266078,135.351275555503,2
5.75,-814.428,43.8098342089368,145.533719133628,2
5.76,-813.75744,44.4210132985619,147.563933353017,2
5.77,-813.08688,40.4520050581585,134.379952130489,2
5.78,-812.41632,36.0328898023514,119.702265071686,2
5.79,-811.74576,21.345292620857,71.0129798020123,2
5.8,-811.0752,34.0168802038276,113.007350107352,2
5.81,-810.40464,44.3804807271481,147.42929195299,2
5.82,-809.73408,36.2279449638095,120.350066372795,2
5.83,-809.06352,32.3610236823412,107.509368003495,2
5.84,-808.39296,40.8755669796462,135.786873578406,2
5.85,-807.7224,38.6087250628039,128.257395833663,2
5.86,-807.05184,40.3344668471806,133.989534308335,2
5.87,-806.38128,40.1204515967892,133.278658502379,2
5.88,-805.71072,30.0375769942228,99.796966495227,2
5.89,-805.04016,32.1056888710956,106.661671073134,2
5.9,-804.3696,49.4805973489229,164.371149082132,2
5.91,-803.69904,57.5353640711923,191.128367804735,2
5.92,-803.02848,57.0448440144966,189.498898490044,2
5.93,-802.35792,61.8051589203429,205.312303346938,2
5.94,-801.68736,65.0818466593367,216.19721936183,2
5.95,-801.0168,67.7208087319387,224.963659573457,2
5.96,-800.34624,73.4965742731714,244.15033560096,2
5.97,-799.67568,61.9389127888046,205.756623791639,2
5.98,-799.00512,57.8481058783513,192.167271832327,2
5.99,-798.33456,62.6251330985618,208.036196968621,2
6,-797.664,56.2450023638768,186.84188780061,2
6.01,-796.99344,41.143830543504,136.677955213557,2
6.02,-796.32288,54.9448978988025,182.523046205226,2
6.03,-795.65232,37.9365701102646,126.024878044231,2
6.04,-794.98176,40.8996946674574,135.867017489481,2
6.05,-794.3112,25.1615930431921,83.6288917198271,2
6.06,-793.64064,42.2351322331137,140.302934636511,2
6.07,-792.97008,45.4018632748043,150.822141066134,2
6.08,-792.29952,28.3818855001552,94.3035080951703,2
6.09,-791.62896,8.41538171878767,29.8965788919523,2
6.1,-790.9584,32.3574675638718,107.49756169152,2
6.11,-790.28784,30.7893229697796,102.291941335794,2
6.12,-789.61728,26.9827857132408,89.6637449070356,2
6.13,-788.94672,19.4307989330837,64.7112594298776,2
6.14,-788.27616,21.3577659561126,71.0541139894441,2
6.15,-787.6056,33.7668703484865,112.177174222216,2
6.16,-786.93504,20.8494066273619,69.3783852191655,2
6.17,-786.26448,21.7343197273626,72.2962946270749,2
6.18,-785.59392,26.9864496607423,89.6758919546363,2
6.19,-784.92336,34.4544142331145,114.460258595182,2
6.2,-784.2528,25.900541669513,86.076767826806,2
6.21,-783.58224,24.8860691384088,82.7164910731357,2
6.22,-782.91168,16.7333164506933,55.8897578501315,2
6.23,-782.24112,20.4264733006074,67.9854621208884,2
6.24,-781.57056,16.8085358324043,56.1344837724484,2
6.25,-780.9,3.23419875474146,16.3497113266367,2
6.26,-780.22944,20.8155637612934,69.2668821843223,2
6.27,-779.55888,23.0329312190961,76.5853232793886,2
6.28,-778.88832,20.8365027834614,69.3358697257899,2
6.29,-778.21776,19.445146277213,64.7583839237651,2
6.3,-777.5472,14.3283805612545,48.1207778951504,2
6.31,-776.87664,12.0447241301134,40.8856474829543,2
6.32,-776.20608,19.7378541651416,65.7201700882686,2
6.33,-775.53552,12.8523059641149,43.4237598949904,2
6.34,-774.86496,8.41440854581625,29.89375312976,2
6.35,-774.1944,19.262696653527,64.1592522189127,2
6.36,-773.52384,15.6987250953027,52.5333195717959,2
6.37,-772.85328,12.4804422649543,42.2518948485023,2
6.38,-772.18272,8.07041447841854,28.9000063297485,2
6.39,-771.51216,10.0325481774839,34.6926429708991,2
6.4,-770.8416,4.28349088336397,18.8022422830568,2
6.41,-770.17104,20.8260103306468,69.30130002828,2
6.42,-769.50048,9.39459416543014,32.7780646929532,2
6.43,-768.82992,4.44685350016927,19.1995148454446,2
6.44,-768.15936,15.5320461832303,51.9944152383646,2
6.45,-767.4888,2.92544005230833,15.662306019916,2
6.46,-766.81824,13.7912397848925,46.4038902568367,2
6.47,-766.14768,12.1996684289479,41.3706098106691,2
6.48,-765.47712,12.9568051559909,43.7539803515245,2
6.49,-764.80656,13.077575897897,44.1360960218336,2
6.5,-764.136,13.0627831965537,44.0892652101276,2
6.51,-763.46544,2.95899120416606,15.7362197171858,2
6.52,-762.79488,7.72247814182332,27.9056204665982,2
6.53,-762.12432,12.2421977263363,41.5038963593545,2
6.54,-761.45376,9.63825076147637,33.5060885423435,2
6.55,-760.7832,2.35503313323526,14.4355385565098,2
6.56,-760.11264,2.90264726745036,15.6122029889166,2
6.57,-759.44208,0.118476529703365,10.1981273014013,2
6.58,-758.77152,8.64213857168377,30.5571488035271,2
6.59,-758.10096,0.0905664293898001,10.1512118114897,2
6.6,-757.4304,8.902141773633,31.3196809486728,2
6.61,-756.75984,8.8415903951673,31.1416213650702,2
6.62,-756.08928,3.42952385831669,16.7928188947056,2
6.63,-755.41872,0.668865677987405,11.1536950023813,2
6.64,-754.74816,-2.45060879945503,6.49636789101594,4
6.65,-754.0776,1.47743253433728,12.6616678556633,2
6.66,-753.40704,1.91957860898887,13.5378322318687,2
6.67,-752.73648,2.47476436998169,14.6883158626649,1
6.68,-752.06592,-2.15860034540174,6.85564370210893,2
6.69,-751.39536,2.72524225111757,15.2252864329222,4
6.7,-750.7248,-0.928197715040448,8.54051594245688,1
6.71,-750.05424,4.94692511706145,20.4399774526407,2
6.72,-749.38368,-1.23759420032843,8.0903519837077,4
6.73,-748.71312,9.8419071735193,34.1176840492241,2
6.74,-748.04256,1.1032076904521,11.9484439539888,1
6.75,-747.372,-0.382678284008078,9.37838239131122,1
6.76,-746.70144,3.2853366028042,16.4651093920711,4
6.77,-746.03088,-0.490979716683366,9.20753659823647,4
6.78,-745.36032,5.34417004657727,21.4505122228664,1
6.79,-744.68976,3.12246791253383,16.099100478538,1
6.8,-744.0192,-1.18188086408185,8.1700842508291,4
6.81,-743.34864,0.119271848173769,10.1994663746647,1
6.82,-742.67808,0.570251423509057,10.9782368041766,1
6.83,-742.00752,8.02813929854203,28.7785963636544,1
6.84,-741.33696,8.48248649262025,30.0916197992556,1
6.85,-740.6664,7.07753382412872,26.0931808827498,1
6.86,-739.99584,0.107611664286913,10.1798462989288,4
6.87,-739.32528,4.2584336221882,18.7416624234639,2
6.88,-738.65472,-2.3909353546394,6.5685534679261,2
6.89,-737.98416,0.755937607320215,11.3101534779836,1
6.9,-737.3136,1.58652372628671,12.8744953112859,1
6.91,-736.64304,6.66148733609597,24.9468611126051,1
6.92,-735.97248,4.46470593017059,19.2431710122623,2
6.93,-735.30192,3.50040990924047,16.9551838031725,4
6.94,-734.63136,0.995115976008257,11.7473265639845,1
6.95,-733.9608,2.4155901436661,14.5630694435978,2
6.96,-733.29024,-0.517648383193667,9.16580987957158,2
6.97,-732.61968,-1.55753415521797,7.64370752075956,4
6.98,-731.94912,-2.58831069428298,6.33219140327224,1
6.99,-731.27856,6.34942818310134,24.0996725895365,1
7,-730.608,1.74105893295277,13.1797456860491,2
7.01,-729.93744,-1.01043941933668,8.4190965441749,4
7.02,-729.26688,-1.88411524795716,7.20733836262498,2
7.03,-728.59632,-1.58480527581705,7.60651650073592,2
7.04,-727.92576,0.161379124403225,10.2705348451294,2
7.05,-727.2552,10.5048762510498,36.1268153516338,2
7.06,-726.58464,10.2963369455427,35.491958914666,2
7.07,-725.91408,2.59760706049571,14.9502916386959,2
7.08,-725.24352,-2.25550779175046,6.73472477623681,4
7.09,-724.57296,-3.10826781614307,5.74195792330793,4
7.1,-723.9024,2.42021089258839,14.5728272841956,4
7.11,-723.23184,0.8943821992444,11.5618844306343,4
7.12,-722.56128,-1.58642204837987,7.6043159471292,2
7.13,-721.89072,2.76085597988205,15.302523178187,4
7.14,-721.22016,0.0285530298989836,10.0475035067159,4
7.15,-720.5496,-0.842403617806752,8.66854279321882,1
7.16,-719.87904,6.31257477719012,24.000363094138,4
7.17,-719.20848,-2.11924524014213,6.90523191790008,4
7.18,-718.53792,3.74980930630329,17.5329199708272,2
7.19,-717.86736,1.97245540141466,13.6450128180542,4
7.2,-717.1968,2.11553244110455,13.9375711743794,4
7.21,-716.52624,0.0274412315667544,10.0456508973696,1
7.22,-715.85568,6.34926104460436,24.0992218397472,4
7.23,-715.18512,7.05661713796509,26.0351068652909,4
7.24,-714.51456,-1.52706963448541,7.68541642897093,3
7.25,-713.844,2.10112107948332,13.9079357328953,4
7.26,-713.17344,0.412947935596673,10.7021900001486,2
7.27,-712.50288,3.03436132879908,15.9029609467546,4
7.28,-711.83232,7.54970680757869,27.4160618783834,4
7.29,-711.16176,-1.68653149238668,7.46899980286214,4
7.3,-710.4912,-1.46514731928112,7.77072477184338,4
7.31,-709.82064,14.5283683589911,48.761991624517,4
7.32,-709.15008,0.728012193288508,11.2598177969801,3
7.33,-708.47952,-0.571055009196119,9.08265541645077,2
7.34,-707.80896,0.89962952533584,11.5714969405663,4
7.35,-707.1384,-0.0413752254833252,9.93144091779062,2
7.36,-706.46784,1.57407903126441,12.8501053619083,3
7.37,-705.79728,11.7041668854733,39.8233488551297,4
7.38,-705.12672,4.67861051374633,19.7699041293243,4
7.39,-704.45616,7.30511295128013,26.7279737695937,4
7.4,-703.7856,8.83186213998722,31.1130407352418,4
7.41,-703.11504,0.705890021222021,11.2200475995266,1
7.42,-702.44448,8.60192287903265,30.439687358533,4
7.43,-701.77392,-1.63761121704988,7.53489333820355,4
7.44,-701.10336,2.99772521499366,15.8217901919863,4
7.45,-700.4328,0.576030173410895,10.9884675285391,4
7.46,-699.76224,-0.567486915192466,9.0881940278109,3
7.47,-699.09168,2.43438983730125,14.6027931922611,4
7.48,-698.42112,-0.274473058543241,9.55131195179046,4
7.49,-697.75056,-3.07717026003511,5.77595828193939,4
7.5,-697.08,-2.13330778348547,6.88748080442379,1
7.51,-696.40944,10.3060031210954,35.5213290154006,4
7.52,-695.73888,1.0415674070594,11.8334851053497,3
7.53,-695.06832,1.18957987631525,12.1107302056992,4
7.54,-694.39776,8.88822020653007,31.2787174812254,4
7.55,-693.7272,7.67360792333304,27.7668537876388,4
7.56,-693.05664,2.8189671597038,15.4290221740031,1
7.57,-692.38608,2.11248690665708,13.9313052329731,1
7.58,-691.71552,6.4934358737161,24.4892463654869,4
7.59,-691.04496,3.58112755585487,17.1410665724,4
7.6,-690.3744,-0.325708233297367,9.46915112126454,3
7.61,-689.70384,-3.03229692510803,5.82530865824918,3
7.62,-689.03328,0.723688450497713,11.2520374683964,4
7.63,-688.36272,2.38508821406962,14.4987521158744,4
7.64,-687.69216,3.2657371964931,16.4208297270809,1
7.65,-687.0216,-1.80856884258222,7.3065399932485,1
7.66,-686.35104,4.25011081942652,18.7215618072164,4
7.67,-685.68048,6.12509305650709,23.4976408478162,4
7.68,-685.00992,1.64974474069049,12.9988422410943,1
7.69,-684.33936,3.55649518311816,17.0842289522366,1
7.7,-683.6688,-2.57164698847264,6.35188159042406,3
7.71,-682.99824,13.0940668043005,44.1883118424379,4
7.72,-682.32768,0.924973798610369,11.6179981217835,4
7.73,-681.65712,6.05992625389917,23.3238868355615,4
7.74,-680.98656,1.27897311000631,12.2801671494408,4
7.75,-680.316,11.6947914407444,39.7941768109995,4
7.76,-679.64544,4.93350725609575,20.4062255241532,4
7.77,-678.97488,-1.08792756324951,8.30586274950293,4
7.78,-678.30432,-0.750340741691998,8.80747525133504,3
7.79,-677.63376,3.54845682915724,17.0657022848836,4
7.8,-676.9632,-0.177612898545931,9.70800738428614,4
7.81,-676.29264,4.66755699380592,19.7425213207111,4
7.82,-675.62208,-2.87676408517514,5.99901117736102,4
7.83,-674.95152,-1.66138651683581,7.50281390042362,3
7.84,-674.28096,-0.122656450437238,9.79771045426211,4
7.85,-673.6104,-0.500919353367371,9.19196885335931,4
7.86,-672.93984,1.50879096027421,12.7226193957443,4
7.87,-672.26928,-0.814283044987264,8.7108092019157,4
7.88,-671.59872,4.8903533987809,20.2978462295732,4
7.89,-670.92816,7.44331109566658,27.1160222429195,4
7.9,-670.2576,2.62149298688454,15.00153854739,4
7.91,-669.58704,1.51187938456952,12.7286322572711,4
7.92,-668.91648,4.1594755796245,18.5033493017927,4
7.93,-668.24592,-1.98006802917011,7.08284176758751,1
7.94,-667.57536,4.94443911582863,20.4337221359616,3
7.95,-666.9048,4.72920409666862,19.8954649614691,3
7.96,-666.23424,7.6897522550266,27.8126704215878,3
7.97,-665.56368,5.18271644551077,21.0371899541239,3
7.98,-664.89312,3.40877607394484,16.7454518932825,4
7.99,-664.22256,8.88535481187777,31.2702880730758,3
8,-663.552,7.66158374881703,27.7327460506993,3
8.01,-662.88144,4.2434616226432,18.7055107189908,3
8.02,-662.21088,3.08574045171019,16.0171796989438,3
8.03,-661.54032,3.88408763872758,17.8481025630774,3
8.04,-660.86976,3.67826653719204,17.3661650386039,3
8.05,-660.1992,7.3100305707021,26.7417491247057,3
8.06,-659.52864,4.50701891480882,19.3468315597764,4
8.07,-658.85808,-0.350745886337661,9.42918303733917,3
8.08,-658.18752,4.42229583628167,19.1395392252868,3
8.09,-657.51696,6.50436267422839,24.5189033542481,3
8.1,-656.8464,9.54320470494014,33.2216117989527,4
8.11,-656.17584,10.2336207370924,35.3015355382591,3
8.12,-655.50528,3.57745876012855,17.1325948235076,3
8.13,-654.83472,11.9283302521745,40.5220111836809,3
8.14,-654.16416,1.96995446462115,13.6399319946569,4
8.15,-653.4936,5.36551374021371,21.5054148395506,3
8.16,-652.82304,-0.324213302920411,9.47154129401884,3
8.17,-652.15248,0.811558825932453,11.4108518452265,4
8.18,-651.48192,13.6063273492856,45.8147641389206,3
8.19,-650.81136,13.4181115306105,45.2161888827988,3
8.2,-650.1408,5.91187133287304,22.9310571597566,3
8.21,-649.47024,17.3320351654431,57.8400080361968,3
8.22,-648.79968,13.7302218730432,46.2093755765579,3
8.23,-648.12912,4.13312069228916,18.4401333468039,4
8.24,-647.45856,10.0747488854645,34.8202287112559,3
8.25,-646.788,2.49875300618502,14.7392656931867,3
8.26,-646.11744,1.34619743539408,12.4085702716124,3
8.27,-645.44688,2.51622878707729,14.7764466313161,4
8.28,-644.77632,3.29958719988283,16.4973449513039,3
8.29,-644.10576,3.85161586821537,17.7716219078554,3
8.3,-643.4352,17.0210396467459,56.8263272013961,3
8.31,-642.76464,14.0899423598083,47.357658554955,3
8.32,-642.09408,9.04530701537301,31.7417996269434,3
8.33,-641.42352,1.80757662788672,13.3124894227473,4
8.34,-640.75296,5.3604564479465,21.4924004083238,3
8.35,-640.0824,3.99356780040167,18.1071821129761,3
8.36,-639.41184,9.88116493609287,34.2358917607472,3
8.37,-638.74128,7.96268672190758,28.5909406678278,3
8.38,-638.07072,8.57213284909006,30.3527619760498,3
8.39,-637.40016,26.19230855943,87.0435932726786,3
8.4,-636.7296,5.87664965626475,22.8380034409422,3
8.41,-636.05904,20.5612265993703,68.4291428218099,3
8.42,-635.38848,11.8926280605132,40.4105878450801,3
8.43,-634.71792,13.7748835891242,46.3517386867846,3
8.44,-634.04736,4.20896860059348,18.6223528801195,4
8.45,-633.3768,26.0116186142019,86.4448235136768,3
8.46,-632.70624,18.0754909032031,60.2684605667416,3
8.47,-632.03568,2.85928043559017,15.517120108985,3
8.48,-631.36512,16.3247110650301,54.5619387950203,3
8.49,-630.69456,17.1817650910106,57.3500367838044,3
8.5,-630.024,12.7960974046328,43.2463006016217,3
8.51,-629.35344,24.1179492635175,80.1738811029681,3
8.52,-628.68288,36.7434519905965,122.062158868455,3
8.53,-628.01232,17.985879614504,59.9753905327986,3
8.54,-627.34176,32.6875651651725,108.593508930454,3
8.55,-626.6712,25.0408878544843,83.2291527604605,3
8.56,-626.00064,22.339337825431,74.2936154382245,3
8.57,-625.33008,27.2662139091336,90.6034506988183,3
8.58,-624.65952,23.1146359298055,76.855409598898,3
8.59,-623.98896,18.8808508590071,62.9063079150853,3
8.6,-623.3184,20.9980323664137,69.8681497746547,3
8.61,-622.64784,14.5731695227948,48.9057754950475,3
8.62,-621.97728,32.535582161995,108.088908896696,3
8.63,-621.30672,36.668655564034,121.813743554587,3
8.64,-620.63616,13.4791577654855,45.4102102903035,3
8.65,-619.9656,27.7930610879743,92.3505116249817,3
8.66,-619.29504,16.503644808223,55.1430732953965,3
8.67,-618.62448,19.2955506980223,64.2671175754003,3
8.68,-617.95392,27.4968188398817,91.368106154709,3
8.69,-617.28336,33.8937336287036,112.598430522938,3
8.7,-616.6128,26.2007789402083,87.0716638782471,3
8.71,-615.94224,22.8956782259017,76.1316712103158,3
8.72,-615.27168,29.0404253004216,96.488187658411,3
8.73,-614.60112,29.7303107893483,98.777297759234,3
8.74,-613.93056,21.3663472149819,71.0824135034885,3
8.75,-613.26,34.441450797281,114.417210451766,3
8.76,-612.58944,19.9284098978942,66.3466716003231,3
8.77,-611.91888,30.7400151159674,102.128281429973,3
8.78,-611.24832,21.2363888407867,70.6538770300663,3
8.79,-610.57776,20.328624596784,67.6633685769664,3
8.8,-609.9072,34.1289371064328,113.37944940702,3
8.81,-609.23664,27.3486474129654,90.8767807692296,3
8.82,-608.56608,41.521792402405,137.933424933532,3
8.83,-607.89552,35.5504783591205,118.100151368613,3
8.84,-607.22496,33.6070771537105,111.646579752553,3
8.85,-606.5544,22.7640493907708,75.6966770085492,3
8.86,-605.88384,47.7767604497923,158.711203531277,3
8.87,-605.21328,38.403030453788,127.574189516947,3
8.88,-604.54272,53.834514026819,178.834444285654,3
8.89,-603.87216,47.6701504338597,158.357058706153,3
8.9,-603.2016,45.8616699721166,152.34954407106,3
8.91,-602.53104,62.195591905022,206.609292829364,3
8.92,-601.86048,58.3854974197395,193.952445135632,3
8.93,-601.18992,68.7849653604316,228.498710845109,3
8.94,-600.51936,74.2555697402901,246.671663863661,3
8.95,-599.8488,53.7276823589076,178.479558652495,3
8.96,-599.17824,62.2002525511176,206.624775151236,3
8.97,-598.50768,63.8357040396452,212.057624671124,3
8.98,-597.83712,66.7889569546721,221.868115557839,3
8.99,-597.16656,48.2835819279787,160.394801525219,3
9,-596.496,47.0944334115671,156.444603123844,3
9.01,-595.82544,40.2926174870797,133.850526675871,3
9.02,-595.15488,48.4032418535641,160.792297372752,3
9.03,-594.48432,33.5418402977306,111.429962723243,3
9.04,-593.81376,32.3912821088323,107.609826194495,3
9.05,-593.1432,26.362616438531,87.6080137014211,3
9.06,-592.47264,27.8238477875432,92.4526137091369,3
9.07,-591.80208,21.4615334611333,71.3963483555333,3
9.08,-591.13152,29.4063909083135,97.7024466513661,3
9.09,-590.46096,19.0855271708292,63.5777415085245,3
9.1,-589.7904,1.83767762023894,13.372825946884,3
9.11,-589.11984,34.2413822875905,113.752841763731,3
9.12,-588.44928,31.2514275963724,103.82580641686,3
9.13,-587.77872,26.5157349468439,88.1155101496122,3
9.14,-587.10816,16.4299296965134,54.9035993669269,3
9.15,-586.4376,11.8858759464526,40.3895213455869,3
9.16,-585.76704,19.5054969099862,64.9566273651935,3
9.17,-585.09648,15.3900134499873,51.5356398540377,3
9.18,-584.42592,20.6945274890397,68.8681594361182,3
9.19,-583.75536,12.4103400921266,42.0315672976673,3
9.2,-583.0848,25.0788255872328,83.3547873262299,3
9.21,-582.41424,22.220445523078,73.900986530368,3
9.22,-581.74368,18.6486579374819,62.145097377205,3
9.23,-581.07312,19.6462289653886,65.4190305088846,3
9.24,-580.40256,12.8169577298699,43.3121466399313,3
9.25,-579.732,1.38757795113722,12.48802958769,4
9.26,-579.06144,0.678752185266376,11.1713874575585,3
9.27,-578.39088,24.2308507134734,80.5475026940725,3
9.28,-577.72032,29.379137022323,97.6120152043033,3
9.29,-577.04976,11.956969568961,40.6114318626939,3
9.3,-576.3792,21.7570358927304,72.3712546051558,3
9.31,-575.70864,23.1198334043194,76.8725914158959,3
9.32,-575.03808,8.67649196732694,30.6575914233065,3
9.33,-574.36752,4.55949257858699,19.4757515565433,3
9.34,-573.69696,2.07232616150459,13.8488343137951,3
9.35,-573.0264,20.8644276934211,69.4278778187081,3
9.36,-572.35584,5.57826004448162,22.055961293045,3
9.37,-571.68528,12.6522067018959,42.7925402610539,3
9.38,-571.01472,9.82113582157824,34.055180690266,3
9.39,-570.34416,4.08972076786151,18.3362652467516,3
9.4,-569.6736,9.87139567259313,34.2064665245804,4
9.41,-569.00304,5.20570462171812,21.0958241473537,3
9.42,-568.33248,7.32160448892714,26.7741799076123,3
9.43,-567.66192,9.65930618294165,33.5691913281734,3
9.44,-566.99136,19.981981701492,66.5228531829641,3
9.45,-566.3208,2.52328241842055,14.7914689544186,3
9.46,-565.65024,9.65573289577826,33.5584801320678,3
9.47,-564.97968,9.3375010601819,32.6080760978413,3
9.48,-564.30912,7.2623782299213,26.6083674177888,3
9.49,-563.63856,6.63091278157618,24.8633677381996,3
9.5,-562.968,10.3911630087538,35.7803219733215,4
9.51,-562.29744,-0.204091092458614,9.66499424221814,3
9.52,-561.62688,3.79877795510461,17.64752939853,3
9.53,-560.95632,10.6561110093618,36.5887874184833,4
9.54,-560.28576,3.80385286523244,17.6594288642469,3
9.55,-559.6152,3.67650105155851,17.3620603433453,3
9.56,-558.94464,13.5618329365518,45.6731608324933,3
9.57,-558.27408,8.51573793436294,30.1884046536281,3
9.58,-557.60352,1.54805407145693,12.7991925630342,4
9.59,-556.93296,3.05144029313102,15.9408788616226,4
9.6,-556.2624,9.77283519143815,33.9099478395247,3
9.61,-555.59184,11.1152034824011,37.9988230021975,4
9.62,-554.92128,0.30219374691825,10.5106626482282,4
9.63,-554.25072,2.26081645304968,14.2384190624743,4
9.64,-553.58016,1.91473591483478,13.5280415933654,3
9.65,-552.9096,2.0775291679282,13.8595023713155,3
9.66,-552.23904,3.33956272382178,16.5879514558011,3
9.67,-551.56848,9.24842808994769,32.3433370777954,3
9.68,-550.89792,0.755567655047117,11.3094856698608,4
9.69,-550.22736,3.18225798091282,16.2329483958734,3
9.7,-549.5568,-0.171431639197493,9.7180679737029,5
9.71,-548.88624,7.36951503217752,26.9085714722661,3
9.72,-548.21568,11.1904830366588,38.2310848611839,4
9.73,-547.54512,6.45814330454716,24.393550438338,3
9.74,-546.87456,0.464195527334848,10.7916046830989,4
9.75,-546.204,0.180940787500757,10.3036662374211,4
9.76,-545.53344,5.25138159169324,21.2125422649118,4
9.77,-544.86288,3.96993892279449,18.0511067049271,3
9.78,-544.19232,5.1812560130523,21.0334673758492,3
9.79,-543.52176,9.56018864156024,33.2724001019917,4
9.8,-542.8512,0.450451501689513,10.7675755185815,4
9.81,-542.18064,3.96062903241756,18.0290366729082,3
9.82,-541.51008,11.2958300646254,38.5565915456895,3
9.83,-540.83952,3.49777586305134,16.9491357994913,4
9.84,-540.16896,0.951612080417958,11.6670044305244,4
9.85,-539.4984,1.53247029657425,12.7687659828712,3
9.86,-538.82784,4.71212139507831,19.8530285414953,4
9.87,-538.15728,9.91611438200524,34.341210694386,4
9.88,-537.48672,2.52738446968569,14.8002092380726,4
9.89,-536.81616,6.21359110740664,23.7344221449519,4
9.9,-536.1456,9.02513082031025,31.6822162782535,3
9.91,-535.47504,0.701166660588675,11.2115682073497,4
9.92,-534.80448,-1.88437727699671,7.2069961014205,1
9.93,-534.13392,20.6440998485811,68.7020661556299,4
9.94,-533.46336,2.87921897039297,15.5607957623208,4
9.95,-532.7928,7.9121985540522,28.4464544600271,4
9.96,-532.12224,1.64499108851139,12.989466806536,3
9.97,-531.45168,2.20193837488171,14.1160401804193,4
9.98,-530.78112,1.32562204617541,12.36918015857,4
9.99,-530.11056,13.188853249399,44.4886167802728,3
10,-529.44,0.232103433388552,10.3906656971059,3
10.01,-528.76944,4.61893961543657,19.6222926302389,4
10.02,-528.09888,11.9524326769141,40.5972639418915,4
10.03,-527.42832,-0.876254142148285,8.61786271374917,4
10.04,-526.75776,17.9175732945278,59.7520609827709,4
10.05,-526.0872,4.5337047378677,19.412343973435,4
10.06,-525.41664,1.01850176513737,11.7906518689358,3
10.07,-524.74608,15.3559889182172,51.4258003736038,4
10.08,-524.07552,1.52652548049028,12.7571708740481,4
10.09,-523.40496,2.6201031314555,14.9985538983014,4
10.1,-522.7344,0.651977917025165,11.1235163923947,3
10.11,-522.06384,5.2785117958309,21.2820017604948,4
10.12,-521.39328,13.0846831689537,44.1585989214325,4
10.13,-520.72272,5.64082954709129,22.2190050628153,4
10.14,-520.05216,0.188493888442588,10.3164784220327,4
10.15,-519.3816,5.81606949309425,22.6783166305939,4
10.16,-518.71104,4.35723704066304,18.9810855954087,4
10.17,-518.04048,7.83841840211154,28.2357323725188,4
10.18,-517.36992,7.94433388699795,28.5383919211728,4
10.19,-516.69936,13.2475230721227,44.6746469016221,4
10.2,-516.0288,8.58121990034942,30.3792697158737,4
10.21,-515.35824,1.08693208613943,11.9180205062896,4
10.22,-514.68768,17.8024049802842,59.3756416086803,4
10.23,-514.01712,1.58458408962418,12.8706919960422,4
10.24,-513.34656,8.76079539904449,30.9044793620621,4
10.25,-512.676,5.1448733655254,20.9408237624894,4
10.26,-512.00544,0.655629813946627,11.1300377763132,3
10.27,-511.33488,12.3800998531365,41.9365831919653,4
10.28,-510.66432,1.75921794778733,13.2159035236175,4
10.29,-509.99376,9.74327596707993,33.8211434432053,4
10.3,-509.3232,5.73978014897266,22.4778785571415,4
10.31,-508.65264,10.9324578659876,37.4362038751085,4
10.32,-507.98208,5.69175282898259,22.3520735135427,4
10.33,-507.31152,20.41233252088,67.9389101342104,4
10.34,-506.64096,15.5694888783698,52.1154262517586,4
10.35,-505.9704,17.7805477632811,59.3042211202981,4
10.36,-505.29984,15.650687791604,52.3779493921571,4
10.37,-504.62928,9.63928063029254,33.5091743474312,4
10.38,-503.95872,7.13791191334639,26.2610739913478,4
10.39,-503.28816,11.2113373793076,38.2954778033513,4
10.4,-502.6176,22.018550869161,73.234399104378,4
10.41,-501.94704,12.9908068802511,43.8615097815437,4
10.42,-501.27648,14.3854635769362,48.3036959662874,4
10.43,-500.60592,13.682434342212,46.0571145516384,4
10.44,-499.93536,14.6977038619373,49.3057145074755,4
10.45,-499.2648,3.85918006567262,17.7894229672681,3
10.46,-498.59424,5.69608499866281,22.3634093221359,4
10.47,-497.92368,1.12874775502973,11.9962856234014,3
10.48,-497.25312,11.6383888252054,39.6187624996113,4
10.49,-496.58256,15.1458849178241,50.7480800311232,4
10.5,-495.912,5.41625619159469,21.6361840152715,4
10.51,-495.24144,11.8942875404906,40.415765703627,4
10.52,-494.57088,0.55743520462838,10.9555696026679,3
10.53,-493.90032,12.7144806751265,42.9888280560681,4
10.54,-493.22976,8.96562757323437,31.5066739056318,4
10.55,-492.5592,7.11352771713055,26.1932231900209,4
10.56,-491.88864,17.5762572827558,58.6369718585071,4
10.57,-491.21808,2.55129891644976,14.8512229039446,4
10.58,-490.54752,9.16631730881549,32.0998011090535,4
10.59,-489.87696,8.82026707318261,31.0789852787925,4
10.6,-489.2064,15.1613351325036,50.7978843151853,4
10.61,-488.53584,12.7715659637119,43.1688868105159,4
10.62,-487.86528,15.8314587405166,52.9628614941039,4
10.63,-487.19472,14.6068324532263,49.0138454980858,4
10.64,-486.52416,8.97734043363121,31.5412070763848,4
10.65,-485.8536,12.9582119440497,43.7584284741734,4
10.66,-485.18304,17.3468764697364,57.8884165254633,4
10.67,-484.51248,4.86804149267769,20.2419139319194,4
10.68,-483.84192,15.3205465137998,51.3114095595678,4
10.69,-483.17136,8.96079421037522,31.49242669736,4
10.7,-482.5008,24.0898136259779,80.080778426651,4
10.71,-481.83024,16.4013276119563,54.8107057282688,4
10.72,-481.15968,25.0612171357275,83.2964747678385,4
10.73,-480.48912,22.6828681910079,75.4284317230497,4
10.74,-479.81856,18.486581691562,61.6140771352871,4
10.75,-479.148,2.47420268882369,14.6871241158286,4
10.76,-478.47744,15.93089676025,53.2848743188,4
10.77,-477.80688,14.0792710175784,47.3235411574451,4
10.78,-477.13632,18.3915974559654,61.3030025277308,4
10.79,-476.46576,19.1894783487195,63.9188986874227,4
10.8,-475.7952,14.5883070441744,48.9543688515972,4
10.81,-475.12464,27.4718062200503,91.2851640583285,4
10.82,-474.45408,8.07253260553991,28.9060935792645,4
10.83,-473.78352,19.1813799113704,63.8923169180956,4
10.84,-473.11296,16.3588462623689,54.6727604191313,4
10.85,-472.4424,21.0870921435126,70.1616909695161,4
10.86,-471.77184,16.8811996794988,56.3709775222569,4
10.87,-471.10128,13.5096272466505,45.5070944594621,4
10.88,-470.43072,14.1494181794476,47.5478664109663,4
10.89,-469.76016,14.939051147857,50.0818577596104,4
10.9,-469.0896,18.6306503769513,62.0860847534637,4
10.91,-468.41904,17.1576049233307,57.2712894558414,4
10.92,-467.74848,23.3719653634479,77.7062071161921,4
10.93,-467.07792,25.9774805212972,86.3317037253679,4
10.94,-466.40736,20.8191039370691,69.2785457666721,4
10.95,-465.7368,24.4237414338691,81.1859145413222,4
10.96,-465.06624,20.1026231757154,66.9196855043009,4
10.97,-464.39568,28.0879521310209,93.3285467032807,4
10.98,-463.72512,21.5388309931687,71.6513201887703,4
10.99,-463.05456,21.8589254469273,72.7075068100357,4
11,-462.384,17.9994733502117,60.0198422439156,4
11.01,-461.71344,28.0488020167861,93.1986954251464,4
11.02,-461.04288,19.6013638579304,65.2715995696648,4
11.03,-460.37232,23.5869796615355,78.4172775474234,4
11.04,-459.70176,29.8837207468009,99.2863823627553,4
11.05,-459.0312,19.5511642220092,65.1066584535084,4
11.06,-458.36064,19.6014487717622,65.2718785889136,4
11.07,-457.69008,21.6134355597255,71.8974390639373,4
11.08,-457.01952,29.1682588261436,96.912320144681,4
11.09,-456.34896,30.0139500932781,99.7185575744338,4
11.1,-455.6784,22.1238106782843,73.5819075834136,4
11.11,-455.00784,27.5571271250747,91.5680925090973,4
11.12,-454.33728,26.9523057777345,89.562695884986,4
11.13,-453.66672,7.2534386944485,26.5833708367339,4
11.14,-452.99616,19.554009521867,65.1160067082984,4
11.15,-452.3256,18.4057615542252,61.3493840229373,4
11.16,-451.65504,24.0935147554765,80.09302557424,4
11.17,-450.98448,17.0782082326407,57.0125634238384,4
11.18,-450.31392,29.3695288659919,97.5801344208639,4
11.19,-449.64336,29.7078246868049,98.7026801474806,4
11.2,-448.9728,38.035482683568,126.353406263282,4
11.21,-448.30224,20.5450891992579,68.3760033833772,4
11.22,-447.63168,22.2718439539655,74.0707165010638,4
11.23,-446.96112,34.5091303649633,114.641956910241,4
11.24,-446.29056,40.5968732880314,134.861151325121,4
11.25,-445.62,27.6626784744227,91.9181195951205,4
11.26,-444.94944,29.2742786482623,97.2640895062792,4
11.27,-444.27888,28.7810814449527,95.6277718716774,4
11.28,-443.60832,15.9037024539977,53.1967918594524,4
11.29,-442.93776,28.7956905552384,95.6762382233644,4
11.3,-442.2672,31.2999913202328,103.987011441718,4
11.31,-441.59664,25.4288921074064,84.5142239162619,4
11.32,-440.92608,21.1423649288808,70.3438936243285,4
11.33,-440.25552,37.8499889894397,125.737308497795,4
11.34,-439.58496,26.1778507068424,86.9956806559323,4
11.35,-438.9144,31.9472546732648,106.135693930872,4
11.36,-438.24384,24.9306344146385,82.8640571172736,4
11.37,-437.57328,17.1950683743741,57.3934008423859,4
11.38,-436.90272,20.7402219490895,69.01867714258,4
11.39,-436.23216,31.977742356743,106.236907407814,4
11.4,-435.5616,29.4579331526875,97.8734713660473,4
11.41,-434.89104,26.0357556579287,86.5248052249153,4
11.42,-434.22048,27.384480232326,90.995596937068,4
11.43,-433.54992,23.0430399015881,76.6187375858592,4
11.44,-432.87936,34.5960734982126,114.930674537955,4
11.45,-432.2088,25.4912684170287,84.7208458095508,4
11.46,-431.53824,36.0491198282507,119.756166638467,4
11.47,-430.86768,16.112662164343,53.873961713636,4
11.48,-430.19712,41.4119681709063,137.56862275783,4
11.49,-429.52656,20.0239897451071,66.6610201577915,4
11.5,-428.856,28.1097980264454,93.4010049433326,4
11.51,-428.18544,36.2643333029681,120.470917135168,4
11.52,-427.51488,30.1605582608416,100.205102475343,4
11.53,-426.84432,31.4110792501711,104.355767660438,4
11.54,-426.17376,25.0474933540816,83.2510272821237,4
11.55,-425.5032,25.0587701049342,83.2883711817249,4
11.56,-424.83264,24.3930573580014,81.0843522861664,4
11.57,-424.16208,33.9650204608585,112.8351444699,4
11.58,-423.49152,33.5208528700681,111.360274902217,4
11.59,-422.82096,28.1043530422926,93.3829450234709,4
11.6,-422.1504,28.9731295988926,96.2649168226626,4
11.61,-421.47984,33.2580430233758,110.487639391535,4
11.62,-420.80928,33.2759309127523,110.547033681015,4
11.63,-420.13872,21.8953564484218,72.8277475387881,4
11.64,-419.46816,41.8067067286628,138.879825313592,4
11.65,-418.7976,49.7575730914996,165.29123253702,4
11.66,-418.12704,22.7456603099329,75.6359120358857,4
11.67,-417.45648,25.2759582235788,84.0076656485407,4
11.68,-416.78592,16.1084705418424,53.8603702648712,4
11.69,-416.11536,26.430190750373,87.831977205467,4
11.7,-415.4448,31.1710261510759,103.558920530704,4
11.71,-414.77424,41.3128955830929,137.239534792899,4
11.72,-414.10368,34.9977790270216,116.264669222585,4
11.73,-413.43312,29.0032403614617,96.3648165016888,4
11.74,-412.76256,28.7506586849209,95.5268437495683,4
11.75,-412.092,28.100038596125,93.3686348960935,4
11.76,-411.42144,39.3187191453239,130.615645413782,4
11.77,-410.75088,36.8197168827808,122.315452210416,4
11.78,-410.08032,23.6025573463031,78.4688003198447,4
11.79,-409.40976,41.7535321659958,138.703194963403,4
11.8,-408.7392,45.1886239570617,150.113796315335,4
11.81,-408.06864,46.73463015594,155.249386908965,4
11.82,-407.39808,36.3571766866404,120.779264073647,4
11.83,-406.72752,42.4079539543804,140.877002329229,4
11.84,-406.05696,45.8226609915718,152.219962418061,4
11.85,-405.3864,56.2531294905079,186.868885466861,4
11.86,-404.71584,49.4292214323778,164.200483916451,4
11.87,-404.04528,48.7922757578537,162.084622175051,4
11.88,-403.37472,55.3790066278563,183.965119793363,4
11.89,-402.70416,74.7643407532571,248.361764525637,4
11.9,-402.0336,56.424775428099,187.439079604502,4
11.91,-401.36304,68.436389292437,227.340766371124,4
11.92,-400.69248,70.1336230085526,232.978854067332,4
11.93,-400.02192,78.4956138507842,260.756785180341,4
11.94,-399.35136,75.3266826150069,250.229823696616,4
11.95,-398.6808,64.4815396798449,214.20304340475,4
11.96,-398.01024,56.9096089448523,189.04965821388,4
11.97,-397.33968,59.4239427068087,197.402081260002,4
11.98,-396.66912,56.4461791022963,187.510180909593,4
11.99,-395.99856,57.3412158369861,190.483422494355,4
12,-395.328,45.2910751039242,150.454121474433,4
12.01,-394.65744,54.4447487320426,180.861592276101,4
12.02,-393.98688,45.866925280625,152.367001375616,4
12.03,-393.31632,59.4644483623768,197.536637982308,4
12.04,-392.64576,45.9495561413419,152.641488111209,4
12.05,-391.9752,48.3311263923815,160.552738485157,4
12.06,-391.30464,47.0667571031312,156.352666217945,4
12.07,-390.63408,49.7813061180198,165.370071113222,4
12.08,-389.96352,38.5154609028197,127.947622136734,4
12.09,-389.29296,24.4496381683714,81.271633023975,4
12.1,-388.6224,42.4048200851338,140.86659243908,4
12.11,-387.95184,42.4588515340435,141.046070774686,4
12.12,-387.28128,39.6597438242325,131.748377432819,4
12.13,-386.61072,44.5530586347703,148.002562854877,4
12.14,-385.94016,48.8128593633119,162.152998531473,4
12.15,-385.2696,37.5737633912813,124.819862328161,4
12.16,-384.59904,37.3541264738946,124.09037510021,4
12.17,-383.92848,37.7772782558248,125.495808622848,4
12.18,-383.25792,42.6588667407665,141.710470047073,4
12.19,-382.58736,46.5517551178256,154.641902341762,4
12.2,-381.9168,41.1671436723345,136.755393816355,4
12.21,-381.24624,39.2757465002483,130.472910157481,4
12.22,-380.57568,40.7311906553834,135.307305670136,4
12.23,-379.90512,22.9121941392558,76.1862561950351,4
12.24,-379.23456,29.4902064569693,97.9805600869048,4
12.25,-378.564,27.481219820731,91.3163795520083,4
12.26,-377.89344,28.0855766940594,93.320667912549,4
12.27,-377.22288,24.1708731952495,80.3490161721256,4
12.28,-376.55232,20.1907004241868,67.2094701239253,4
12.29,-375.88176,13.9264307537263,46.8352444039768,4
12.3,-375.2112,20.9827065568554,69.8176406365286,4
12.31,-374.54064,1.18377028503091,12.0997704974915,4
12.32,-373.87008,9.59845936411943,33.3869162862612,4
12.33,-373.19952,14.769788296465,49.5373844908122,4
12.34,-372.52896,11.0589890388393,37.8255713692713,4
12.35,-371.8584,2.12144973928023,13.9497503192971,4
12.36,-371.18784,6.79677489680548,25.3175520890061,4
12.37,-370.51728,23.6938881562926,78.7708905690314,4
12.38,-369.84672,21.5596088424987,71.7198629326825,4
12.39,-369.17616,26.1403857366476,86.8715253643985,4
12.4,-368.5056,17.9746356223027,59.9386241620053,4
12.41,-367.83504,18.2636667405409,60.8841816315319,4
12.42,-367.16448,11.8787506895838,40.3672928065396,4
12.43,-366.49392,12.7490193039989,43.0977557313556,4
12.44,-365.82336,18.8268581773752,62.7292533923226,4
12.45,-365.1528,18.6494246968526,62.1476101995802,4
12.46,-364.48224,23.6774106232651,78.716386661319,4
12.47,-363.81168,18.4318167042669,61.4347093541007,4
12.48,-363.14112,4.16599775380092,18.5190101136328,4
12.49,-362.47056,13.8974761416085,46.7428143398148,4
12.5,-361.8,17.0428855160544,56.8974881702217,4
12.51,-361.12944,11.0874926507406,37.913398607614,4
12.52,-360.45888,23.2447881979855,77.2856968707959,4
12.53,-359.78832,10.5520587387859,36.2708030562333,4
12.54,-359.11776,18.0034755088029,60.0329297740075,4
12.55,-358.4472,13.8386647531365,46.5551487316083,4
12.56,-357.77664,0.758302426209277,11.3144228727438,4
12.57,-357.10608,3.08524517930787,16.0160765476245,5
12.58,-356.43552,3.59721906363347,17.1782498135508,5
12.59,-355.76496,7.77370035790537,28.0513080338185,4
12.6,-355.0944,1.28147269990287,12.2849264132894,4
12.61,-354.42384,17.0355262357078,56.8735151952412,4
12.62,-353.75328,5.16011522221187,20.9796130834353,4
12.63,-353.08272,0.600194317201685,11.0313167056988,4
12.64,-352.41216,7.56591045483324,27.4618538143155,4
12.65,-351.7416,9.9836543305355,34.5449617866792,4
12.66,-351.07104,15.7056915288661,52.5558553141075,4
12.67,-350.40048,10.9364007431968,37.4483244146083,4
12.68,-349.72992,13.1096577264538,44.2376865325797,4
12.69,-349.05936,1.80302507300725,13.3033804091602,5
12.7,-348.3888,8.77760417351104,30.9537725437346,4
12.71,-347.71824,7.98825875838659,28.6642108172884,4
12.72,-347.04768,7.37799520993291,26.9323827995083,5
12.73,-346.37712,13.3631095371067,45.0414793160059,4
12.74,-345.70656,28.088180445714,93.3293039721762,4
12.75,-345.036,3.19081009695771,16.2521425030857,5
12.76,-344.36544,11.0834563393758,37.9009591183048,4
12.77,-343.69488,11.6952730567215,39.7956752797719,4
12.78,-343.02432,14.6353374469526,49.1053786132658,4
12.79,-342.35376,5.7799630862521,22.5833610566838,4
12.8,-341.6832,10.0338964724954,34.6967175564729,4
12.81,-341.01264,6.57944202199148,24.7230477780293,5
12.82,-340.34208,2.10119941223255,13.9080967146345,4
12.83,-339.67152,5.04970338319591,20.6993468272807,4
12.84,-339.00096,16.2039713194194,54.1701113862787,4
12.85,-338.3304,3.71082510258919,17.4419523006013,5
12.86,-337.65984,2.59631928772774,14.9475315775507,5
12.87,-336.98928,8.02420792720784,28.7673140179802,4
12.88,-336.31872,6.21601973131151,23.7409332654897,4
12.89,-335.64816,0.584914053857132,11.0042079895467,4
12.9,-334.9776,4.93994201732449,20.4224086706644,4
12.91,-334.30704,4.67826643900324,19.7690514881761,4
12.92,-333.63648,14.3075561160181,48.0540688312163,4
12.93,-332.96592,4.19334714740343,18.5847514090599,4
12.94,-332.29536,8.45232627610552,30.0039121160404,4
12.95,-331.6248,5.38106274130394,21.5454499983591,5
12.96,-330.95424,3.26255664831253,16.4136501520714,5
12.97,-330.28368,7.57044875495378,27.4746837394793,4
12.98,-329.61312,10.2921817140262,35.4793352057557,4
12.99,-328.94256,12.2097865679685,41.4023132950688,5
13,-328.272,0.192915361102483,10.3239835437347,4
13.01,-327.60144,8.21573641611381,29.3185657846334,4
13.02,-326.93088,7.13120340849175,26.2424009222739,5
13.03,-326.26032,3.58640576912419,17.1532585123601,4
13.04,-325.58976,3.17533433381763,16.217418158041,5
13.05,-324.9192,4.48740200616763,19.2987400736052,5
13.06,-324.24864,1.57991246017063,12.8615345397483,4
13.07,-323.57808,4.57430034328165,19.5122053097307,4
13.08,-322.90752,7.24013879401312,26.5461969592498,5
13.09,-322.23696,4.44258932631244,19.1890942835326,5
13.1,-321.5664,5.36401423128419,21.5015556485229,5
13.11,-320.89584,9.95613319075594,34.4619022800353,5
13.12,-320.22528,6.37459460141189,24.1675801985984,5
13.13,-319.55472,12.2776299978385,41.6149970437522,5
13.14,-318.88416,2.16553055231922,14.0406771535582,4
13.15,-318.2136,25.8804058767668,86.0100500390208,4
13.16,-317.54304,5.20605375024705,21.096715198202,4
13.17,-316.87248,4.69823789110272,19.8185705231475,5
13.18,-316.20192,10.9281172366787,37.4228615820227,4
13.19,-315.53136,2.1298764752921,13.9671053514276,4
13.2,-314.8608,12.9982105619498,43.8849290507446,5
13.21,-314.19024,5.29357327516531,21.3206054724108,5
13.22,-313.51968,2.72522165938183,15.2252418385289,5
13.23,-312.84912,0.329387504401728,10.5574719331027,4
13.24,-312.17856,5.35050581167319,21.4668034251361,5
13.25,-311.508,11.9703995657275,40.653376589083,5
13.26,-310.83744,5.32769488742235,21.408174676912,5
13.27,-310.16688,10.2597450843932,35.3808273799941,5
13.28,-309.49632,16.9670720990569,56.6505626767658,5
13.29,-308.82576,6.42882058378678,24.3141507111513,4
13.3,-308.1552,9.91965871173859,34.3518957976837,5
13.31,-307.48464,11.0579404974393,37.8223413304238,5
13.32,-306.81408,8.85328160994233,31.1759787539526,5
13.33,-306.14352,15.7138672288342,52.5823041237069,5
13.34,-305.47296,5.70291048427479,22.3812741559506,4
13.35,-304.8024,-0.3929355346688,9.36210562486051,4
13.36,-304.13184,14.5932457000503,48.9702237932143,5
13.37,-303.46128,11.7865292936525,40.0797929728759,5
13.38,-302.79072,2.49002780590112,14.7207223638178,5
13.39,-302.12016,19.8934949551286,66.2318585884472,5
13.4,-301.4496,10.2586407808018,35.3774747977869,5
13.41,-300.77904,15.7778456009213,52.7893221887643,5
13.42,-300.10848,6.52759944375643,24.5820167818856,5
13.43,-299.43792,7.69984105229732,27.8413144023927,5
13.44,-298.76736,14.7766047967284,49.5592982881854,5
13.45,-298.0968,23.1680170604666,77.0318817337998,5
13.46,-297.42624,15.6043895987765,52.2282472210035,5
13.47,-296.75568,16.1979720468541,54.1506489999165,5
13.48,-296.08512,25.7256985680091,85.497470827933,5
13.49,-295.41456,24.9712718667636,82.998621446918,5
13.5,-294.744,19.312795375959,64.323738555494,5
13.51,-294.07344,13.6017581885737,45.8002199995978,5
13.52,-293.40288,6.72267802623089,25.1142743647339,5
13.53,-292.73232,36.1824368642133,120.198927950641,5
13.54,-292.06176,20.6716966102639,68.7929594486694,5
13.55,-291.3912,29.3689063369369,97.5780688126115,5
13.56,-290.72064,19.1824255715761,63.8957490900212,5
13.57,-290.05008,21.5288977162577,71.6185527311988,5
13.58,-289.37952,21.7407496022647,72.3175119965473,5
13.59,-288.70896,34.7786008350709,115.536811225602,5
13.6,-288.0384,12.7424278732752,43.0769643424471,5
13.61,-287.36784,22.9271500995957,76.2356864567414,5
13.62,-286.69728,21.4838425987159,71.4699334766754,5
13.63,-286.02672,38.0369178740518,126.358173113647,5
13.64,-285.35616,23.8239646668526,79.2011845080637,5
13.65,-284.6856,10.1417050274545,35.0228851758471,5
13.66,-284.01504,20.5865642452932,68.5125815563135,5
13.67,-283.34448,36.0835436970557,119.870491973364,5
13.68,-282.67392,33.3807646190989,110.895121957648,5
13.69,-282.00336,33.2956633280375,110.612552599819,5
13.7,-281.3328,8.47420997634267,30.0675436512567,5
13.71,-280.66224,21.0416587509034,70.0119365505271,5
13.72,-279.99168,22.3685918255839,74.3902332201667,5
13.73,-279.32112,32.2089314724567,107.004426995266,5
13.74,-278.65056,21.0842853107809,70.1524389287619,5
13.75,-277.98,13.7564139444492,46.2928579080667,5
13.76,-277.30944,16.4632170813947,55.0117270206735,5
13.77,-276.63888,18.337334420425,61.1253338341629,5
13.78,-275.96832,17.7563394856821,59.2251252026881,5
13.79,-275.29776,31.8264466299543,105.734638034713,5
13.8,-274.6272,33.8892483609056,112.583536865109,5
13.81,-273.95664,19.1071267720754,63.6486210827875,5
13.82,-273.28608,14.4025463138702,48.3584527441239,5
13.83,-272.61552,27.0175265393841,89.7789216333103,5
13.84,-271.94496,32.7544001811454,108.815411452226,5
13.85,-271.2744,30.1851456514879,100.286701603793,5
13.86,-270.60384,31.5674164618815,104.874740301206,5
13.87,-269.93328,28.415999301472,94.4166680839837,5
13.88,-269.26272,27.0495630684102,89.8851343869426,5
13.89,-268.59216,25.6555269607385,85.2649928775126,5
13.9,-267.9216,23.8492912569859,79.2849712709432,5
13.91,-267.25104,16.2598048771245,54.3512724622509,5
13.92,-266.58048,29.0110097723345,96.3905935277865,5
13.93,-265.90992,23.1542408903594,76.9863382320825,5
13.94,-265.23936,25.8484334578877,85.9041144993638,5
13.95,-264.5688,33.8478508062014,112.446073572133,5
13.96,-263.89824,11.3742909757829,38.799379439613,5
13.97,-263.22768,26.5685044134635,88.2904187286869,5
13.98,-262.55712,11.3011345674655,38.5729962035039,5
13.99,-261.88656,22.90556967558,76.1643622591856,5
14,-261.216,21.6818826140439,72.1232699246299,5
14.01,-260.54544,34.0173465630605,113.008898705107,5
14.02,-259.87488,2.88072754091491,15.5641030864804,5
14.03,-259.20432,14.7269674871614,49.3997488977917,5
14.04,-258.53376,22.8979739634327,76.1392585443632,5
14.05,-257.8632,21.066349562802,70.0933191948117,5
14.06,-257.19264,11.3872957983853,38.8396502326191,5
14.07,-256.52208,21.4703649195939,71.4254779802908,5
14.08,-255.85152,13.584253314781,45.7445059934963,5
14.09,-255.18096,13.6172614499984,45.8495711734214,5
14.1,-254.5104,22.2861309185165,74.1178975995135,5
14.11,-253.83984,23.4198280154291,77.8644792736852,5
14.12,-253.16928,13.4774037233016,45.4046338285295,5
14.13,-252.49872,18.922993209899,63.0445220130266,5
14.14,-251.82816,18.8900607534263,62.9365121113442,5
14.15,-251.1576,29.748950322977,98.8391512744318,5
14.16,-250.48704,6.05379348225934,23.307561587649,5
14.17,-249.81648,24.4734951724964,81.350601594241,5
14.18,-249.14592,20.1485230997278,67.0706946908878,5
14.19,-248.47536,21.1697832106305,70.4342825433077,5
14.2,-247.8048,26.7348232851201,88.8417261226293,5
14.21,-247.13424,31.3322719239915,104.094166145712,5
14.22,-246.46368,15.0478753963081,50.43226623566,5
14.23,-245.79312,4.19882566442756,18.5979341802248,5
14.24,-245.12256,19.2866700239148,64.2379598895138,5
14.25,-244.452,23.0494289773175,76.6398569095225,5
14.26,-243.78144,24.3059910366507,80.7961827563894,5
14.27,-243.11088,23.304140536776,77.4819377648895,5
14.28,-242.44032,24.443108132737,81.2500183597336,5
14.29,-241.76976,25.8097840309318,85.7760584549101,5
14.3,-241.0992,22.3311532174954,74.2665846418077,5
14.31,-240.42864,9.03731048288212,31.7181809841931,5
14.32,-239.75808,14.7690136799154,49.5348943109597,5
14.33,-239.08752,30.6555500428621,101.847933271189,5
14.34,-238.41696,6.44105459677818,24.3472657807769,5
14.35,-237.7464,26.1460047646018,86.8901461150667,5
14.36,-237.07584,34.0229562180052,113.027526194063,5
14.37,-236.40528,21.4109250280174,71.2294299578721,5
14.38,-235.73472,5.71456845853042,22.411801171824,4
14.39,-235.06416,26.8972534533592,89.3801865405764,5
14.4,-234.3936,11.871922638979,40.3459935414619,5
14.41,-233.72304,22.1961653175356,73.8208116127019,5
14.42,-233.05248,23.425103650366,77.8819252216712,5
14.43,-232.38192,30.8212399820597,102.397879347087,5
14.44,-231.71136,23.0365642954694,76.5973323893779,5
14.45,-231.0408,25.4378906452931,84.5440311056115,5
14.46,-230.37024,11.7456518440003,39.9524785654348,5
14.47,-229.69968,34.0780614412267,113.210509778008,5
14.48,-229.02912,16.0188895102713,53.5699768183617,5
14.49,-228.35856,28.3113387565382,94.0694993186118,5
14.5,-227.688,38.8493846012882,129.056742392253,5
14.51,-227.01744,35.1782057278351,116.863848059118,5
14.52,-226.34688,11.9214678996502,40.5005900969674,5
14.53,-225.67632,36.609660447199,121.617808499995,5
14.54,-225.00576,45.8954949386772,152.461905275374,5
14.55,-224.3352,18.3161195300537,61.0558804824966,5
14.56,-223.66464,40.323700788138,133.953773549444,5
14.57,-222.99408,20.0460117642187,66.7334571653518,5
14.58,-222.32352,40.782856040352,135.478919947702,5
14.59,-221.65296,40.5013665057887,134.543912618445,5
14.6,-220.9824,31.5078089155169,104.676867194816,5
14.61,-220.31184,23.6071140949713,78.4838717951018,5
14.62,-219.64128,23.0391206683322,76.605782492795,5
14.63,-218.97072,38.3032856788018,127.242892953881,5
14.64,-218.30016,37.5805546923976,124.842418601638,5
14.65,-217.6296,37.1231225062145,123.323141445954,5
14.66,-216.95904,43.2878374091395,143.799759932087,5
14.67,-216.28848,36.2861476691561,120.543365810334,5
14.68,-215.61792,37.6069378533015,124.930046315159,5
14.69,-214.94736,36.9731488166753,122.825037927317,5
14.7,-214.2768,32.1436097055304,106.787564172453,5
14.71,-213.60624,36.9097728746526,122.614550173104,5
14.72,-212.93568,47.2692563594632,157.025341273247,5
14.73,-212.26512,27.4559300893935,91.2325190934856,5
14.74,-211.59456,42.2410432555584,140.322569455255,5
14.75,-210.924,51.0948488838701,169.733526132611,5
14.76,-210.25344,49.0302829854368,162.87525491097,5
14.77,-209.58288,43.1289076137665,143.271831800692,5
14.78,-208.91232,47.8256193455377,158.873506576903,5
14.79,-208.24176,44.2119589134711,146.869495423365,5
14.8,-207.5712,53.015135602434,176.112540466287,5
14.81,-206.90064,59.589431555301,197.951822699291,5
14.82,-206.23008,58.1879583073885,193.296235382134,5
14.83,-205.55952,56.904043577981,189.031170502999,5
14.84,-204.88896,74.6226639734972,247.891124466531,5
14.85,-204.2184,63.5779056373328,211.201237280464,5
14.86,-203.54784,76.2231881966927,253.207950696716,5
14.87,-202.87728,62.7767647011557,208.539905978888,5
14.88,-202.20672,76.2509707940328,253.300242485174,5
14.89,-201.53616,86.3330146833894,286.792067026638,5
14.9,-200.8656,90.3089622173221,299.99987882328,5
14.91,-200.19504,91.5575552002834,304.147614929101,5
14.92,-199.52448,90.9628357960621,302.171999833123,5
14.93,-198.85392,96.871182961508,321.799104267773,5
14.94,-198.18336,81.1786883807805,269.669765748199,5
14.95,-197.5128,86.9963919235249,288.995758513399,5
14.96,-196.84224,74.7856687773503,248.432614685721,5
14.97,-196.17168,69.6944961996855,231.520106532592,5
14.98,-195.50112,70.4549401027995,234.046246250309,5
14.99,-194.83056,67.6766212442637,224.816871941643,5
15,-194.16,58.3191274826552,193.731969299182,5
15.01,-193.48944,65.3161879974151,216.975684201411,5
15.02,-192.81888,60.6672384279023,201.532216145181,5
15.03,-192.14832,62.1631126963182,206.501399298794,5
15.04,-191.47776,66.2195462179293,219.976574457275,5
15.05,-190.8072,61.177881150631,203.228533179798,5
15.06,-190.13664,56.0402518375487,186.16172292821,5
15.07,-189.46608,55.0925044426289,183.01338298616,5
15.08,-188.79552,58.9709010756301,195.897111348504,5
15.09,-188.12496,61.0284403470991,202.732101961115,5
15.1,-187.4544,48.3375579648225,160.574103392822,5
15.11,-186.78384,68.6636480290832,228.095703447769,5
15.12,-186.11328,42.3560705109646,140.704659219418,5
15.13,-185.44272,46.4798008468607,154.402880759179,5
15.14,-184.77216,40.9161627362832,135.921718791801,5
15.15,-184.1016,51.4165675329928,170.802244346221,5
15.16,-183.43104,49.9987007077401,166.092232900857,5
15.17,-182.76048,55.0658133369153,182.924717327528,5
15.18,-182.08992,57.9058937800468,192.359238773524,5
15.19,-181.41936,64.3179090848799,213.659474531535,5
15.2,-180.7488,47.7539979840214,158.635589521649,5
15.21,-180.07824,48.0576973177784,159.644440527894,5
15.22,-179.40768,40.7990264877645,135.532632534319,5
15.23,-178.73712,45.6686797367068,151.708461385363,5
15.24,-178.06656,20.1937398888834,67.2194713251138,5
15.25,-177.396,48.0591569556162,159.649289264015,5
15.26,-176.72544,41.080747927082,136.468415517405,5
15.27,-176.05488,54.3728125563077,180.622626338779,5
15.28,-175.38432,43.9912338664628,146.136291206003,5
15.29,-174.71376,43.8589391691611,145.696835534363,5
15.3,-174.0432,40.3430755572188,134.01812917916,5
15.31,-173.37264,47.2076497328546,156.820692354648,5
15.32,-172.70208,39.5141213841205,131.264683356077,5
15.33,-172.03152,35.4578304806001,117.792468413593,5
15.34,-171.36096,39.8115140843422,132.25249374542,5
15.35,-170.6904,43.4205688987281,144.240664028787,5
15.36,-170.01984,34.2894298714912,113.912392629437,5
15.37,-169.34928,37.1686290991093,123.47428191488,5
15.38,-168.67872,30.3610798694548,100.870594083645,5
15.39,-168.00816,37.094993149762,123.229715925066,5
15.4,-167.3376,36.0033119693579,119.604034209178,5
15.41,-166.66704,29.5191864236905,98.0767216738845,5
15.42,-165.99648,37.0479550202146,123.073489303647,5
15.43,-165.32592,26.2526845434778,87.2436804506638,5
15.44,-164.65536,40.7342009317249,135.317304747012,5
15.45,-163.9848,13.7440062499421,46.2533081580605,5
15.46,-163.31424,45.6844275520168,151.760773079864,5
15.47,-162.64368,33.1433080474267,110.106680366853,5
15.48,-161.97312,35.0349012082619,116.387947601626,5
15.49,-161.30256,25.4607454013287,84.6197370885042,5
15.5,-160.632,29.8625405802358,99.2160957426301,5
15.51,-159.96144,28.6961767801214,95.3461012846703,5
15.52,-159.29088,25.701903222272,85.4186359143663,5
15.53,-158.62032,23.9359558689187,79.5716948200957,5
15.54,-157.94976,31.9303601735043,106.079607507783,5
15.55,-157.2792,35.8998416747528,119.260400617267,5
15.56,-156.60864,30.1291947345769,100.101015768258,5
15.57,-155.93808,33.6376423424481,111.748071036609,5
15.58,-155.26752,27.2963812382736,90.7034773345187,5
15.59,-154.59696,34.9255840513828,116.02491919309,5
15.6,-153.9264,34.4021226370223,114.286612311485,5
15.61,-153.25584,17.2160487236084,57.461794505271,5
15.62,-152.58528,37.5303840214189,124.675784496473,5
15.63,-151.91472,34.7273002739239,115.366451476448,5
15.64,-151.24416,38.1867726159439,126.855902907832,5
15.65,-150.5736,46.4733163559158,154.38134023137,5
15.66,-149.90304,32.5163024205493,108.024898763122,5
15.67,-149.23248,23.8834158021044,79.397867062746,5
15.68,-148.56192,36.0711400282224,119.829298042195,5
15.69,-147.89136,35.1079792265091,116.630632031198,5
15.7,-147.2208,30.1155295951949,100.055665248447,5
15.71,-146.55024,37.2517391744762,123.750315134558,5
15.72,-145.87968,24.1458410516577,80.266179163356,5
15.73,-145.20912,31.0179213894423,103.050712539283,5
15.74,-144.53856,9.06013583432203,31.7856109300383,5
15.75,-143.868,24.2620599707731,80.6507890959909,5
15.76,-143.19744,29.4360592024764,97.8008901138867,5
15.77,-142.52688,26.7521147442908,88.8990457797871,5
15.78,-141.85632,25.1547676410607,83.6062871499631,5
15.79,-141.18576,25.2902617154893,84.055040462321,5
15.8,-140.5152,31.6466560042498,105.137786671686,5
15.81,-139.84464,15.9420659612209,53.3210553838755,5
15.82,-139.17408,23.2279185187514,77.2299217408384,5
15.83,-138.50352,29.1324027613686,96.7933535506291,5
15.84,-137.83296,26.8769524814425,89.3128859904909,5
15.85,-137.1624,31.398514338679,104.314058110496,5
15.86,-136.49184,35.4984534361824,117.927376736719,5
15.87,-135.82128,25.3808745043698,84.3551710918643,5
15.88,-135.15072,22.0650397076296,73.3878726006204,5
15.89,-134.48016,26.9092741713944,89.420037198037,5
15.9,-133.8096,25.1651393184503,83.6406364223535,5
15.91,-133.13904,15.9567260120254,53.3685480738328,5
15.92,-132.46848,32.9791548503071,109.561644606112,5
15.93,-131.79792,28.1999012121244,93.6998641701696,5
15.94,-131.12736,27.5607770157692,91.5801959504254,5
15.95,-130.4568,14.6041707792051,49.0052995526619,5
15.96,-129.78624,24.3502585568681,80.9426954407112,5
15.97,-129.11568,31.4593810654733,104.516107599565,5
15.98,-128.44512,15.9720856523531,53.4183114085773,5
15.99,-127.77456,23.7856255927288,79.074353000574,5
16,-127.104,26.7139050950094,88.7723848190685,5
16.01,-126.43344,34.9971708250322,116.262649458386,5
16.02,-125.76288,18.1006892614066,60.3508875504214,5
16.03,-125.09232,24.0088749390279,79.8129601020134,5
16.04,-124.42176,16.139494588008,53.9609739816863,5
16.05,-123.7512,15.4137865000674,51.6123994128152,5
16.06,-123.08064,9.33589763340574,32.603305418795,5
16.07,-122.41008,23.5250559300019,78.2124744691105,5
16.08,-121.73952,18.5059708497973,61.6775886307793,5
16.09,-121.06896,7.05554746089354,26.0321382014894,5
16.1,-120.3984,26.0928849224634,86.7141159941006,5
16.11,-119.72784,21.6363970539585,71.9731943955323,5
16.12,-119.05728,23.7673506685463,79.0138984014704,5
16.13,-118.38672,15.7882046147995,52.822848794703,5
16.14,-117.71616,15.8848411137421,53.1357080134038,5
16.15,-117.0456,10.5082754026916,36.1371843492792,5
16.16,-116.37504,27.7228151145179,92.1175499392593,5
16.17,-115.70448,12.6663803479756,42.837202976253,5
16.18,-115.03392,12.6505216602163,42.787231008496,5
16.19,-114.36336,6.00550205397875,23.1791717046545,6
16.2,-113.6928,18.2298843478742,60.7736145294142,5
16.21,-113.02224,12.8451010485383,43.4010064831803,5
16.22,-112.35168,10.8878090032345,37.2990092159302,5
16.23,-111.68112,13.8410744868023,46.5628361568578,5
16.24,-111.01056,12.3765115695036,41.925314844657,5
16.25,-110.34,14.699325239915,49.3109240266314,5
16.26,-109.66944,17.4113287475141,58.0986777436624,5
16.27,-108.99888,17.5211877807374,58.4571962014926,5
16.28,-108.32832,14.2846645387882,47.9807511129356,5
16.29,-107.65776,6.56990884103081,24.6970911408767,5
16.3,-106.9872,12.1900392533503,41.3404423090215,5
16.31,-106.31664,20.3320812974614,67.6747460468451,5
16.32,-105.64608,3.8632140233696,17.7989198996208,6
16.33,-104.97552,8.96289239359724,31.4986112511996,5
16.34,-104.30496,6.24630657336385,23.8221909584139,5
16.35,-103.6344,2.86685237915956,15.5336985190761,5
16.36,-102.96384,12.5052294277609,42.3298453025532,5
16.37,-102.29328,29.5652237458713,98.2294846018717,5
16.38,-101.62272,9.09225642409463,31.8805668610276,5
16.39,-100.95216,22.0836750680401,73.4493963289193,5
16.4,-100.2816,16.531372273835,55.2331729740692,5
16.41,-99.61104,14.642061546406,49.1269734578359,5
16.42,-98.94048,9.14249829842091,32.0292479498019,5
16.43,-98.26992,2.47706556522872,14.6931990044122,5
16.44,-97.5993599999999,15.0783040289872,50.5302927937815,5
16.45,-96.9288000000001,15.5566282816353,52.0738589138965,5
16.46,-96.2582399999999,0.820411445793854,11.4269330171763,5
16.47,-95.5876800000001,5.1498455154039,20.9534739912547,5
16.48,-94.9171200000001,7.86663334292074,28.3162572178637,5
16.49,-94.24656,5.26417423365985,21.2452819423398,5
16.5,-93.576,0.155764657317077,10.2610391885998,5
16.51,-92.9054400000002,20.9734543347676,69.7871488504841,5
16.52,-92.23488,7.57134809873457,27.4772264512997,5
16.53,-91.56432,2.99701415755067,15.8202170344382,6
16.54,-90.8937600000002,9.43738180128195,32.9056115672562,5
16.55,-90.2231999999999,9.79456132839393,33.9752561600124,5
16.56,-89.5526400000001,25.362990983943,84.295935268678,5
16.57,-88.8820800000001,2.72993478742009,15.2354507207372,5
16.58,-88.2115200000001,2.1474912820648,14.003424717094,6
16.59,-87.54096,8.80825121511835,31.0437050573908,5
16.6,-86.8704,-3.15638763348814,5.68966772387789,5
16.61,-86.19984,7.08012561762714,26.1003800493959,5
16.62,-85.52928,0.462836875198104,10.7892276992474,5
16.63,-84.8587200000002,7.07841648309399,26.0956325457112,5
16.64,-84.1881599999999,6.54515341792142,24.6297359361389,5
16.65,-83.5176000000001,3.83931043142761,17.7426824690981,6
16.66,-82.8470400000001,4.14679198238951,18.472912576502,6
16.67,-82.1764799999999,5.65863436469931,22.26549325436,5
16.68,-81.5059200000001,4.20155185594817,18.6044958308469,5
16.69,-80.83536,2.21427145205124,14.1416232140954,5
16.7,-80.1648,4.17042618745,18.5296472252855,5
16.71,-79.49424,12.5491964962216,42.4681706931579,5
16.72,-78.8236800000002,0.251726425313177,10.4241663119726,6
16.73,-78.1531199999999,10.5051743642355,36.1277247093366,5
16.74,-77.4825600000001,10.2085622510366,35.2255175483309,6
16.75,-76.8120000000001,7.57238755329628,27.4801653955547,5
16.76,-76.1414400000001,8.13727133148156,29.0923375424131,6
16.77,-75.4708800000001,0.468637276714408,10.7993780516672,6
16.78,-74.8003200000001,10.8433839368517,37.1626076911165,6
16.79,-74.12976,6.29227653175969,23.9457331481563,5
16.8,-73.4592,1.42702295286918,12.5640694949407,5
16.81,-72.7886400000002,10.1161124018071,34.9453910908972,6
16.82,-72.11808,5.27605506550691,21.2757078769614,5
16.83,-71.4475200000002,2.37933022329524,14.4866291558429,6
16.84,-70.7769600000001,1.51556021279816,12.7358007831693,6
16.85,-70.1063999999999,4.24830309233464,18.7171973090365,5
16.86,-69.4358400000001,6.3662201431148,24.1449748452378,5
16.87,-68.7652800000001,4.51171898790638,19.3583623886368,5
16.88,-68.0947200000001,0.937916747988246,11.6417924466281,5
16.89,-67.42416,8.95796862849053,31.4840986130768,6
16.9,-66.7536000000002,21.9693529287548,73.0719932291826,6
16.91,-66.08304,2.88791654665847,15.5798693142634,6
16.92,-65.41248,12.92578948988,43.6559296017264,6
16.93,-64.7419200000002,2.40644816277145,14.5437750632105,6
16.94,-64.0713599999999,2.91503321747602,15.6394187122151,5
16.95,-63.4008000000001,0.3939793599282,10.6692214560027,6
16.96,-62.7302400000001,6.30810117449301,23.9883188428588,6
16.97,-62.0596800000001,8.35413640469168,29.7188993210575,6
16.98,-61.38912,11.7918238750375,40.0962886156508,6
16.99,-60.7185600000003,0.288943577897507,10.487905979662,5
17,-60.048,15.7494937685006,52.6975729670086,6
17.01,-59.3774400000002,3.32626231924086,16.557776022693,6
17.02,-58.7068800000002,6.38306107363131,24.1904422269172,6
17.03,-58.0363199999999,13.783451128057,46.3790552168461,6
17.04,-57.3657600000001,2.76788813822141,15.3178000457362,5
17.05,-56.6951999999999,14.0240891591345,47.1471694595145,5
17.06,-56.0246400000001,7.67776552141412,27.7786504259257,5
17.07,-55.3540800000001,5.5226862164736,21.9115731039735,6
17.08,-54.6835200000003,4.88752859114012,20.2907610021193,6
17.09,-54.01296,16.5263173190508,55.2167460953519,5
17.1,-53.3424,5.12735698457599,20.8962853215564,5
17.11,-52.67184,10.2315777323461,35.2953364085351,6
17.12,-52.00128,16.1109227904131,53.8683217087989,6
17.13,-51.3307200000002,27.4459983291144,91.1995857297143,6
17.14,-50.6601599999999,8.737849914389,30.8372259106516,6
17.15,-49.9896000000001,20.2877779718325,67.5289313050621,6
17.16,-49.3190400000001,5.85776705188595,22.7881803590789,6
17.17,-48.6484799999998,11.673047878245,39.7265362883749,6
17.18,-47.97792,24.2571723184075,80.634613326413,6
17.19,-47.30736,20.8862333176808,69.4997271934638,6
17.2,-46.6368,17.2012424958849,57.4135271679186,6
17.21,-45.96624,14.9213714924165,50.02495576466,6
17.22,-45.2956800000002,5.45812196209543,21.7443341410399,6
17.23,-44.6251199999999,31.5501048043853,104.81727235726,6
17.24,-43.9545600000001,21.5289259943651,71.6186460130352,6
17.25,-43.2840000000001,19.8893957110485,66.2183793979501,6
17.26,-42.6134400000001,25.2940781924983,84.0676811518802,6
17.27,-41.9428800000001,15.9691936795149,53.4089414422276,6
17.28,-41.27232,12.0316096369124,40.8446464360514,6
17.29,-40.60176,26.3293852402965,87.4978775151416,6
17.3,-39.9312,13.3515702672495,45.0048380532326,6
17.31,-39.2606400000002,11.5827679378651,39.4459224984282,6
17.32,-38.5900799999999,17.9067884151166,59.716804579422,6
17.33,-37.9195200000001,17.6623239424437,58.9180166829816,6
17.34,-37.2489600000001,15.4114530643581,51.6048645834925,6
17.35,-36.5783999999999,22.7335786303285,75.5959900120421,6
17.36,-35.9078400000001,12.9592082736998,43.7615788105123,6
17.37,-35.2372800000001,29.0039895480062,96.3673021189161,6
17.38,-34.56672,17.5973051702316,58.7056935396685,6
17.39,-33.89616,21.2128264529156,70.5761904557782,6
17.4,-33.2256000000002,28.7736442367735,95.6030986964417,6
17.41,-32.55504,27.1231265737497,90.1290300002485,6
17.42,-31.8844799999999,20.9598549141202,69.7423312954959,6
17.43,-31.2139200000001,37.1440460282529,123.39263443597,6
17.44,-30.5433599999999,23.7716545930216,79.0281359588297,6
17.45,-29.8728000000001,19.3423036886133,64.4206318478649,6
17.46,-29.2022400000001,25.5241901439678,84.8299026012103,6
17.47,-28.5316800000001,22.2185929137802,73.8948689920044,6
17.48,-27.86112,18.2503940699995,60.8407397166662,6
17.49,-27.1905600000002,21.1300912438602,70.3034327923047,6
17.5,-26.52,23.1475231618069,76.9641299255286,6
17.51,-25.8494400000002,7.44215802543737,27.1127766452061,6
17.52,-25.1788800000002,29.0172919466702,96.4114363050636,6
17.53,-24.5083199999999,24.8559654811588,82.6168135987281,6
17.54,-23.8377600000001,21.473226878011,71.4349179351783,6
17.55,-23.1672000000001,34.8161280022443,115.6614324854,6
17.56,-22.4966400000001,34.4843752330879,114.559751331667,6
17.57,-21.82608,27.8777532308798,92.6313904686815,6
17.58,-21.1555200000003,32.5134790513363,108.01552498683,6
17.59,-20.48496,29.3255996645561,97.4343741611748,6
17.6,-19.8144,29.3503893592646,97.516627946361,6
17.61,-19.1438400000002,23.943212639661,79.5957043679794,6
17.62,-18.4732799999999,32.0298895879342,106.410027623987,6
17.63,-17.8027200000001,20.5133596013105,68.2715248633921,6
17.64,-17.1321600000001,32.4531835755397,107.815340757452,6
17.65,-16.4616000000001,38.2783338005871,127.160016892871,6
17.66,-15.7910400000001,51.4419782239236,170.886656226932,6
17.67,-15.12048,38.6977488471104,128.553086123823,6
17.68,-14.44992,50.4984697390589,167.75241400007,6
17.69,-13.77936,42.0241008112079,139.601946360236,6
17.7,-13.1088000000002,44.597034761984,148.148643293017,6
17.71,-12.43824,35.8117458168581,118.967828485189,6
17.72,-11.7676800000002,41.5123651795215,137.902110585164,6
17.73,-11.0971199999999,41.2248636301651,136.947120808432,6
17.74,-10.4265600000001,46.4349948327715,154.254041767108,6
17.75,-9.75600000000009,61.4770875226158,204.222474500748,6
17.76,-9.08544000000029,56.4353248078622,187.474123805793,6
17.77,-8.41488000000004,41.1634465426491,136.74311315644,6
17.78,-7.74432000000002,66.6194802358447,221.305126204393,6
17.79,-7.07375999999999,53.6448224502979,178.204305172061,6
17.8,-6.40319999999997,56.6812081023137,188.290928625225,6
17.81,-5.73264000000017,53.5821435738222,177.996091357417,6
17.82,-5.06207999999992,66.2550825043966,220.094623417602,6
17.83,-4.39152000000013,56.6130331897822,188.064456958045,6
17.84,-3.7209600000001,62.6459996755443,208.105514199161,6
17.85,-3.05039999999985,81.921514956564,272.137382202633,6
17.86,-2.37984000000006,68.1164852176899,226.278068195628,6
17.87,-1.70928000000004,73.1785870509254,243.09400496256,6
17.88,-1.03872000000001,92.4963953828963,307.266374506373,6
17.89,-0.368159999999989,91.7108023279253,304.656690867526,6
17.9,0.302399999999807,77.4867164005056,257.405300448746,6
17.91,0.972960000000057,84.1307500272634,279.476302215243,6
17.92,1.64352000000008,79.174664991861,263.012544214223,6
17.93,2.31407999999988,71.949666945138,239.011620963733,6
17.94,2.98464000000013,66.6427104854252,221.382295406363,6
17.95,3.65519999999992,69.5067405093532,230.896395698286,6
17.96,4.32575999999995,57.781067515539,191.944575579814,6
17.97,4.99631999999997,49.4076969591538,164.128981981591,6
17.98,5.66687999999999,57.926176644453,192.426616881768,6
17.99,6.33743999999979,64.0784482270734,212.864003082957,6
18,7.00800000000004,74.6896144905942,248.11352926263,6
18.01,7.67856000000006,46.740891276601,155.270185460778,6
18.02,8.34911999999986,50.560461548059,167.958344509078,6
18.03,9.01968000000011,42.2118637712617,140.22564311151,6
18.04,9.6902399999999,51.9210501372393,172.478087864474,6
18.05,10.3607999999999,30.7831479885078,102.271445593755,6
18.06,11.0313599999999,52.5748155250755,174.649836519125,6
18.07,11.70192,44.1478655847065,146.656590125882,6
18.08,12.3724799999998,38.4823155306071,127.83753114835,6
18.09,13.04304,42.0185848048592,139.583623734187,6
18.1,13.7136,39.8226841331509,132.289595974564,6
18.11,14.3841599999998,43.4549793421403,144.354967868055,6
18.12,15.0547200000001,34.6177013577088,115.002495868382,6
18.13,15.7252799999999,33.5381273227411,111.417633943905,6
18.14,16.3958399999999,48.894949278684,162.425691777147,6
18.15,17.0663999999999,25.1717899411828,83.6626623109726,6
18.16,17.73696,30.4347013809992,101.114936497376,6
18.17,18.40752,40.0141259036181,132.925486970067,6
18.18,19.07808,28.9532400720808,96.1989290257492,6
18.19,19.74864,24.9214140329311,82.8335258791506,6
18.2,20.4191999999998,35.2387173043926,117.064802595685,6
18.21,21.0897600000001,28.4592218570663,94.5600448494239,6
18.22,21.7603199999999,32.0946001935166,106.624857981568,6
18.23,22.4308799999999,31.6019792522588,104.989475747677,6
18.24,23.1014399999999,23.9410102180393,79.5884174806066,6
18.25,23.7719999999999,43.876183728635,145.754118369877,6
18.26,24.44256,22.2987309693842,74.1595086111911,6
18.27,25.11312,37.5400328693898,124.70783162277,6
18.28,25.78368,25.1094342483776,83.4561534221175,6
18.29,26.4542399999998,14.7577758589135,49.4987694108775,6
18.3,27.1248000000001,25.416697865035,84.4738314034088,6
18.31,27.7953599999998,34.4879094909597,114.571487704655,6
18.32,28.4659199999999,31.9938669589777,106.290438290693,6
18.33,29.1364799999999,25.4367573388715,84.5402770772575,6
18.34,29.8070399999999,17.2728709879277,57.647059755734,6
18.35,30.4775999999999,18.6980289527768,62.3069081227765,6
18.36,31.14816,21.3753293681091,71.1120355318701,6
18.37,31.81872,31.4918158440446,104.62377694803,6
18.38,32.4892799999998,27.2211751756434,90.4541169669854,6
18.39,33.15984,21.4596317254221,71.3900757378569,6
18.4,33.8303999999998,37.5498575839172,124.740462874976,6
18.41,34.5009599999998,35.355920310841,117.454027612741,6
18.42,35.1715200000001,29.9468965787891,99.4960341517619,6
18.43,35.8420799999999,34.4699472894653,114.51183982968,6
18.44,36.5126400000001,23.6534387311312,78.6370947066108,6
18.45,37.1831999999999,25.2852314703195,84.0383796580149,6
18.46,37.85376,31.725508264956,105.399550667194,6
18.47,38.52432,24.6672033598499,81.9918474121106,6
18.48,39.19488,18.2306979900639,60.7762773667218,6
18.49,39.8654399999998,29.9156664043387,99.3923950501015,6
18.5,40.5360000000001,20.9438584979175,69.6896157534286,6
18.51,41.2065600000001,16.901084467799,56.4357090122679,6
18.52,41.8771199999999,23.4801287131484,78.0638927821268,6
18.53,42.5476800000001,31.686986666507,105.271671020299,6
18.54,43.2182399999999,28.8397186177411,95.8223045108379,6
18.55,43.8887999999999,17.6027255467471,58.7233920764495,6
18.56,44.55936,20.9251442088013,69.6279455388768,6
18.57,45.22992,7.76017309131539,28.0128094331772,6
18.58,45.9004799999998,21.9318748438902,72.9482832128068,6
18.59,46.57104,40.1589214394067,133.406440179626,6
18.6,47.2416000000001,23.249672517629,77.3018457719669,6
18.61,47.9121599999999,23.3884841075463,77.7608303801916,6
18.62,48.5827200000001,42.9454703955658,142.662496832853,6
18.63,49.2532799999999,28.6452072495262,95.1770138075173,6
18.64,49.9238399999999,34.8336959898496,115.719772869163,6
18.65,50.5944,23.2039630085579,77.1507209489399,6
18.66,51.26496,20.4464757512356,68.0513132762103,6
18.67,51.93552,15.9326080922967,53.2904177896412,6
18.68,52.60608,26.7550822849469,88.9088829629061,6
18.69,53.27664,29.3318409439162,97.4550830719499,6
18.7,53.9471999999998,21.4093424133198,71.2242103502312,6
18.71,54.6177600000001,25.2672375232206,83.9787819102779,6
18.72,55.2883199999999,15.306110348694,51.2648242740963,6
18.73,55.9588799999999,20.4224006824565,67.9720547666649,6
18.74,56.6294399999999,17.4713982226021,58.2946911463995,6
18.75,57.3,20.4110188757499,67.9345856335716,6
18.76,57.97056,16.6913448167743,55.7532415037859,6
18.77,58.64112,14.4172248748659,48.4055092342221,6
18.78,59.31168,22.0346177512042,73.2874395110054,6
18.79,59.9822399999998,10.0513029601365,34.749330695687,6
18.8,60.6528000000001,30.4527434081949,101.174816749968,6
18.81,61.3233599999999,17.5438384249783,58.5311349801332,6
18.82,61.9939199999999,23.8811908081045,79.3905059030244,6
18.83,62.6644799999999,24.0699967025969,80.0152043283282,6
18.84,63.3350399999999,18.4125083780396,61.3714778051918,6
18.85,64.0056,14.6251131196256,49.0725447098972,6
18.86,64.67616,14.2609069762594,47.9046744840025,6
18.87,65.34672,14.904095910813,49.9693612617072,6
18.88,66.0172799999998,23.464018260228,78.0106145365176,6
18.89,66.6878400000001,13.00630568733,43.9105376708334,6
18.9,67.3583999999998,14.7640451771521,49.5189222775929,6
18.91,68.0289599999999,30.6932437914669,101.973042078863,6
18.92,68.6995200000001,23.1065603038123,76.8287133837665,6
18.93,69.3700799999999,17.8312962673881,59.4700555702008,6
18.94,70.0406399999999,28.0782409035861,93.2963367858431,6
18.95,70.7112,13.0838301604599,44.1558980518249,6
18.96,71.38176,24.6354161280163,81.8866131149283,6
18.97,72.0523199999998,13.9286251684026,46.8422504813516,6
18.98,72.72288,19.9196856443503,66.3179822128079,6
18.99,73.3934399999998,12.7280675020574,43.0316728586991,6
19,74.0639999999999,19.949263068533,66.4152488343907,6
19.01,74.7345600000001,12.6111247301655,42.6631289445431,6
19.02,75.4051199999999,18.7878657291724,62.6014057937158,6
19.03,76.0756799999999,3.64755392583472,17.2948307249022,6
19.04,76.7462399999999,25.5500877891804,84.9156929847954,6
19.05,77.4168,22.6745419666912,75.4009210717375,6
19.06,78.0873599999998,18.5815658635868,61.9252466050888,6
19.07,78.75792,23.677826550739,78.7177624433528,6
19.08,79.4284799999998,27.3946297652347,91.0292515667489,6
19.09,80.0990399999998,17.5941960882842,58.6955419795941,6
19.1,80.7696000000001,9.60609100944633,33.4097641560161,6
19.11,81.4401599999999,20.8001034450024,69.215947022234,6
19.12,82.1107200000001,23.3905818949624,77.7677672948166,6
19.13,82.7812799999999,11.2973316957573,38.5612353362551,6
19.14,83.4518399999999,16.4336171177613,54.9155763386302,6
19.15,84.1223999999997,15.6050366931034,52.2303392646586,6
19.16,84.79296,12.9581868559599,43.7583491475437,6
19.17,85.46352,9.42298407689067,32.8626785895453,6
19.18,86.13408,20.8614864905154,69.4181868004491,6
19.19,86.8046400000001,9.76518701079586,33.8869649692083,6
19.2,87.4751999999999,24.2422912966723,80.5853647483281,6
19.21,88.1457600000001,6.01320749451192,23.1996386271555,6
19.22,88.8163199999999,22.2057269519072,73.8523844706749,6
19.23,89.4868799999999,6.85302451302299,25.4722689820209,6
19.24,90.15744,20.7485208191777,69.0460150739135,6
19.25,90.828,4.7012424545277,19.826025306032,7
19.26,91.49856,18.0512799866482,60.1892705369043,6
19.27,92.16912,22.0275726691878,73.2641819534734,6
19.28,92.83968,19.7166802568902,65.650572967367,6
19.29,93.5102399999998,20.4861780893864,68.1820275248742,6
19.3,94.1808000000001,14.4726701060598,48.5833053442537,6
19.31,94.8513599999999,27.4857538207954,91.331414336304,6
19.32,95.5219199999999,12.8653475708681,43.4649505420643,6
19.33,96.1924799999999,7.1522408106326,26.3009740044179,6
19.34,96.86304,22.5754675284906,75.0735914335163,6
19.35,97.5336,16.7950841224561,56.0907122943398,6
19.36,98.20416,25.6959101751216,85.398780896594,6
19.37,98.87472,26.3532617340854,87.5770097630564,6
19.38,99.5452799999998,15.4269784856037,51.6549993954265,6
19.39,100.21584,1.06545811684778,11.8779562366946,6
19.4,100.8864,5.36567556448338,21.505831334353,6
19.41,101.55696,7.76784586127496,28.0346440278521,6
19.42,102.22752,5.99676067591563,23.155961977244,6
19.43,102.89808,18.2377111522997,60.7992299118672,6
19.44,103.56864,21.1694879509874,70.4333091477712,6
19.45,104.2392,22.5795676515211,75.0871369230524,6
19.46,104.90976,10.7906787881961,37.0009209291159,6
19.47,105.58032,28.1473695522845,93.5256231054682,6
19.48,106.25088,16.9668364065973,56.6497951544172,6
19.49,106.92144,34.3337913555729,114.059703704373,6
19.5,107.592,1.03162983050036,11.8150185796818,6
19.51,108.26256,21.4275885602641,71.284388634608,6
19.52,108.93312,19.0612116427185,63.4979547034927,6
19.53,109.60368,16.6290897053587,55.5508024351134,6
19.54,110.27424,3.90916138413639,17.9072723726184,6
19.55,110.9448,1.1354108420645,12.0087871003889,6
19.56,111.61536,21.7746965671507,72.4295340089753,6
19.57,112.28592,17.4258435355532,58.146036714121,6
19.58,112.95648,16.9781565383444,56.6866596025496,6
19.59,113.62704,9.16306772900643,32.0901732149552,6
19.6,114.2976,0.919361871834507,11.6076909960673,6
19.61,114.96816,19.5122763237121,64.9788987122715,6
19.62,115.63872,14.4154018587752,48.3996647120328,6
19.63,116.30928,11.5671285331055,39.3973493996683,6
19.64,116.97984,21.7057323407769,72.2019642034722,6
19.65,117.6504,22.8356612196396,75.9333243565557,6
19.66,118.32096,17.4348283061563,58.1753537077772,6
19.67,118.99152,1.51845593817335,12.7414420637027,6
19.68,119.66208,10.8871126705516,37.2968704009112,6
19.69,120.33264,12.0817036339517,41.0012990407485,6
19.7,121.0032,8.81314709013737,31.0580786551323,6
19.71,121.67376,7.13493555523496,26.2527887456142,6
19.72,122.34432,16.402702924219,54.8151721444971,6
19.73,123.01488,2.90200043127426,15.6107824139546,6
19.74,123.68544,12.7589255127835,43.1290059363227,6
19.75,124.356,7.87440841112928,28.3384600345729,6
19.76,125.02656,14.6574968983043,49.1765492028985,6
19.77,125.69712,7.83661148963599,28.2305779955093,6
19.78,126.36768,-0.277382713788334,9.54663259380801,6
19.79,127.03824,16.0657211030881,53.7217720236601,6
19.8,127.7088,7.69049931934307,27.8147911452087,6
19.81,128.37936,11.8635304633332,40.3198179796935,6
19.82,129.04992,-1.92658573982066,7.15202705216358,6
19.83,129.72048,12.6419068604371,42.7600890376318,6
19.84,130.39104,13.1557422425862,44.3836791772139,6
19.85,131.0616,7.90033487729616,28.4125370140796,6
19.86,131.73216,-0.181860459179259,9.70109830765089,6
19.87,132.40272,12.3756754936059,41.9226893746136,6
19.88,133.07328,7.07146654565328,26.0763306931011,6
19.89,133.74384,3.15054653756004,16.1618833262037,7
19.9,134.4144,14.4857513424892,48.6252643646622,6
19.91,135.08496,13.5949735326021,45.7786248764799,6
19.92,135.75552,12.6248870431221,42.7064742133708,6
19.93,136.42608,8.20238460816881,29.2800321821397,6
19.94,137.09664,9.41221361964184,32.8305713966339,6
19.95,137.7672,0.647490433502049,11.1155063303476,6
19.96,138.43776,3.8707685266974,17.8167119755701,6
19.97,139.10832,1.15480360550915,12.0452198555214,6
19.98,139.77888,6.63535981764498,24.8755052559937,6
19.99,140.44944,8.10169736630763,28.989950335104,6
20,141.12,4.70319328683128,19.8308663191452,6
