time_s,ue_x_m,SINR_dB,throughput_Mbps,serving_idx
0,-1200,2.05657765445738,13.8165739642782,1
0.01,-1199.865888,16.4195768897405,54.8699740215546,1
0.02,-1199.731776,10.6523134706436,36.5771714279211,1
0.03,-1199.597664,13.5025410403216,45.4845597701058,1
0.04,-1199.463552,1.34390721802704,12.4041819036747,1
0.05,-1199.32944,12.9140753485085,43.6189061614627,1
0.06,-1199.195328,13.9393188737856,46.876394095862,1
0.07,-1199.061216,12.1380038965662,41.1774854522519,1
0.08,-1198.927104,3.23391111465798,16.3490634690849,1
0.09,-1198.792992,6.85829406187262,25.4867807215291,1
0.1,-1198.65888,2.40642605212208,14.5437284160854,1
0.11,-1198.524768,6.57046180377474,24.6985964491567,1
0.12,-1198.390656,11.7739854779239,40.040716818724,1
0.13,-1198.256544,-0.40834076423892,9.33769748513712,1
0.14,-1198.122432,16.1605320484257,54.0292032575327,1
0.15,-1197.98832,2.00881869126158,13.7190156303238,1
0.16,-1197.854208,11.4258140033022,38.9589737291221,1
0.17,-1197.720096,10.1469342826876,35.038724248038,1
0.18,-1197.585984,10.1873521060483,35.1612037834038,1
0.19,-1197.451872,-1.83874641262757,7.26678798948115,4
0.2,-1197.31776,5.68834399117606,22.3431554372798,1
0.21,-1197.183648,8.56968763687164,30.345630228306,1
0.22,-1197.049536,5.1781015551651,21.0254277952725,1
0.23,-1196.915424,17.0470691415302,56.9111167489668,1
0.24,-1196.781312,7.59698469272391,27.5497416377232,1
0.25,-1196.6472,7.91084386683203,28.4425808483586,1
0.26,-1196.513088,7.27189320986552,26.6349819869464,1
0.27,-1196.378976,1.72747267760929,13.1527326497332,1
0.28,-1196.244864,11.2800877772699,38.507915243353,1
0.29,-1196.110752,14.2679286725787,47.9271578459851,1
0.3,-1195.97664,10.5738177583671,36.3372482202616,1
0.31,-1195.842528,12.1359127468531,41.1709390318193,1
0.32,-1195.708416,8.20782340770801,29.2957267970422,1
0.33,-1195.574304,7.11197952697034,26.1889173279224,1
0.34,-1195.440192,11.7378429923829,39.9281661201702,1
0.35,-1195.30608,1.05427352735336,11.8571234006938,1
0.36,-1195.171968,4.93639184586066,20.4134794224827,1
0.37,-1195.037856,5.9234263767842,22.9616185538845,1
0.38,-1194.903744,6.07847340439145,23.3732866170843,1
0.39,-1194.769632,1.3228545899751,12.3638880950409,1
0.4,-1194.63552,1.12837203861659,11.9955809419979,4
0.41,-1194.501408,3.95126100818362,18.0068425110542,7
0.42,-1194.367296,-1.46383070499273,7.77254636065293,4
0.43,-1194.233184,2.27724049610546,14.2726673370007,7
0.44,-1194.099072,3.83260079673876,17.7269131088086,1
0.45,-1193.96496,0.058585394928223,10.0976363989939,7
0.46,-1193.830848,0.491022675069278,10.838611294599,7
0.47,-1193.696736,0.76046046013793,11.3183198683941,1
0.48,-1193.562624,1.14401267671374,12.024938454052,1
0.49,-1193.428512,0.0645629469209761,10.1076352797778,7
0.5,-1193.2944,2.41227512101443,14.5560712934371,1
0.51,-1193.160288,0.355456366049747,10.6024774744906,1
0.52,-1193.026176,0.451457297509482,10.7693327652326,7
0.53,-1192.892064,-0.613724521512437,9.0166090053669,1
0.54,-1192.757952,1.90671853119407,13.511841972415,1
0.55,-1192.62384,4.359413432037,18.9863760441231,1
0.56,-1192.489728,5.82462248067686,22.7008340396553,1
0.57,-1192.355616,10.0861313281728,34.8546603865793,1
0.58,-1192.221504,8.96911481012111,31.5169542739196,1
0.59,-1192.087392,7.83645540724683,28.2301327709621,1
0.6,-1191.95328,1.01713791303512,11.7881223171451,1
0.61,-1191.819168,2.12138206513926,13.9496109948466,1
0.62,-1191.685056,-0.144124988672946,9.76259955411165,7
0.63,-1191.550944,4.89977883179158,20.3214954143725,11
0.64,-1191.416832,0.494078556612113,10.8439745240239,1
0.65,-1191.28272,2.54209743006468,14.8315826391235,1
0.66,-1191.148608,0.654733233190237,11.1284364701562,7
0.67,-1191.014496,7.97613241221346,28.6294584708197,1
0.68,-1190.880384,2.96263275941304,15.7442536833349,7
0.69,-1190.746272,9.2739415078515,32.4191085176077,7
0.7,-1190.61216,1.82824984761343,13.3539104267305,7
0.71,-1190.478048,2.50072085803991,14.7434497467775,1
0.72,-1190.343936,1.1363430851952,12.0105368675717,1
0.73,-1190.209824,8.55000365371733,30.288237454349,1
0.74,-1190.075712,7.85687798352009,28.2884072950265,7
0.75,-1189.9416,6.28720304693397,23.9320861355003,1
0.76,-1189.807488,11.8462569621689,40.2659509134204,1
0.77,-1189.673376,7.72314749830908,27.9075226722766,1
0.78,-1189.539264,7.17073781161393,26.3525118955864,1
0.79,-1189.405152,1.61201504569418,12.924544339223,7
0.8,-1189.27104,10.4454427218245,35.9456229668284,1
0.81,-1189.136928,4.54699866252703,19.4450190862645,1
0.82,-1189.002816,6.99718825548413,25.8703574031116,1
0.83,-1188.868704,5.48981078567725,21.8263483767212,1
0.84,-1188.734592,13.5816442761354,45.7362028269193,1
0.85,-1188.60048,0.646294454205777,11.113372179199,11
0.86,-1188.466368,11.6857072742982,39.7659148981343,1
0.87,-1188.332256,11.78390652124,40.0716220027818,1
0.88,-1188.198144,0.726095774335383,11.2563688723237,11
0.89,-1188.064032,15.049022318377,50.4359606953056,1
0.9,-1187.92992,9.90779108125751,34.3161215830904,1
0.91,-1187.795808,2.37063895562547,14.4683415808713,1
0.92,-1187.661696,13.0878099665454,44.1684994721243,1
0.93,-1187.527584,7.45800805587733,27.1574019421491,1
0.94,-1187.393472,-1.19950837861613,8.14479425841236,11
0.95,-1187.25936,2.32593212748734,14.37448472573,1
0.96,-1187.125248,6.52020117556652,24.5619156525371,1
0.97,-1186.991136,10.2603776015385,35.3827476872787,1
0.98,-1186.857024,5.57208359962168,22.0398942027933,1
0.99,-1186.722912,8.64360699976946,30.5614402505853,1
1,-1186.5888,13.3472965245917,44.9912684997151,1
1.01,-1186.454688,10.995431174473,37.6298837660981,1
1.02,-1186.320576,7.91206775512032,28.4460804443866,1
1.03,-1186.186464,11.1228263268055,38.0223288776097,1
1.04,-1186.052352,18.8039130588433,62.654019626427,1
1.05,-1185.91824,20.540721800586,68.3616221122124,1
1.06,-1185.784128,22.3412314676079,74.299869494778,1
1.07,-1185.650016,16.7050120873932,55.7976924505849,1
1.08,-1185.515904,14.0945199038602,47.3722944069242,1
1.09,-1185.381792,17.4095238088014,58.0927887717576,1
1.1,-1185.24768,20.9029932433637,69.5549530117561,1
1.11,-1185.113568,11.3786319593361,38.812820839494,1
1.12,-1184.979456,5.78302919492639,22.5914181651314,1
1.13,-1184.845344,11.3268663771568,38.6525937606571,1
1.14,-1184.711232,14.8198607499619,49.6983840013886,1
1.15,-1184.57712,13.8960437162202,46.7382423197625,1
1.16,-1184.443008,13.7072083745462,46.1360412337536,1
1.17,-1184.308896,9.07247481092553,31.8220786662717,1
1.18,-1184.174784,16.4782526904156,55.06057330636,1
1.19,-1184.040672,9.21664531819885,32.249012661889,1
1.2,-1183.90656,11.3073606243186,38.5922526145793,1
1.21,-1183.772448,12.1781550059111,41.3032150852471,1
1.22,-1183.638336,18.2410199411229,60.8100590438383,1
1.23,-1183.504224,12.7057669012356,42.9613535584308,1
1.24,-1183.370112,20.7028686814474,68.8956343578638,1
1.25,-1183.236,13.4563470045649,45.3376977428243,1
1.26,-1183.101888,15.1165172986266,50.6534270350085,1
1.27,-1182.967776,7.85143034689398,28.272859031427,1
1.28,-1182.833664,14.0669046250468,47.2840084520641,1
1.29,-1182.699552,19.2988270116049,64.2778747855017,1
1.3,-1182.56544,23.6918424665426,78.7641238476849,1
1.31,-1182.431328,18.6573253731207,62.1735026287464,1
1.32,-1182.297216,21.0580673690395,70.0660201031444,1
1.33,-1182.163104,25.2302575118284,83.8563027252793,1
1.34,-1182.028992,22.3389274438311,74.2922600893541,1
1.35,-1181.89488,18.3685854705605,61.2276525114359,1
1.36,-1181.760768,26.7295428897081,88.8242221752423,1
1.37,-1181.626656,11.2115948345508,38.2962728962235,1
1.38,-1181.492544,8.56483173825144,30.3314688844365,1
1.39,-1181.358432,22.4491746868114,74.656395196466,1
1.4,-1181.22432,27.5586207063428,91.573045387663,1
1.41,-1181.090208,26.6848123345482,88.6759469720266,1
1.42,-1180.956096,22.801726203536,75.8211806851378,1
1.43,-1180.821984,14.5130440060772,48.7128215488375,1
1.44,-1180.687872,26.9433495969156,89.5330040552852,1
1.45,-1180.55376,27.390395735889,91.015212017574,1
1.46,-1180.419648,26.5526574613499,88.2378922564929,1
1.47,-1180.285536,21.6759059413384,72.1035498214289,1
1.48,-1180.151424,25.3449173643088,84.2360704961244,1
1.49,-1180.017312,22.2432261278713,73.9762120927003,1
1.5,-1179.8832,7.84728593372637,28.2610321773172,1
1.51,-1179.749088,12.9531103441793,43.7422980580609,1
1.52,-1179.614976,13.1451574565169,44.3501409399411,1
1.53,-1179.480864,24.1388236211981,80.242957231429,1
1.54,-1179.346752,5.07603635260409,20.7660368881259,1
1.55,-1179.21264,3.99690411952405,18.1151067912535,1
1.56,-1179.078528,21.2220399276698,70.6065674464704,1
1.57,-1178.944416,27.4278437350173,91.1393860916047,1
1.58,-1178.810304,27.0279503448138,89.8134801721333,1
1.59,-1178.676192,29.2405373232771,97.1521360813118,1
1.6,-1178.54208,25.6658156658595,85.2990786385043,1
1.61,-1178.407968,23.5540555884734,78.3083847175168,1
1.62,-1178.273856,17.1759037439786,57.330931630155,1
1.63,-1178.139744,29.8936505811602,99.3193347505738,1
1.64,-1178.005632,20.0771453576784,66.8358710024514,1
1.65,-1177.87152,22.7398469999919,75.6167027874847,1
1.66,-1177.737408,19.5327553754974,65.0461776702828,1
1.67,-1177.603296,18.8801150607748,62.9038948722919,1
1.68,-1177.469184,19.7589143954742,65.7893970958757,1
1.69,-1177.335072,21.2620276755361,70.7384133461148,1
1.7,-1177.20096,0.634402295046672,11.0921661566328,1
1.71,-1177.066848,16.2171992502988,54.2130266614918,1
1.72,-1176.932736,15.6484371135006,52.3706709904399,1
1.73,-1176.798624,22.1039167263056,73.5162250104484,1
1.74,-1176.664512,17.340592512912,57.8679195206223,1
1.75,-1176.5304,2.50676034885999,14.7562951940132,7
1.76,-1176.396288,15.0905447140883,50.5697322931251,1
1.77,-1176.262176,16.6243920754162,55.5355293342049,1
1.78,-1176.128064,21.5274324893309,71.6137193492366,1
1.79,-1175.993952,13.4470312373999,45.308088811306,1
1.8,-1175.85984,18.5265672935909,61.7450590536678,1
1.81,-1175.725728,21.0296491432329,69.9723533473468,1
1.82,-1175.591616,14.0287416427088,47.1620364007997,1
1.83,-1175.457504,13.0286070768402,43.98109902105,1
1.84,-1175.323392,13.2507046542061,44.684738314611,1
1.85,-1175.18928,13.7589344797748,46.3008927182325,1
1.86,-1175.055168,17.3744892854605,57.97849033122,1
1.87,-1174.921056,4.95510327499138,20.4605615919801,1
1.88,-1174.786944,7.38046885108451,26.9393298436508,1
1.89,-1174.652832,15.9543009881462,53.360691694072,1
1.9,-1174.51872,15.6755142155099,52.4582414560705,1
1.91,-1174.384608,13.2416779058234,44.656107943905,1
1.92,-1174.250496,-3.13420713849322,5.71372209600248,1
1.93,-1174.116384,8.68615002248557,30.6858468116945,1
1.94,-1173.982272,18.7735925570469,62.5546109618577,1
1.95,-1173.84816,16.5413022429391,55.2654431963934,1
1.96,-1173.714048,24.5309158849912,81.5406750039284,1
1.97,-1173.579936,12.7855116663757,43.2128925370559,1
1.98,-1173.445824,9.3722228288327,32.7114288331045,1
1.99,-1173.311712,12.6162765703494,42.6793541539877,1
2,-1173.1776,10.2477254502425,35.3443406304768,1
2.01,-1173.043488,17.4778105864934,58.3156182335546,1
2.02,-1172.909376,11.5787449491442,39.4334267526583,1
2.03,-1172.775264,22.2324001311968,73.9404624556973,1
2.04,-1172.641152,23.0929747969161,76.7838032787689,1
2.05,-1172.50704,22.9121917020482,76.1862481400021,1
2.06,-1172.372928,3.23088912034076,16.3422578055786,1
2.07,-1172.238816,14.024991058158,47.1500514169061,1
2.08,-1172.104704,26.1821703709494,87.0099957714975,1
2.09,-1171.970592,18.3891648972805,61.2950371329635,1
2.1,-1171.83648,12.1282320426416,41.1468958666543,1
2.11,-1171.702368,24.1392902497667,80.2445013843132,1
2.12,-1171.568256,16.001982897509,53.5151872166348,1
2.13,-1171.434144,13.019089113262,43.9509821823733,1
2.14,-1171.300032,13.4250099659497,45.2381080512145,1
2.15,-1171.16592,26.6084883812123,88.4229518735055,1
2.16,-1171.031808,28.6215072308955,95.0983917481729,1
2.17,-1170.897696,22.4858947218584,74.777689305624,1
2.18,-1170.763584,22.6827693690702,75.4281052041396,1
2.19,-1170.629472,23.4258682440486,77.8844536573489,1
2.2,-1170.49536,27.3502010578571,90.8819323816436,1
2.21,-1170.361248,34.8748371827977,115.856396275222,1
2.22,-1170.227136,21.9014624460568,72.8479010541795,1
2.23,-1170.093024,23.1516536889198,76.9777851186515,1
2.24,-1169.958912,20.4679690044516,68.1220754064115,1
2.25,-1169.8248,31.8322987262664,105.754065528765,1
2.26,-1169.690688,25.7121553169609,85.4526013643795,1
2.27,-1169.556576,14.477128396438,48.597605147188,1
2.28,-1169.422464,30.700226183549,101.996217343104,1
2.29,-1169.288352,30.6752336668626,101.913264803679,1
2.3,-1169.15424,17.9961006358666,60.0088132167745,1
2.31,-1169.020128,8.36077141627815,29.7381328868314,1
2.32,-1168.886016,22.2551154939888,74.0154738001799,1
2.33,-1168.751904,35.3472265616592,117.42515602311,1
2.34,-1168.617792,28.6987364901262,95.3545929955365,1
2.35,-1168.48368,11.3998765860365,38.8786157310078,1
2.36,-1168.349568,21.7346469303577,72.2973743299405,1
2.37,-1168.215456,14.1954354462639,47.6950991530989,1
2.38,-1168.081344,23.0718071317051,76.7138299244094,1
2.39,-1167.947232,24.8941098256793,82.7431153069109,1
2.4,-1167.81312,20.8944240141561,69.5267162339405,1
2.41,-1167.679008,25.0831949964646,83.3692572771376,1
2.42,-1167.544896,23.9685737408177,79.6796146591511,1
2.43,-1167.410784,28.6084078088921,95.0549361893452,1
2.44,-1167.276672,18.5857426398842,61.9389319331454,1
2.45,-1167.14256,28.0450528517131,93.1862604646348,1
2.46,-1167.008448,10.812165028674,37.06681743213,1
2.47,-1166.874336,23.1415479398431,76.9443764292068,1
2.48,-1166.740224,19.020805999615,63.3653833573214,1
2.49,-1166.606112,21.6211771635236,71.9229801168972,1
2.5,-1166.472,9.05438379766956,31.7686147451555,1
2.51,-1166.337888,24.408297906357,81.1347971661237,1
2.52,-1166.203776,26.0343347695768,86.5200968677856,1
2.53,-1166.069664,15.3495457082054,51.4050028591053,1
2.54,-1165.935552,15.337062397512,51.3647114841727,1
2.55,-1165.80144,16.7162963412808,55.8343951629769,1
2.56,-1165.667328,11.9465126343327,40.578778018468,1
2.57,-1165.533216,14.8400289386178,49.7632481760599,1
2.58,-1165.399104,13.3325424363932,44.9444273590499,1
2.59,-1165.264992,-1.08829629126346,8.30532662969183,1
2.6,-1165.13088,14.2884212090266,47.9927821198283,1
2.61,-1164.996768,24.4848136145971,81.3880670728796,1
2.62,-1164.862656,18.3053176626549,61.0205191982829,1
2.63,-1164.728544,8.06039853978767,28.8712271209602,1
2.64,-1164.594432,20.3204483387763,67.636457370875,1
2.65,-1164.46032,15.8005705780249,52.8628735162232,1
2.66,-1164.326208,12.9259407706455,43.6564077678745,1
2.67,-1164.192096,13.4957678902989,45.463022092869,1
2.68,-1164.057984,13.712031666587,46.1514097252724,1
2.69,-1163.923872,20.0351600165494,66.6977620706714,1
2.7,-1163.78976,14.8387080089141,49.7589995579967,1
2.71,-1163.655648,15.1300630418833,50.6970831327408,1
2.72,-1163.521536,20.5327955242965,68.3355222470969,1
2.73,-1163.387424,25.852816054267,85.9186354181285,1
2.74,-1163.253312,5.51708937619687,21.8970541145437,1
2.75,-1163.1192,22.7550822308839,75.6670457100649,1
2.76,-1162.985088,16.211524805688,54.1946167300152,1
2.77,-1162.850976,18.7653936294328,62.5277315513727,1
2.78,-1162.716864,24.5872049558329,81.7270110302517,1
2.79,-1162.582752,21.9982418618618,73.1673562376892,1
2.8,-1162.44864,10.4053461335601,35.8234980085395,1
2.81,-1162.314528,19.2434570947845,64.0960899422028,1
2.82,-1162.180416,18.2533274040719,60.8503404534171,1
2.83,-1162.046304,10.6581280429518,36.5949574899002,1
2.84,-1161.912192,18.1695803154465,60.5762759179831,1
2.85,-1161.77808,5.35885715778945,21.4882855073474,1
2.86,-1161.643968,16.9183094355887,56.4917867099711,1
2.87,-1161.509856,25.2305947510876,83.857419660308,1
2.88,-1161.375744,22.073425757643,73.4155585319929,1
2.89,-1161.241632,14.4680807237589,48.568585597389,1
2.9,-1161.10752,18.1023774187559,60.3564099855484,1
2.91,-1160.973408,16.7228420851264,55.8556864991331,1
2.92,-1160.839296,14.4213961483355,48.4188825048077,1
2.93,-1160.705184,15.8268706354878,52.9480082056179,1
2.94,-1160.571072,15.5740491512317,52.1301665218869,1
2.95,-1160.43696,17.2822503116496,57.6776447255862,1
2.96,-1160.302848,20.8111872911892,69.2524634265395,1
2.97,-1160.168736,20.0506059990148,66.7485694320248,1
2.98,-1160.034624,20.5763909759986,68.4790797231798,1
2.99,-1159.900512,27.4790308393356,91.3091208803642,1
3,-1159.7664,19.6705082661454,65.4988213892273,1
3.01,-1159.632288,10.2534674358579,35.3617698913461,1
3.02,-1159.498176,9.04107333679897,31.7292943885928,1
3.03,-1159.364064,17.406905061903,58.0842446662281,1
3.04,-1159.229952,10.2450982568393,35.3363666933299,1
3.05,-1159.09584,6.60199439984909,24.7844935211206,1
3.06,-1158.961728,23.43846958122,77.926125322682,1
3.07,-1158.827616,14.7975734776973,49.626715690148,1
3.08,-1158.693504,21.8193091724487,72.5767604844827,1
3.09,-1158.559392,13.9557087507864,46.928731177235,1
3.1,-1158.42528,26.4961889746885,88.0507246733358,1
3.11,-1158.291168,22.3276429105768,74.2549914598109,1
3.12,-1158.157056,22.3250694734884,74.2464924300485,1
3.13,-1158.022944,22.7814606138921,75.7542119915261,1
3.14,-1157.888832,12.5697775388693,42.5329463832325,1
3.15,-1157.75472,23.9385507113355,79.580280024316,1
3.16,-1157.620608,22.5423402964066,74.9641522828861,1
3.17,-1157.486496,24.9682805954237,82.9887162005012,1
3.18,-1157.352384,20.3897770050221,67.8646593439457,1
3.19,-1157.218272,18.4404700196914,61.4630488108025,1
3.2,-1157.08416,15.2068141714365,50.9445178628738,1
3.21,-1156.950048,16.714955001412,55.8300322703701,1
3.22,-1156.815936,17.2803305368984,57.6713844470262,1
3.23,-1156.681824,20.5631221202001,68.4353847650852,1
3.24,-1156.547712,20.9948058083682,69.8575159182349,1
3.25,-1156.4136,13.9169437152447,46.8049568534985,1
3.26,-1156.279488,21.5311164654004,71.625871798062,1
3.27,-1156.145376,21.6879846582865,72.1434038815199,1
3.28,-1156.011264,18.6760473552559,62.234861622939,1
3.29,-1155.877152,16.5517284289927,55.2993277376657,1
3.3,-1155.74304,18.2188953232421,60.7376510606535,1
3.31,-1155.608928,28.2230888789276,93.7767758290455,1
3.32,-1155.474816,21.7035818775744,72.1948684411683,1
3.33,-1155.340704,17.8342708688556,59.4797768623627,1
3.34,-1155.206592,20.1258734383727,66.9961761573897,1
3.35,-1155.07248,27.9236868301367,92.7837315540529,1
3.36,-1154.938368,20.748578802273,69.0462060819182,1
3.37,-1154.804256,31.7864008257503,105.601696456765,1
3.38,-1154.670144,29.1989670338356,97.0142076435034,1
3.39,-1154.536032,20.0822830032235,66.8527719558371,1
3.4,-1154.40192,22.1006535751559,73.505451451251,1
3.41,-1154.267808,27.4894107317169,91.3435407056149,1
3.42,-1154.133696,18.9223174671929,63.0423056480999,1
3.43,-1153.999584,29.4563903946194,97.8683522353724,1
3.44,-1153.865472,27.3166074808665,90.7705427628646,1
3.45,-1153.73136,28.880965161865,95.9591446625166,1
3.46,-1153.597248,25.683153706147,85.3565188482391,1
3.47,-1153.463136,21.7687835851591,72.4100212690023,1
3.48,-1153.329024,29.5763484818081,98.2663994252268,1
3.49,-1153.194912,21.1290473578096,70.2999916087401,1
3.5,-1153.0608,25.2462507078054,83.9092724091906,1
3.51,-1152.926688,18.9122273563386,63.0092116663267,1
3.52,-1152.792576,26.5318222710699,88.1688323621098,1
3.53,-1152.658464,14.187738878654,47.670469902662,1
3.54,-1152.524352,31.281772147032,103.926533585512,1
3.55,-1152.39024,27.9476956344604,92.8633589918707,1
3.56,-1152.256128,29.6485468784362,98.5059753664252,1
3.57,-1152.122016,23.5433544643163,78.272992679957,1
3.58,-1151.987904,22.4022270389261,74.5013255577792,1
3.59,-1151.853792,29.7651490861102,98.8929055536851,1
3.6,-1151.71968,31.7275659747499,105.406381640998,1
3.61,-1151.585568,25.0618328907066,83.2985139039955,1
3.62,-1151.451456,21.3468092199346,71.0179811506446,1
3.63,-1151.317344,13.5955188519255,45.7803605405968,1
3.64,-1151.183232,26.6571052194113,88.5841036032408,1
3.65,-1151.04912,27.0921333459525,90.0262727355009,1
3.66,-1150.915008,19.3804633688111,64.5459439315104,1
3.67,-1150.780896,25.6484104391375,85.2414164669075,1
3.68,-1150.646784,35.4107360573657,117.636068877609,1
3.69,-1150.512672,27.3285352719836,90.8100927634776,1
3.7,-1150.37856,21.5384401304351,71.6500308180753,1
3.71,-1150.244448,29.8557187650434,99.1934575476266,1
3.72,-1150.110336,12.1285973409661,41.1480393166521,1
3.73,-1149.976224,32.1916087249709,106.946916724945,1
3.74,-1149.842112,30.0854471908713,99.9558312151194,1
3.75,-1149.708,29.4717902159142,97.9194515239775,1
3.76,-1149.573888,24.7793210849544,82.3630433418903,1
3.77,-1149.439776,26.8413475975679,89.1948523982682,1
3.78,-1149.305664,31.280873876499,103.923551815335,1
3.79,-1149.171552,23.3627733255045,77.6758118082926,1
3.8,-1149.03744,22.8100213484771,75.8485928932727,1
3.81,-1148.903328,23.3448382786255,77.616506847066,1
3.82,-1148.769216,42.2724155644048,140.426779811594,1
3.83,-1148.635104,29.2399731106751,97.150264037544,1
3.84,-1148.500992,33.8179231983829,112.346697325383,1
3.85,-1148.36688,37.9101115165249,125.93699867433,1
3.86,-1148.232768,35.8480641885489,119.08844399697,1
3.87,-1148.098656,37.7020284409325,125.245876207984,1
3.88,-1147.964544,30.7373548702233,102.119451733541,1
3.89,-1147.830432,34.2140525225668,113.662088533439,1
3.9,-1147.69632,31.0299316755612,103.090578353597,1
3.91,-1147.562208,31.758770539635,105.509971618903,1
3.92,-1147.428096,30.847554620202,102.485222606896,1
3.93,-1147.293984,30.0992847511364,100.001753639253,1
3.94,-1147.159872,36.5996579959738,121.584588336241,1
3.95,-1147.02576,33.0227007098948,109.70622837213,1
3.96,-1146.891648,28.6980087924351,95.3521788938861,1
3.97,-1146.757536,35.0756055798835,116.523122391519,1
3.98,-1146.623424,36.8446605904192,122.398296232829,1
3.99,-1146.489312,36.8969626788562,122.572004303809,1
4,-1146.3552,40.7700675430012,135.436441031506,1
4.01,-1146.221088,26.8684730760545,89.2847757709622,1
4.02,-1146.086976,35.9890348884516,119.556618693745,1
4.03,-1145.952864,40.1377953857116,133.336267729907,1
4.04,-1145.818752,41.3110648277094,137.233453604719,1
4.05,-1145.68464,44.4653921779807,147.711351499906,1
4.06,-1145.550528,39.8479977952626,132.373677406854,1
4.07,-1145.416416,42.84442249092,142.326840194445,1
4.08,-1145.282304,39.5329025879014,131.327066202888,1
4.09,-1145.148192,36.1510170895323,120.094578942545,1
4.1,-1145.01408,30.3247082600475,100.74988176093,1
4.11,-1144.879968,37.7442851645544,125.386226297174,1
4.12,-1144.745856,40.8551690618507,135.719118713624,1
4.13,-1144.611744,39.3071857503389,130.57733679242,1
4.14,-1144.477632,31.0030069408716,103.001207042554,1
4.15,-1144.34352,25.9465848306497,86.2293298725818,1
4.16,-1144.209408,43.1550698202345,143.358736553919,1
4.17,-1144.075296,22.7117823613193,75.5239691344492,1
4.18,-1143.941184,40.925770978017,135.953634098278,1
4.19,-1143.807072,38.0421374706445,126.375509515472,1
4.2,-1143.67296,46.0527346066965,152.984230946815,1
4.21,-1143.538848,34.2417823793443,113.754170339471,1
4.22,-1143.404736,38.5633391634172,128.1066480155,1
4.23,-1143.270624,47.9012150943594,159.124626111583,1
4.24,-1143.136512,21.2427927955794,70.6749917890803,1
4.25,-1143.0024,37.0806184151483,123.181973425521,1
4.26,-1142.868288,30.860217796172,102.527254237622,1
4.27,-1142.734176,34.6263767842155,115.031305072779,1
4.28,-1142.600064,31.2291137592368,103.751737123143,1
4.29,-1142.465952,37.7697227200543,125.470713866483,1
4.3,-1142.33184,32.8256952562652,109.052124050351,1
4.31,-1142.197728,39.6338324896216,131.662311178268,1
4.32,-1142.063616,28.5591271500174,94.8914558959745,1
4.33,-1141.929504,49.4315347452731,164.208168487935,1
4.34,-1141.795392,41.0957082021788,136.518108607673,1
4.35,-1141.66128,30.8194476928572,102.391930416212,1
4.36,-1141.527168,45.6318472703044,151.58610991149,1
4.37,-1141.393056,28.6427019316672,95.168702678759,1
4.38,-1141.258944,39.380667362457,130.821409036427,1
4.39,-1141.124832,40.9408028235562,136.003564780761,1
4.4,-1140.99072,43.4060984638925,144.192596475138,1
4.41,-1140.856608,32.3025487331938,107.31523191011,1
4.42,-1140.722496,37.5125254313427,124.61647004016,1
4.43,-1140.588384,40.0054176644516,132.896561711749,1
4.44,-1140.454272,41.8220648576215,138.930840554266,1
4.45,-1140.32016,31.2811020869328,103.924309349954,1
4.46,-1140.186048,40.8412339267645,135.672831004426,1
4.47,-1140.051936,38.5621089096815,128.102561769972,1
4.48,-1139.917824,43.8924338257675,145.808097817109,1
4.49,-1139.783712,39.718595707965,131.943858160229,1
4.5,-1139.6496,30.874131587759,102.573437029198,1
4.51,-1139.515488,50.5329310069911,167.866890837603,1
4.52,-1139.381376,40.567667282056,134.764139557284,1
4.53,-1139.247264,38.4334250399372,127.675143615389,1
4.54,-1139.113152,39.6691434730677,131.779599017411,1
4.55,-1138.97904,36.6053281669986,121.60342011909,1
4.56,-1138.844928,40.3423525276507,134.015727548864,1
4.57,-1138.710816,23.2246866061591,77.2192363940766,1
4.58,-1138.576704,30.5825367994297,101.605598670143,1
4.59,-1138.442592,37.4920354340066,124.548415837942,1
4.6,-1138.30848,28.1336179602578,93.4800112942967,1
4.61,-1138.174368,32.1768314148876,106.8978572323,1
4.62,-1138.040256,35.7148006228743,118.645868926574,1
4.63,-1137.906144,39.1151701458268,129.939551248947,1
4.64,-1137.772032,39.3075894298211,130.578677629367,1
4.65,-1137.63792,22.755796413512,75.669405660474,1
4.66,-1137.503808,37.1617542576534,123.451448571716,1
4.67,-1137.369696,27.6979567412067,92.0351118762683,1
4.68,-1137.235584,37.2477413214791,123.737037055642,1
4.69,-1137.101472,34.5946519654082,114.925953946746,1
4.7,-1136.96736,36.5402501484228,121.387283204073,1
4.71,-1136.833248,31.7341312822428,105.428176489578,1
4.72,-1136.699136,15.7208775678042,52.6049839667088,1
4.73,-1136.565024,36.8635010962593,122.460870126742,1
4.74,-1136.430912,29.8033672644713,99.0197303096277,1
4.75,-1136.2968,29.0791022135743,96.6165102416123,1
4.76,-1136.162688,21.3445555358427,71.0105490922635,1
4.77,-1136.028576,26.8242520601718,89.1381797673939,1
4.78,-1135.894464,27.3753061957927,90.9651770593273,1
4.79,-1135.760352,17.8550599088001,59.5477205106019,1
4.8,-1135.62624,32.4187581651868,107.701047246355,1
4.81,-1135.492128,25.3292791576624,84.1842730630149,1
4.82,-1135.358016,48.7735062432456,162.022272022327,1
4.83,-1135.223904,34.7977080571282,115.600262975117,1
4.84,-1135.089792,32.6897157772672,108.600649264564,1
4.85,-1134.95568,9.26136106636119,32.3817403927209,1
4.86,-1134.821568,23.8324361870429,79.2292102145507,1
4.87,-1134.687456,26.3096722365817,87.4325448020869,1
4.88,-1134.553344,34.2201621256091,113.682376512482,1
4.89,-1134.419232,28.5570735514085,94.8846434839703,1
4.9,-1134.28512,35.768551433565,118.824377667037,1
4.91,-1134.151008,29.4880338986825,97.9733511133843,1
4.92,-1134.016896,23.3801677701335,77.7333302595969,1
4.93,-1133.882784,42.8703324104968,142.412906626668,1
4.94,-1133.748672,16.2553589186159,54.3368448437648,1
4.95,-1133.61456,35.7647420795843,118.811726620244,1
4.96,-1133.480448,20.2810066067574,67.5066460441335,1
4.97,-1133.346336,26.8385329060083,89.1855215118177,1
4.98,-1133.212224,22.7153865384127,75.5358781958823,1
4.99,-1133.078112,35.1209849064885,116.673822662163,1
5,-1132.944,36.3542595238854,120.769575710956,1
5.01,-1132.809888,38.4983569048204,127.890811897155,1
5.02,-1132.675776,36.0958439169167,119.911342367882,1
5.03,-1132.541664,32.2084980274215,107.002987987376,1
5.04,-1132.407552,43.6443724676956,144.984090428348,1
5.05,-1132.27344,43.777392118605,145.425953341346,1
5.06,-1132.139328,43.6287678344211,144.932255202381,1
5.07,-1132.005216,38.6000599612925,128.228614958359,1
5.08,-1131.871104,30.5552421224131,101.515007184977,1
5.09,-1131.736992,39.1190511607912,129.952442121906,1
5.1,-1131.60288,37.2663585411796,123.798870492447,1
5.11,-1131.468768,40.4152224884967,134.257774135815,1
5.12,-1131.334656,46.443466393901,154.28218304515,1
5.13,-1131.200544,30.677057682695,101.91931887189,1
5.14,-1131.066432,35.176629077612,116.858612129915,1
5.15,-1130.93232,31.8597401209885,105.845164314796,1
5.16,-1130.798208,39.439325617888,131.016245224215,1
5.17,-1130.664096,32.0428561005003,106.453074512139,1
5.18,-1130.529984,44.3652264057878,147.378620045618,1
5.19,-1130.395872,29.7018126477032,98.6827299392106,1
5.2,-1130.26176,37.8851273250586,125.854016452308,1
5.21,-1130.127648,34.7132884784286,115.319920992417,1
5.22,-1129.993536,30.2334251305018,100.446929870751,1
5.23,-1129.859424,24.7727413648882,82.3412585204984,1
5.24,-1129.725312,29.0795465629418,96.6179845158512,1
5.25,-1129.5912,33.3661809775974,110.846698418666,1
5.26,-1129.457088,23.8019239183097,79.1282697811303,1
5.27,-1129.322976,41.1439783114969,136.678446050487,1
5.28,-1129.188864,31.6621844732925,105.18933590999,1
5.29,-1129.054752,39.7661630199633,132.101856584836,1
5.3,-1128.92064,40.3736862132451,134.11980621505,1
5.31,-1128.786528,27.5081173074205,91.4055722640775,1
5.32,-1128.652416,34.1160147911215,113.33653901265,1
5.33,-1128.518304,37.7181754686495,125.299506386451,1
5.34,-1128.384192,39.1112242294873,129.926444806152,1
5.35,-1128.25008,35.7061032659595,118.616984687895,1
5.36,-1128.115968,27.2248857986834,90.4664200708186,1
5.37,-1127.981856,33.705775181114,111.974306288508,1
5.38,-1127.847744,24.7198516931549,82.1661498914299,1
5.39,-1127.713632,19.9259099675146,66.3384506117027,1
5.4,-1127.57952,30.5104596570763,101.366374526552,1
5.41,-1127.445408,30.6734093249247,101.907209655271,1
5.42,-1127.311296,29.3416428447055,97.4876063918992,1
5.43,-1127.177184,33.1762245723256,110.215973897532,1
5.44,-1127.043072,31.4440631053992,104.465258838226,1
5.45,-1126.90896,27.3313370898429,90.8193830205078,1
5.46,-1126.774848,33.4342939023576,111.07286128527,1
5.47,-1126.640736,28.1043462486694,93.3829224904079,1
5.48,-1126.506624,26.5866452805084,88.3505491524286,1
5.49,-1126.372512,21.5372408626164,71.6460747008116,1
5.5,-1126.2384,28.0089935688825,93.0666624946862,1
5.51,-1126.104288,19.4738626365592,64.8527093395219,1
5.52,-1125.970176,30.5613355160618,101.535231216145,1
5.53,-1125.836064,20.9585255463921,69.7379503590473,1
5.54,-1125.701952,25.1849961630059,83.7063996866768,1
5.55,-1125.56784,21.8745487415984,72.7590707866792,1
5.56,-1125.433728,30.0696416530562,99.9033778801039,1
5.57,-1125.299616,25.1263718542723,83.5122463004333,1
5.58,-1125.165504,26.65616661268,88.5809923376881,1
5.59,-1125.031392,39.1650773059581,130.105319039867,1
5.6,-1124.89728,18.531923867133,61.7626069980605,1
5.61,-1124.763168,28.8019730932175,95.6970808794184,1
5.62,-1124.629056,34.0783158024563,113.211354417465,1
5.63,-1124.494944,38.9854283804306,129.508612062707,1
5.64,-1124.360832,27.7678063197733,92.2667567273364,1
5.65,-1124.22672,32.1392809937293,106.773193279967,1
5.66,-1124.092608,30.8646365152516,102.541920879595,1
5.67,-1123.958496,35.0165076754804,116.326864810416,1
5.68,-1123.824384,34.0284327493883,113.045711640476,1
5.69,-1123.690272,30.4611631823296,101.202761480357,1
5.7,-1123.55616,42.4754600741445,141.101240024714,1
5.71,-1123.422048,29.4892182270226,97.9772809460632,1
5.72,-1123.287936,34.9635703062177,116.151066396531,1
5.73,-1123.153824,38.740848519828,128.696240911997,1
5.74,-1123.019712,38.0318100307913,126.341207893231,1
5.75,-1122.8856,18.9165298327921,63.023322995465,1
5.76,-1122.751488,44.1279770552895,146.590524409157,1
5.77,-1122.617376,39.4055212921897,130.903962510371,1
5.78,-1122.483264,27.2738829050635,90.6288788746925,1
5.79,-1122.349152,31.9619844213282,106.184593916885,1
5.8,-1122.21504,30.9881498624842,102.951892108617,1
5.81,-1122.080928,34.3855129400954,114.231456147149,1
5.82,-1121.946816,30.0725305240942,99.9129650704245,1
5.83,-1121.812704,43.7656312762517,145.386886308016,1
5.84,-1121.678592,23.465921936901,78.0169100647094,1
5.85,-1121.54448,24.6372511195154,81.8926879365837,1
5.86,-1121.410368,32.3381285451894,107.433356255208,1
5.87,-1121.276256,37.6855752525182,125.191229192795,1
5.88,-1121.142144,23.1569369595431,76.9952512810285,1
5.89,-1121.008032,32.4688450335009,107.86733749107,1
5.9,-1120.87392,36.2478446384178,120.41615594489,1
5.91,-1120.739808,25.6533693480858,85.2578448853486,1
5.92,-1120.605696,34.3490830914541,114.110483064238,1
5.93,-1120.471584,34.6339169331973,115.056344283561,1
5.94,-1120.337472,32.5928235210564,108.278955272139,1
5.95,-1120.20336,25.786623285577,85.6993220452793,1
5.96,-1120.069248,21.0076719870033,69.8999197091827,1
5.97,-1119.935136,29.1903194565851,96.9855155517438,1
5.98,-1119.801024,33.2621952828712,110.501426390855,1
5.99,-1119.666912,22.8787965494283,76.0758784766296,1
6,-1119.5328,12.0789992944006,40.992839401613,1
6.01,-1119.398688,41.9917886599193,139.494614476886,1
6.02,-1119.264576,22.3132787131687,74.2075526564352,1
6.03,-1119.130464,40.5240661858621,134.619312623034,1
6.04,-1118.996352,47.4121509092647,157.500017936005,1
6.05,-1118.86224,28.1442350683418,93.5152265086884,1
6.06,-1118.728128,11.8735129083999,40.3509540091469,1
6.07,-1118.594016,32.7951111710415,108.950579082553,1
6.08,-1118.459904,31.1434333975541,103.467329554166,1
6.09,-1118.325792,35.143346397176,116.748083146952,1
6.1,-1118.19168,7.75943320331789,28.0107042076797,1
6.11,-1118.057568,36.803349616095,122.261092654583,1
6.12,-1117.923456,34.4803227155078,114.546293953967,1
6.13,-1117.789344,40.4865723372508,134.494771840103,1
6.14,-1117.655232,42.0246807196564,139.603872653543,1
6.15,-1117.52112,38.9148165702517,129.274074574551,1
6.16,-1117.387008,28.029438152183,93.1344709355649,1
6.17,-1117.252896,43.6785705346477,145.097689058668,1
6.18,-1117.118784,31.1852236514852,103.606047676057,1
6.19,-1116.984672,38.146135794429,126.720930896078,1
6.2,-1116.85056,33.356058637304,110.813088233035,1
6.21,-1116.716448,36.7559626367651,122.103709553161,1
6.22,-1116.582336,21.9754723216602,73.0921931473346,1
6.23,-1116.448224,26.5870155029021,88.351776311714,1
6.24,-1116.314112,40.4890218074229,134.502908076702,1
6.25,-1116.18,42.0435280797331,139.666478309242,1
6.26,-1116.045888,35.3098588818557,117.301059661367,1
6.27,-1115.911776,43.2608644455504,143.710161902183,1
6.28,-1115.777664,22.8458652334544,75.9670460361175,1
6.29,-1115.643552,50.2834252860775,167.038058319324,1
6.3,-1115.50944,30.465450638936,101.216991312956,1
6.31,-1115.375328,36.3941642157007,120.902105686027,1
6.32,-1115.241216,42.9874504662068,142.801944565787,1
6.33,-1115.107104,20.7005498714035,68.8879964214342,1
6.34,-1114.972992,42.5327359102468,141.291495544979,1
6.35,-1114.83888,20.0558663154931,66.7658728985716,1
6.36,-1114.704768,42.4709760872119,141.086345385314,1
6.37,-1114.570656,43.5936684357047,144.815662600007,1
6.38,-1114.436544,49.4557060467283,164.288462900637,1
6.39,-1114.302432,41.7908520783174,138.827160785666,1
6.4,-1114.16832,47.0648315213586,156.346269699464,1
6.41,-1114.034208,44.1643228272742,146.711257802805,1
6.42,-1113.900096,19.1885507006914,63.9158538075989,1
6.43,-1113.765984,39.4080380179085,130.91232193395,1
6.44,-1113.631872,39.5100463706354,131.251147968769,1
6.45,-1113.49776,39.4302751243126,130.986183559329,1
6.46,-1113.363648,42.5816106178751,141.453844799162,1
6.47,-1113.229536,50.8733960057857,168.997881460679,1
6.48,-1113.095424,49.0596044559566,162.97265751407,1
6.49,-1112.961312,44.1871268154631,146.787008115752,1
6.5,-1112.8272,47.8421749103335,158.928502067122,1
6.51,-1112.693088,47.7076539143353,158.481640450479,1
6.52,-1112.558976,48.0113008281826,159.490317148977,1
6.53,-1112.424864,42.8518729313972,142.351588737483,1
6.54,-1112.290752,54.8109330084256,182.078025919611,1
6.55,-1112.15664,49.2512187856321,163.609178806932,1
6.56,-1112.022528,43.0257889583739,142.929295907047,1
6.57,-1111.888416,40.4016026404144,134.21253409778,1
6.58,-1111.754304,46.6300382656366,154.901947628646,1
6.59,-1111.620192,43.3932341103782,144.149863971179,1
6.6,-1111.48608,55.7300169583089,185.131147625484,1
6.61,-1111.351968,48.008066551314,159.47957328368,1
6.62,-1111.217856,45.94229519483,152.617368382447,1
6.63,-1111.083744,43.7695467859764,145.399892803514,1
6.64,-1110.949632,43.8106470834346,145.536419331962,1
6.65,-1110.81552,41.9268838516459,139.279019102033,1
6.66,-1110.681408,45.5820778866838,151.420784143956,1
6.67,-1110.547296,57.3492543557784,190.510125826564,1
6.68,-1110.413184,48.0382287139326,159.57976823954,1
6.69,-1110.279072,49.0390297239509,162.904310584497,1
6.7,-1110.14496,40.5939484634643,134.851436115273,1
6.71,-1110.010848,56.9810897417893,189.287111801682,1
6.72,-1109.876736,43.2407646767928,143.643395074138,1
6.73,-1109.742624,27.9661533298995,92.9245761390953,1
6.74,-1109.608512,39.1409753140098,130.025263685121,1
6.75,-1109.4744,49.3171399345444,163.828161541314,1
6.76,-1109.340288,36.3926991385562,120.897239921469,1
6.77,-1109.206176,31.6086394625,105.011585209871,1
6.78,-1109.072064,39.713957835381,131.928453125497,1
6.79,-1108.937952,41.7570179898583,138.714773846698,1
6.8,-1108.80384,45.7327502574856,151.921293320837,1
6.81,-1108.669728,48.7711604976746,162.01447972759,1
6.82,-1108.535616,51.8364943498831,172.19720144134,1
6.83,-1108.401504,37.6014097715198,124.911685612637,1
6.84,-1108.267392,50.9660665481391,169.30572384795,1
6.85,-1108.13328,34.3222581950398,114.021405511983,1
6.86,-1107.999168,52.230826907512,173.507137639112,1
6.87,-1107.865056,39.5954178048372,131.534714301356,1
6.88,-1107.730944,36.2471535101924,120.413860611244,1
6.89,-1107.596832,47.7446693698696,158.604601056528,1
6.9,-1107.46272,49.7680509072297,165.326038719867,1
6.91,-1107.328608,43.7858772650572,145.454139207773,1
6.92,-1107.194496,48.8150562090314,162.160296199095,1
6.93,-1107.060384,47.5530056036763,157.967918748273,1
6.94,-1106.926272,53.1520067125005,176.567214216767,1
6.95,-1106.79216,42.7683775611671,142.074237643242,1
6.96,-1106.658048,31.0284393456337,103.085624849239,1
6.97,-1106.523936,47.7653469528569,158.673289348574,1
6.98,-1106.389824,51.0555676253028,169.603037634889,1
6.99,-1106.255712,39.378047385166,130.812706664182,1
7,-1106.1216,40.1556891143191,133.395703663564,1
7.01,-1105.987488,49.2428809593855,163.58148147708,1
7.02,-1105.853376,47.9166159738531,159.175785897845,1
7.03,-1105.719264,47.9944480196182,159.434334217412,1
7.04,-1105.585152,49.0223641877769,162.84894956371,1
7.05,-1105.45104,45.4431672575269,150.959345990184,1
7.06,-1105.316928,44.8003788452467,148.824114819271,1
7.07,-1105.182816,41.4173149599322,137.586383124219,1
7.08,-1105.048704,43.4770636398556,144.428327014517,1
7.09,-1104.914592,44.0718551090304,146.404098592136,1
7.1,-1104.78048,48.8983457039544,162.436974312215,1
7.11,-1104.646368,43.1473640415236,143.333139750106,1
7.12,-1104.512256,33.2129529476026,110.33792447708,1
7.13,-1104.378144,31.5188104623141,104.713387766732,1
7.14,-1104.244032,40.4908431673598,134.508957962999,1
7.15,-1104.10992,46.671799348711,155.04067194419,1
7.16,-1103.975808,35.5429006249289,118.074985697315,1
7.17,-1103.841696,40.3980639754583,134.200779979274,1
7.18,-1103.707584,30.7830651535202,102.271170651461,1
7.19,-1103.573472,32.7252159959782,108.718515249238,1
7.2,-1103.43936,34.8306666013443,115.709712764998,1
7.21,-1103.305248,30.2470471503733,100.492138465527,1
7.22,-1103.171136,40.6995073939203,135.202065079589,1
7.23,-1103.037024,35.7716160715279,118.834555478446,1
7.24,-1102.902912,23.9140077536855,79.4990788860066,1
7.25,-1102.7688,46.0848463737058,153.090901290483,1
7.26,-1102.634688,35.5983807575487,118.259235617362,1
7.27,-1102.500576,47.2172676734086,156.852641854548,1
7.28,-1102.366464,25.910275563767,86.109020325078,1
7.29,-1102.232352,25.744372388821,85.5593387361182,1
7.3,-1102.09824,31.3144865148177,104.03512782607,1
7.31,-1101.964128,43.9772712764337,146.089910339071,1
7.32,-1101.830016,39.3137978909618,130.599299273982,1
7.33,-1101.695904,47.5239196571165,157.871299028252,1
7.34,-1101.561792,32.1881951784857,106.935584013503,1
7.35,-1101.42768,38.6744466272222,128.47568829907,1
7.36,-1101.293568,36.3861096237312,120.875355052821,1
7.37,-1101.159456,35.9805651026495,119.528489764772,1
7.38,-1101.025344,33.3020781558601,110.633852231409,1
7.39,-1100.891232,34.9644178624453,116.153881019903,1
7.4,-1100.75712,21.8667401954634,72.7332988838456,1
7.41,-1100.623008,39.8222588320783,132.288183302143,1
7.42,-1100.488896,39.7402037628359,132.015630926069,1
7.43,-1100.354784,39.6234233077446,131.627736390689,1
7.44,-1100.220672,38.6764923798309,128.482483220334,1
7.45,-1100.08656,37.5299874217596,124.674467253543,1
7.46,-1099.952448,39.8954762020058,132.53138101697,1
7.47,-1099.818336,29.6975392269415,98.668549138857,1
7.48,-1099.684224,42.5122972662099,141.223603637235,1
7.49,-1099.550112,26.8546465541131,89.2389394770312,1
7.5,-1099.416,40.5910261309989,134.841729183856,1
7.51,-1099.281888,45.6673478810279,151.704037176524,1
7.52,-1099.147776,37.7137219813601,125.284714724681,1
7.53,-1099.013664,32.6490921703206,108.465773508256,1
7.54,-1098.879552,45.6062660553211,151.501133284942,1
7.55,-1098.74544,44.3180873048286,147.222033104022,1
7.56,-1098.611328,44.8221634488762,148.896479316098,1
7.57,-1098.477216,32.0783538514192,106.570922161607,1
7.58,-1098.343104,32.008295920777,106.33834004782,1
7.59,-1098.208992,40.2496088206264,133.707668399795,1
7.6,-1098.07488,36.9803704987592,122.849023024589,1
7.61,-1097.940768,20.3562495823757,67.7542964546056,1
7.62,-1097.806656,39.7863505605648,132.168911083161,1
7.63,-1097.672544,23.583260012502,78.40497502756,1
7.64,-1097.538432,38.0685894086437,126.463367203331,1
7.65,-1097.40432,30.2677393779644,100.560811836078,1
7.66,-1097.270208,32.866433779716,109.18738425907,1
7.67,-1097.136096,23.879738467413,79.3857009941759,1
7.68,-1097.001984,23.0941285842462,76.7876173689532,1
7.69,-1096.867872,35.0302841963314,116.372615032313,1
7.7,-1096.73376,36.8495660450637,122.414588433235,1
7.71,-1096.599648,33.5726560896052,111.532285460591,1
7.72,-1096.465536,41.0271417974006,136.290353778595,1
7.73,-1096.331424,38.941204433803,129.361721941251,1
7.74,-1096.197312,26.1342313307219,86.851130505659,1
7.75,-1096.0632,27.6998458860018,92.0413768373161,1
7.76,-1095.929088,28.5551413993297,94.8782339511875,1
7.77,-1095.794976,33.2428721302174,110.437266606775,1
7.78,-1095.660864,36.9195449237493,122.647005613321,1
7.79,-1095.526752,35.491795641145,117.905266258914,1
7.8,-1095.39264,22.3124105208917,74.2046854178107,1
7.81,-1095.258528,36.1451139330056,120.074973840544,1
7.82,-1095.124416,38.6193357191405,128.292638821856,1
7.83,-1094.990304,43.5911818748586,144.807402784856,1
7.84,-1094.856192,31.4723508753268,104.559161654849,1
7.85,-1094.72208,31.0223464458835,103.065400645382,1
7.86,-1094.587968,33.3629084695867,110.835832389812,1
7.87,-1094.453856,35.0810227187326,116.541112150059,1
7.88,-1094.319744,36.2350132436378,120.373541099613,1
7.89,-1094.185632,36.7220619455629,121.991117751116,1
7.9,-1094.05152,35.7918366477199,118.901709040912,1
7.91,-1093.917408,40.5002607349802,134.540239654622,1
7.92,-1093.783296,31.3681199860093,104.213163629488,1
7.93,-1093.649184,36.0207410558796,119.661917881839,1
7.94,-1093.515072,39.7765325735213,132.136299865604,1
7.95,-1093.38096,30.0716323081,99.9099841932888,1
7.96,-1093.246848,43.0101207532396,142.877249853936,1
7.97,-1093.112736,39.0627234505542,129.765348584792,1
7.98,-1092.978624,33.0484887817376,109.791851929282,1
7.99,-1092.844512,42.3021841218643,140.525662979227,1
8,-1092.7104,35.5852183752272,118.215523191894,1
8.01,-1092.576288,27.8841828431802,92.6527144430948,1
8.02,-1092.442176,29.7233081534793,98.7540602526088,1
8.03,-1092.308064,16.6686085290535,55.6793013110916,1
8.04,-1092.173952,26.1269623648901,86.8270422384171,1
8.05,-1092.03984,33.1887125753272,110.257438219197,1
8.06,-1091.905728,29.8851548343563,99.2911414111135,1
8.07,-1091.771616,33.0689826750127,109.859897523638,1
8.08,-1091.637504,26.5694015787848,88.2933924948058,1
8.09,-1091.503392,34.3104198033732,113.98209377696,1
8.1,-1091.36928,28.5723189209845,94.9352171245818,1
8.11,-1091.235168,28.7133439620028,95.4030526872575,1
8.12,-1091.101056,21.5249175911306,71.6054234160526,1
8.13,-1090.966944,34.4712275070171,114.516091101674,1
8.14,-1090.832832,21.2901325614966,70.8310849767334,1
8.15,-1090.69872,25.5960032230991,85.0677992092288,1
8.16,-1090.564608,32.7403529295996,108.76877226765,1
8.17,-1090.430496,32.8094735665402,108.998264914984,1
8.18,-1090.296384,29.8193679874923,99.0728281060626,1
8.19,-1090.162272,25.5258087067668,84.8352643257888,1
8.2,-1090.02816,27.0256104621788,89.8057226334418,1
8.21,-1089.894048,26.9666405490013,89.6102192537777,1
8.22,-1089.759936,30.3145259909719,100.716088390898,1
8.23,-1089.625824,37.0863496023865,123.20100829178,1
8.24,-1089.491712,29.1812769191827,96.9555130817551,1
8.25,-1089.3576,30.634915654068,101.779446346964,1
8.26,-1089.223488,23.4124008268743,77.8399185358222,1
8.27,-1089.089376,24.5666732945158,81.6590432519641,1
8.28,-1088.955264,20.2877386443382,67.5288018732911,1
8.29,-1088.821152,30.4314010351863,101.10398289996,1
8.3,-1088.68704,24.0925064355073,80.0896890094565,1
8.31,-1088.552928,27.2783127722131,90.6435670731824,1
8.32,-1088.418816,28.040889555325,93.1724519629238,1
8.33,-1088.284704,34.701794977608,115.28175331959,1
8.34,-1088.150592,19.3824243520829,64.5523839193762,1
8.35,-1088.01648,18.7668590753734,62.5325358287957,1
8.36,-1087.882368,29.0003969539909,96.3553827779088,1
8.37,-1087.748256,25.0691912733697,83.3228820170342,1
8.38,-1087.614144,27.5223096735904,91.4526348861194,1
8.39,-1087.480032,33.2688704261061,110.523590287268,1
8.4,-1087.34592,22.4532096895373,74.6697233883813,1
8.41,-1087.211808,24.8612824163672,82.6344185612862,1
8.42,-1087.077696,37.8356157440233,125.689569455044,1
8.43,-1086.943584,22.5743406870894,75.0698687237776,1
8.44,-1086.809472,25.5664430089224,84.969873183085,1
8.45,-1086.67536,26.5119496586336,88.1029636929952,1
8.46,-1086.541248,32.041273247722,106.447819672645,1
8.47,-1086.407136,36.5503994747297,121.42099106837,1
8.48,-1086.273024,34.5997426280712,114.942858896714,1
8.49,-1086.138912,29.3375744707958,97.4741072624129,1
8.5,-1086.0048,32.9450980517381,109.44856753944,1
8.51,-1085.870688,36.6875060723631,121.876350135022,1
8.52,-1085.736576,20.2913519283118,67.5406936944176,1
8.53,-1085.602464,30.7615928077884,102.199900721624,1
8.54,-1085.468352,21.7469430231563,72.3379493101775,1
8.55,-1085.33424,38.397011105287,127.554196563896,1
8.56,-1085.200128,26.7722854273992,88.9659104173221,1
8.57,-1085.066016,30.080646518702,99.9398993574657,1
8.58,-1084.931904,41.3254991161527,137.281399733662,1
8.59,-1084.797792,27.8988177355891,92.7012516310024,1
8.6,-1084.66368,31.5671806644372,104.873957544679,1
8.61,-1084.529568,39.7848614392794,132.16396484898,1
8.62,-1084.395456,24.685650258165,82.0529186192265,1
8.63,-1084.261344,39.9798213106235,132.811540981387,1
8.64,-1084.127232,30.3175135826277,100.726003736087,1
8.65,-1083.99312,29.9547917212945,99.5222347486257,1
8.66,-1083.859008,29.2891681618367,97.3134931107541,1
8.67,-1083.724896,19.8127095075733,65.9662427179243,1
8.68,-1083.590784,27.1991512541172,90.3810939008043,1
8.69,-1083.456672,19.1260728044528,63.7107964336586,1
8.7,-1083.32256,25.7257755177742,85.4977257673953,1
8.71,-1083.188448,19.5903240345028,65.235324202472,1
8.72,-1083.054336,25.9055856144026,86.0934805210959,1
8.73,-1082.920224,42.2327756383109,140.295106666036,1
8.74,-1082.786112,28.0155227511733,93.0883177442508,1
8.75,-1082.652,28.9974456129092,96.3455909652761,1
8.76,-1082.517888,28.3514366651836,94.2025063720591,1
8.77,-1082.383776,34.9112911115108,115.977454368825,1
8.78,-1082.249664,22.5236185436252,74.9023051276542,1
8.79,-1082.115552,24.6839492102716,82.0472870097238,1
8.8,-1081.98144,31.5835622423864,104.928338132551,1
8.81,-1081.847328,34.4765457871084,114.533751741703,1
8.82,-1081.713216,13.2786808131754,44.7734880729478,1
8.83,-1081.579104,21.9206531612662,72.9112432979717,1
8.84,-1081.444992,17.4083234853618,58.0888725017205,1
8.85,-1081.31088,38.5071193621393,127.919916041823,1
8.86,-1081.176768,26.8570790643206,89.2470034682917,1
8.87,-1081.042656,29.9161580418187,99.3940265710406,1
8.88,-1080.908544,30.2544931465959,100.516850204322,1
8.89,-1080.774432,29.2864828498675,97.3045831951051,1
8.9,-1080.64032,15.8192080995512,52.9232028086282,1
8.91,-1080.506208,16.1167178582827,53.8871127087083,1
8.92,-1080.372096,35.2844099580211,117.216545124803,1
8.93,-1080.237984,30.7340006790525,102.108318749836,1
8.94,-1080.103872,35.1708077882601,116.839280098886,1
8.95,-1079.96976,24.0297834899321,79.8821426070042,1
8.96,-1079.835648,11.7190422824603,39.8696423785657,1
8.97,-1079.701536,12.3244584369915,41.7619089778956,1
8.98,-1079.567424,17.6129313661212,58.7567169966565,1
8.99,-1079.433312,19.4392393115396,64.7389820185076,1
9,-1079.2992,27.3621843821919,90.9216670850906,1
9.01,-1079.165088,19.3901296101414,64.5776887744437,1
9.02,-1079.030976,19.261965898817,64.1568531366129,1
9.03,-1078.896864,21.8901147293575,72.8104468148262,1
9.04,-1078.762752,16.161749391126,54.0331516166336,1
9.05,-1078.62864,1.82533753508516,13.3480705629178,2
9.06,-1078.494528,13.9396811408969,46.8775508249445,1
9.07,-1078.360416,15.820156089643,52.9262716108088,1
9.08,-1078.226304,22.9222827892021,76.2195996364858,1
9.09,-1078.092192,26.7300733756437,88.8259806774807,1
9.1,-1077.95808,27.638772470718,91.8388417392937,1
9.11,-1077.823968,28.9704571800701,96.2560504742976,1
9.12,-1077.689856,26.9614873944804,89.5931352153642,1
9.13,-1077.555744,23.3300751788783,77.567691258223,1
9.14,-1077.421632,21.2750645011171,70.78139976414,1
9.15,-1077.28752,19.0336889204755,63.4076507074843,1
9.16,-1077.153408,11.3850060767038,38.8325592768893,1
9.17,-1077.019296,7.89586564084893,28.399763121279,1
9.18,-1076.885184,25.4489160424437,84.580552400979,1
9.19,-1076.751072,23.0137285822292,76.5218499167981,1
9.2,-1076.61696,16.2358053312727,54.2733953888785,1
9.21,-1076.482848,18.7462465334768,62.4649621978331,1
9.22,-1076.348736,16.5155497702418,55.1817566227595,1
9.23,-1076.214624,30.8734077949846,102.571034606239,1
9.24,-1076.080512,21.1978981534463,70.5269726133551,1
9.25,-1075.9464,20.9645887196962,69.7579316565221,1
9.26,-1075.812288,9.91437726243411,34.3359740884731,1
9.27,-1075.678176,25.9929348948743,86.3829129723886,1
9.28,-1075.544064,15.8693027983644,53.0853910391599,1
9.29,-1075.409952,25.7559486552055,85.5976922163304,1
9.3,-1075.27584,18.5718799493203,61.8935111203463,1
9.31,-1075.141728,18.6794080232898,62.2458761743398,1
9.32,-1075.007616,21.6750869128899,72.1008474415212,1
9.33,-1074.873504,17.3023786521225,57.7432851769158,1
9.34,-1074.739392,19.6971306276922,65.5863179168497,1
9.35,-1074.60528,31.3489463690894,104.149516803201,1
9.36,-1074.471168,20.3843224972754,67.8467041041883,1
9.37,-1074.337056,17.030035668269,56.8556300962405,1
9.38,-1074.202944,12.6781647217663,42.8743425312153,1
9.39,-1074.068832,16.9334533201864,56.5410928838457,1
9.4,-1073.93472,22.6900548016496,75.4521772078813,1
9.41,-1073.800608,30.1280128919299,100.097093579712,1
9.42,-1073.666496,7.47734987521648,27.2118918575491,1
9.43,-1073.532384,20.7844452837612,69.1643615697739,1
9.44,-1073.398272,29.7033453009756,98.6878158567522,1
9.45,-1073.26416,29.1976376145241,97.0097967133205,1
9.46,-1073.130048,33.7071794314231,111.978969120957,1
9.47,-1072.995936,19.4307340071531,64.7110461817371,1
9.48,-1072.861824,23.9655633335541,79.6696542575809,1
9.49,-1072.727712,19.5446221305656,65.0851646160776,1
9.5,-1072.5936,39.0310763429931,129.660232260314,1
9.51,-1072.459488,32.7294341730597,108.732520256233,1
9.52,-1072.325376,16.4350978164036,54.9203858027848,1
9.53,-1072.191264,22.679127887035,75.416073361553,1
9.54,-1072.057152,25.9234034751337,86.1525189267021,1
9.55,-1071.92304,27.9851180460855,92.9874753132202,1
9.56,-1071.788928,37.7212683664237,125.30977903382,1
9.57,-1071.654816,22.7655163018482,75.7015243354108,1
9.58,-1071.520704,39.1872513116719,130.178970588818,1
9.59,-1071.386592,31.2733665252707,103.898631505635,1
9.6,-1071.25248,32.5520960120484,108.143736197128,1
9.61,-1071.118368,38.0867748019524,126.523768369042,1
9.62,-1070.984256,33.0632938879885,109.841009105757,1
9.63,-1070.850144,31.1892803404739,103.61951346031,1
9.64,-1070.716032,32.913913679594,109.345028039471,1
9.65,-1070.58192,35.7104488756974,118.631416613964,1
9.66,-1070.447808,44.0963850906636,146.485582245591,1
9.67,-1070.313696,24.1015999064438,80.11977972011,1
9.68,-1070.179584,31.7342755129148,105.428655292329,1
9.69,-1070.045472,35.7613058860031,118.800314859511,1
9.7,-1069.91136,30.8195164460037,102.392158620259,1
9.71,-1069.777248,32.1465920927941,106.797465406514,1
9.72,-1069.643136,33.7852336998724,112.238150395428,1
9.73,-1069.509024,41.6986507772509,138.52089518748,1
9.74,-1069.374912,29.4390614417912,97.8108519977346,1
9.75,-1069.2408,24.9940035347074,83.0738954222883,1
9.76,-1069.106688,22.6450696227074,75.3035438741176,1
9.77,-1068.972576,30.5513630844555,101.50213263429,1
9.78,-1068.838464,41.7651934958023,138.741930479221,1
9.79,-1068.704352,19.384809256817,64.5602161356654,1
9.8,-1068.57024,44.0941182136108,146.478052136297,1
9.81,-1068.436128,46.6331328127077,154.912227268238,1
9.82,-1068.302016,24.7939851416881,82.411595019306,1
9.83,-1068.167904,31.3951853234939,104.303007372785,1
9.84,-1068.033792,36.7755505687456,122.168765554996,1
9.85,-1067.89968,40.7744437773272,135.450977350436,1
9.86,-1067.765568,27.4469772490672,91.2028317874453,1
9.87,-1067.631456,42.5083286868797,141.210421041615,1
9.88,-1067.497344,33.83738248333,112.411312905442,1
9.89,-1067.363232,39.2232356445688,130.298493602715,1
9.9,-1067.22912,25.6691184839588,85.3100206903817,1
9.91,-1067.095008,31.2871438569021,103.944364753629,1
9.92,-1066.960896,10.6883750873279,36.6875098333433,1
9.93,-1066.826784,34.1167223491281,113.33888855883,1
9.94,-1066.692672,22.0589320684197,73.3677088838484,1
9.95,-1066.55856,24.7360236945468,82.2196918566149,1
9.96,-1066.424448,30.3927952421338,100.975853761869,1
9.97,-1066.290336,27.360751841847,90.9169170098186,1
9.98,-1066.156224,30.7439487076313,102.141337532992,1
9.99,-1066.022112,24.1285944697073,80.2091073986631,1
10,-1065.888,35.0733378000306,116.515591330953,1
10.01,-1065.753888,35.1813306816938,116.87422578248,1
10.02,-1065.619776,36.2410282978252,120.393517926773,1
10.03,-1065.485664,40.0917026073645,133.183165745585,1
10.04,-1065.351552,31.4541155287364,104.498628363349,1
10.05,-1065.21744,7.7146065073889,27.883253702077,1
10.06,-1065.083328,28.1788268409954,93.6299626843426,1
10.07,-1064.949216,36.6827337908631,121.860500359283,1
10.08,-1064.815104,25.9460403036749,86.2275255816742,1
10.09,-1064.680992,36.990460452847,122.882534417654,1
10.1,-1064.54688,34.8973756440014,115.93124312511,1
10.11,-1064.412768,40.2294087904274,133.640571701622,1
10.12,-1064.278656,26.3241703378021,87.4805942509169,1
10.13,-1064.144544,34.123920906948,113.362792394036,1
10.14,-1064.010432,22.0624710859943,73.3793925500125,1
10.15,-1063.87632,26.2270606491835,87.1587615611576,1
10.16,-1063.742208,21.3917035339485,71.1660366420868,1
10.17,-1063.608096,28.7635759437831,95.5696969026471,1
10.18,-1063.473984,27.4072645604034,91.0711472268227,1
10.19,-1063.339872,26.2641984582199,87.2818385361325,1
10.2,-1063.20576,17.6403578318691,58.8462788541331,1
10.21,-1063.071648,31.8963255926677,105.966619804894,1
10.22,-1062.937536,30.7815221407809,102.266049151373,1
10.23,-1062.803424,20.981207905467,69.8127016197109,1
10.24,-1062.669312,26.9923496167591,89.6954520613647,1
10.25,-1062.5352,13.7093391301081,46.1428303902196,1
10.26,-1062.401088,32.0502359861848,106.47757466797,1
10.27,-1062.266976,36.9667774204016,122.803876858523,1
10.28,-1062.132864,32.49282784884,107.946961705082,1
10.29,-1061.998752,30.3392883291431,100.798270874221,1
10.3,-1061.86464,37.4153004533106,124.293553558033,1
10.31,-1061.730528,46.51228351196,154.510783419122,1
10.32,-1061.596416,36.9025707569955,122.590630133027,1
10.33,-1061.462304,44.3406162950709,147.296870027927,1
10.34,-1061.328192,42.276527790437,140.440439521698,1
10.35,-1061.19408,35.1916278434927,116.908421854305,1
10.36,-1061.059968,42.2862535272502,140.472745809557,1
10.37,-1060.925856,33.4171406441241,111.015905275054,1
10.38,-1060.791744,40.8384936245656,135.663728667745,1
10.39,-1060.657632,34.1660450979258,113.502672068553,1
10.4,-1060.52352,37.0056724324024,122.933057434756,1
10.41,-1060.389408,47.6987164705222,158.451951408602,1
10.42,-1060.255296,55.1031483279431,183.048741098502,1
10.43,-1060.121184,43.3280314409637,143.93327538204,1
10.44,-1059.987072,36.6985744559323,121.913110637502,1
10.45,-1059.85296,37.8025522083223,125.579752912027,1
10.46,-1059.718848,45.3887798694826,150.778680189196,1
10.47,-1059.584736,37.2595380583641,123.77621759327,1
10.48,-1059.450624,47.8674790724315,159.012559296609,1
10.49,-1059.316512,23.3473132897848,77.6246907810054,1
10.5,-1059.1824,38.59849434417,128.223414808793,1
10.51,-1059.048288,43.8706913053903,145.735873682604,1
10.52,-1058.914176,37.389078292036,124.206461264015,1
10.53,-1058.780064,35.8444581473971,119.076468104162,1
10.54,-1058.645952,38.7392286942789,128.690860687109,1
10.55,-1058.51184,38.8505770061694,129.060702959398,1
10.56,-1058.377728,37.1462585568318,123.399982878805,1
10.57,-1058.243616,47.747390739999,158.613641100514,1
10.58,-1058.109504,44.2271469504229,146.919947080519,1
10.59,-1057.975392,45.9997193206931,152.808122375823,1
10.6,-1057.84128,35.030126028153,116.372089773947,1
10.61,-1057.707168,39.6942944916421,131.863139903289,1
10.62,-1057.573056,34.9103858618613,115.974448164945,1
10.63,-1057.438944,25.7831210047614,85.6877183475764,1
10.64,-1057.304832,22.1452584721541,73.6527224295531,1
10.65,-1057.17072,34.4315531412114,114.384342983575,1
10.66,-1057.036608,25.127929035334,83.5174033065976,1
10.67,-1056.902496,31.2388213168016,103.783960677718,1
10.68,-1056.768384,33.6873349652517,111.913075357966,1
10.69,-1056.634272,39.0892544881995,129.853471882476,1
10.7,-1056.50016,34.7273461058907,115.366603675697,1
10.71,-1056.366048,30.4092872030779,101.030588963109,1
10.72,-1056.231936,37.0251124272161,122.997622862763,1
10.73,-1056.097824,31.2295598293558,103.753217820342,1
10.74,-1055.963712,36.7019661348775,121.92437514292,1
10.75,-1055.8296,34.3496962179401,114.112519078441,1
10.76,-1055.695488,30.3240654966214,100.747748526748,1
10.77,-1055.561376,47.8261157984247,158.875155730489,1
10.78,-1055.427264,45.7009275164706,151.815583297621,1
10.79,-1055.293152,44.6773976412629,148.41559382217,1
10.8,-1055.15904,40.7138520343064,135.249712894243,1
10.81,-1055.024928,38.8458517279768,129.045007971173,1
10.82,-1054.890816,49.0943625693553,163.088120039442,1
10.83,-1054.756704,40.992928980951,136.176710268639,1
10.84,-1054.622592,39.3470696902487,130.709812905221,1
10.85,-1054.48848,36.3131744359477,120.633125742794,1
10.86,-1054.354368,37.129436712141,123.344112719614,1
10.87,-1054.220256,31.5192290780698,104.714777398687,1
10.88,-1054.086144,34.7147040055391,115.324621684017,1
10.89,-1053.952032,55.0772081984668,182.962570120506,1
10.9,-1053.81792,24.5612805270023,81.6411912809851,1
10.91,-1053.683808,34.4992299311428,114.609080034916,1
10.92,-1053.549696,55.1082442617263,183.065669371861,1
10.93,-1053.415584,38.2795398723383,127.164022781111,1
10.94,-1053.281472,42.5093068204861,141.213670148782,1
10.95,-1053.14736,30.249048160601,100.49877940535,1
10.96,-1053.013248,36.7505397251374,122.085698834366,1
10.97,-1052.879136,39.6507233072487,131.7184151678,1
10.98,-1052.745024,32.5862211198896,108.257034645588,1
10.99,-1052.610912,35.4585851473935,117.794974649232,1
11,-1052.4768,46.1265872676794,153.229558139722,1
11.01,-1052.342688,49.606115401246,164.788106394533,1
11.02,-1052.208576,34.659588501509,115.14159414477,1
11.03,-1052.074464,23.6700058067343,78.6918935104731,1
11.04,-1051.940352,58.0343135908868,192.785839470282,1
11.05,-1051.80624,10.1212103898719,34.9608244974636,1
11.06,-1051.672128,38.866955503655,129.115104075266,1
11.07,-1051.538016,41.0221147400438,136.273655574412,1
11.08,-1051.403904,41.5200867252551,137.927759195861,1
11.09,-1051.269792,24.7285298509003,82.1948812935342,1
11.1,-1051.13568,31.481657508177,104.590055632602,1
11.11,-1051.001568,30.5448284477281,101.480444157945,1
11.12,-1050.867456,35.9447620378503,119.409584683504,1
11.13,-1050.733344,26.7477866947605,88.8846986333382,1
11.14,-1050.599232,31.9403554527236,106.112789856027,1
11.15,-1050.46512,43.0263983461838,142.931320148689,1
11.16,-1050.331008,41.5499118584191,138.026829186315,1
11.17,-1050.196896,31.6059556099356,105.002675798094,1
11.18,-1050.062784,33.909751190529,112.651618052706,1
11.19,-1049.928672,33.8005324841646,112.288950644975,1
11.2,-1049.79456,28.3070579406078,94.0552997142219,1
11.21,-1049.660448,34.269555130201,113.846394804565,1
11.22,-1049.526336,42.1858038445675,140.139079126278,1
11.23,-1049.392224,35.3457804277187,117.420353472381,1
11.24,-1049.258112,32.8553645914933,109.150632230893,1
11.25,-1049.124,38.2632680954661,127.109977155114,1
11.26,-1048.989888,36.4099301819357,120.954467102545,1
11.27,-1048.855776,39.0523599740547,129.73092613754,1
11.28,-1048.721664,29.9374359143889,99.4646383216163,1
11.29,-1048.587552,32.213733123833,107.020368155407,1
11.3,-1048.45344,33.599829335893,111.622513519861,1
11.31,-1048.319328,39.1461060482643,130.042305539697,1
11.32,-1048.185216,34.0059045392506,112.9709042102,1
11.33,-1048.051104,46.9465375934078,155.95331360724,1
11.34,-1047.916992,50.1056672997403,166.44756471707,1
11.35,-1047.78288,44.1174662582395,146.555609648391,1
11.36,-1047.648768,53.0261423131975,176.149103785623,1
11.37,-1047.514656,43.5866690696324,144.792412226421,1
11.38,-1047.380544,45.9551997547464,152.660235313034,1
11.39,-1047.246432,28.4732469790052,94.6065690658655,1
11.4,-1047.11232,28.1439007407194,93.5141175965288,1
11.41,-1046.978208,34.0390743705523,113.081048381894,1
11.42,-1046.844096,27.8822317999029,92.6462437525051,1
11.43,-1046.709984,27.8041808216408,92.3873893593974,1
11.44,-1046.575872,23.0018286451726,76.4825159655912,1
11.45,-1046.44176,26.7788756999457,88.9877569276452,1
11.46,-1046.307648,35.3365175110102,117.389591721954,1
11.47,-1046.173536,32.6651631384958,108.519131169899,1
11.48,-1046.039424,34.582690918544,114.886234017463,1
11.49,-1045.905312,26.3002005082083,87.4011539053603,1
11.5,-1045.7712,31.4628981729298,104.527782837911,1
11.51,-1045.637088,44.0369103647459,146.288019228037,1
11.52,-1045.502976,23.4877194393392,78.0889960805509,1
11.53,-1045.368864,33.6218214660682,111.695537997939,1
11.54,-1045.234752,28.9638894041728,96.2342604351941,1
11.55,-1045.10064,14.9433731752374,50.0957693065892,1
11.56,-1044.966528,43.8499309490348,145.666912106719,1
11.57,-1044.832416,36.4021430820771,120.928604833222,1
11.58,-1044.698304,22.9235393753596,76.2237527377631,1
11.59,-1044.564192,32.4392069145066,107.768937714147,1
11.6,-1044.43008,31.7140654595451,105.36156405578,1
11.61,-1044.295968,33.4242316669633,111.039450431971,1
11.62,-1044.161856,26.2017798242949,87.0749807888433,1
11.63,-1044.027744,35.6204294929637,118.332459806984,1
11.64,-1043.893632,32.4776248803755,107.896487017751,1
11.65,-1043.75952,39.3399750929499,130.686247904171,1
11.66,-1043.625408,24.4120585576495,81.1472446908692,1
11.67,-1043.491296,33.8944695688082,112.600874266162,1
11.68,-1043.357184,38.3045597277077,127.24712462739,1
11.69,-1043.223072,17.9925034391325,59.997050262899,1
11.7,-1043.08896,35.9880829188288,119.553457115357,1
11.71,-1042.954848,34.6792258754712,115.206805836222,1
11.72,-1042.820736,19.0747594399092,63.542408562996,1
11.73,-1042.686624,26.0148368488879,86.4554875525044,1
11.74,-1042.552512,23.3740412025362,77.7130713332096,1
11.75,-1042.4184,27.6774174499968,91.9669978305221,1
11.76,-1042.284288,22.8282271145264,75.9087567815291,1
11.77,-1042.150176,13.7552333549507,46.2890945610091,1
11.78,-1042.016064,15.6001225450489,52.2144521264864,1
11.79,-1041.881952,35.2524013004194,117.110246265977,1
11.8,-1041.74784,17.795538734196,59.3532048781354,1
11.81,-1041.613728,27.957544807698,92.896024897274,1
11.82,-1041.479616,29.8140621586442,99.0552208903413,1
11.83,-1041.345504,28.4124643367453,94.4049420791261,1
11.84,-1041.211392,33.996017967248,112.938074795638,1
11.85,-1041.07728,25.0820721617195,83.3655388379696,1
11.86,-1040.943168,22.6800581637799,75.4191470893658,1
11.87,-1040.809056,40.0463010304305,133.032359814566,1
11.88,-1040.674944,27.4318373429884,91.1526286376578,1
11.89,-1040.540832,22.2969057975896,74.1534810325769,1
11.9,-1040.40672,22.643964033901,75.2998910566131,1
11.91,-1040.272608,37.7796973948233,125.503843488575,1
11.92,-1040.138496,21.7484763631499,72.3430091206073,1
11.93,-1040.004384,11.102335938892,37.9591512453706,1
11.94,-1039.870272,25.7033601522251,85.4234627471914,1
11.95,-1039.73616,22.0508627558408,73.3410691815436,1
11.96,-1039.602048,19.6395179288765,65.3969763714957,1
11.97,-1039.467936,31.5376000605235,104.775761589447,1
11.98,-1039.333824,20.1964024734799,67.2282324763346,1
11.99,-1039.199712,21.8864026468268,72.7981948629779,1
12,-1039.0656,28.0149993899359,93.0865819173023,1
12.01,-1038.931488,22.2875989389526,74.1227456240879,1
12.02,-1038.797376,29.7449107660426,98.825746365999,1
12.03,-1038.663264,49.088336033241,163.068100566594,1
12.04,-1038.529152,25.2613472661786,83.9592729502833,1
12.05,-1038.39504,19.290520506388,64.2506019930875,1
12.06,-1038.260928,41.1686832319199,136.760507731788,1
12.07,-1038.126816,16.4734429804137,55.044947563243,1
12.08,-1037.992704,32.9287851932732,109.39440493924,1
12.09,-1037.858592,35.1737687479034,116.849113205353,1
12.1,-1037.72448,23.5075262753332,78.1545002088671,1
12.11,-1037.590368,19.407160489645,64.6336217344498,1
12.12,-1037.456256,38.2222140324496,126.973618946377,1
12.13,-1037.322144,28.5143205466686,94.7428197686222,1
12.14,-1037.188032,37.0683522717014,123.141234169318,1
12.15,-1037.05392,36.6214240198342,121.656877725545,1
12.16,-1036.919808,35.0644126063405,116.485951704683,1
12.17,-1036.785696,19.7753074658981,65.8432851302714,1
12.18,-1036.651584,26.8736950701921,89.3020872783147,1
12.19,-1036.517472,21.2080242319117,70.5603576391429,1
12.2,-1036.38336,19.0446989892429,63.4437746760636,1
12.21,-1036.249248,26.7911771936194,89.0285361110127,1
12.22,-1036.115136,20.5827430868595,68.4999979295345,1
12.23,-1035.981024,22.0662335181496,73.3918138586783,1
12.24,-1035.846912,8.2653825860859,29.4619816202087,1
12.25,-1035.7128,39.0146456132439,129.605657392042,1
12.26,-1035.578688,24.7718038665201,82.3381545623323,1
12.27,-1035.444576,32.2552045268044,107.158050867564,1
12.28,-1035.310464,23.4302866802469,77.8990650282271,1
12.29,-1035.176352,48.3672292340452,160.672667775269,1
12.3,-1035.04224,20.3451419974265,67.7177351067,1
12.31,-1034.908128,19.0903994025037,63.5937294709824,1
12.32,-1034.774016,12.2072036495857,41.3942197568259,1
12.33,-1034.639904,6.89423337147458,25.5858336389816,1
12.34,-1034.505792,19.3665049166914,64.5001044879069,1
12.35,-1034.37168,17.7367941840013,59.1612699687907,1
12.36,-1034.237568,31.1096041494383,103.355037860114,1
12.37,-1034.103456,25.0937390085587,83.4041755324568,1
12.38,-1033.969344,32.7630024774119,108.843972529589,1
12.39,-1033.835232,20.4050216668854,67.9148430591801,1
12.4,-1033.70112,24.2354506696949,80.5627259806649,1
12.41,-1033.567008,16.7767264437037,56.030981418044,1
12.42,-1033.432896,24.7611147057187,82.3027640363894,1
12.43,-1033.298784,1.88740578786971,13.472867496031,2
12.44,-1033.164672,23.9891341895019,79.7476428440665,1
12.45,-1033.03056,35.0885607976282,116.566145342989,1
12.46,-1032.896448,22.1205073171025,73.571000962523,1
12.47,-1032.762336,32.0052857428952,106.328346748838,1
12.48,-1032.628224,19.5513783220978,65.1073618786766,1
12.49,-1032.494112,23.7867619025452,79.0781120199818,1
12.5,-1032.36,27.9715473098246,92.9424659949433,1
12.51,-1032.225888,27.3886487098551,91.0094190895685,1
12.52,-1032.091776,15.7923179854351,52.8361621530419,1
12.53,-1031.957664,28.1988535287901,93.6963891019494,1
12.54,-1031.823552,12.3399522754471,41.8105361676348,1
12.55,-1031.68944,39.1511579456562,130.059085538173,1
12.56,-1031.555328,26.5018978347383,88.0696467253922,1
12.57,-1031.421216,21.2388527652443,70.6620009155017,1
12.58,-1031.287104,38.9198616231255,129.290831727295,1
12.59,-1031.152992,38.6944350699776,128.542079480557,1
12.6,-1031.01888,28.4571937834537,94.5533173294739,1
12.61,-1030.884768,18.3199996797216,61.0685829569869,1
12.62,-1030.750656,37.6871270099081,125.196383141244,1
12.63,-1030.616544,34.5494550968633,114.77586557669,1
12.64,-1030.482432,38.6171782419752,128.28547282288,1
12.65,-1030.34832,38.0749746968692,126.484575365514,1
12.66,-1030.214208,30.9799819943741,102.924780652622,1
12.67,-1030.080096,33.6104206786672,111.657681865547,1
12.68,-1029.945984,37.3213395270001,123.981479322152,1
12.69,-1029.811872,28.1382301680967,93.4953092185975,1
12.7,-1029.67776,27.4530798214715,91.2230676926212,1
12.71,-1029.543648,48.0355394718428,159.570834911075,1
12.72,-1029.409536,30.7685179433798,102.222886251119,1
12.73,-1029.275424,33.8131038832724,112.330694554397,1
12.74,-1029.141312,27.5970676958186,91.700540826564,1
12.75,-1029.0072,32.7514107713183,108.805486113418,1
12.76,-1028.873088,31.1741284711355,103.56921835369,1
12.77,-1028.738976,28.890018465395,95.989180263032,1
12.78,-1028.604864,30.314550225819,100.716168822505,1
12.79,-1028.470752,30.2152479790604,100.386603969592,1
12.8,-1028.33664,34.4322427308364,114.386632925381,1
12.81,-1028.202528,26.2962134216132,87.3879400794073,1
12.82,-1028.068416,24.5380613848374,81.5643285784035,1
12.83,-1027.934304,34.7568014848735,115.464419501849,1
12.84,-1027.800192,19.8922964085787,66.2279174979188,1
12.85,-1027.66608,26.8875459173601,89.3480046261485,1
12.86,-1027.531968,30.0590445235274,99.8682096288609,1
12.87,-1027.397856,30.3622341805713,100.874425097263,1
12.88,-1027.263744,31.0481253276401,103.150968816859,1
12.89,-1027.129632,36.5570657151696,121.443130944219,1
12.9,-1026.99552,24.044303909062,79.9301887446218,1
12.91,-1026.861408,28.8785751879501,95.9512156033212,1
12.92,-1026.727296,25.9202032496264,86.1419151271486,1
12.93,-1026.593184,24.3159768636577,80.8292324744674,1
12.94,-1026.459072,27.6099308693696,91.7431972954027,1
12.95,-1026.32496,42.9823462302015,142.784989513524,1
12.96,-1026.190848,25.4425716312901,84.559536698228,1
12.97,-1026.056736,50.1033577353353,166.439892585083,1
12.98,-1025.922624,44.6103187264636,148.192770139087,1
12.99,-1025.788512,29.4501371603499,97.847602973715,1
13,-1025.6544,29.0390389183595,96.4835879348619,1
13.01,-1025.520288,18.9112611198986,63.0060426134094,1
13.02,-1025.386176,32.6361346619908,108.422753007989,1
13.03,-1025.252064,29.0454580875257,96.5048854009014,1
13.04,-1025.117952,22.3639349661915,74.3748526641863,1
13.05,-1024.98384,26.2978154186153,87.3932493435674,1
13.06,-1024.849728,35.9563914730859,119.448207018611,1
13.07,-1024.715616,28.6958925220505,95.345158273048,1
13.08,-1024.581504,23.9794847936591,79.7157158088009,1
13.09,-1024.447392,21.3459772553705,71.0152375466926,1
13.1,-1024.31328,24.5295433828896,81.5361316592137,1
13.11,-1024.179168,31.7212461080404,105.38540160298,1
13.12,-1024.045056,24.3223063342185,80.8501810315602,1
13.13,-1023.910944,28.9916649996678,96.3264123584695,1
13.14,-1023.776832,27.2410690538854,90.520078210833,1
13.15,-1023.64272,32.0669216023475,106.532968602117,1
13.16,-1023.508608,37.4908347421717,124.544427936563,1
13.17,-1023.374496,21.0316377607991,69.9789076949355,1
13.18,-1023.240384,38.4957715345511,127.882224696816,1
13.19,-1023.106272,44.9810294757488,149.424203762585,1
13.2,-1022.97216,26.832936189195,89.1669680669941,1
13.21,-1022.838048,32.1388600537955,106.771795801736,1
13.22,-1022.703936,44.2727172257835,147.071322569159,1
13.23,-1022.569824,31.3531552712811,104.163488237507,1
13.24,-1022.435712,46.4003474459884,154.138948265479,1
13.25,-1022.3016,28.3325016589531,94.1396976504173,1
13.26,-1022.167488,35.1803733250996,116.87104647709,1
13.27,-1022.033376,24.4482233739659,81.2669499912611,1
13.28,-1021.899264,48.3890141909254,160.74503478427,1
13.29,-1021.765152,34.5031111577233,114.621968618727,1
13.3,-1021.63104,24.2922862608706,80.7508250301196,1
13.31,-1021.496928,34.7013442518819,115.280256548126,1
13.32,-1021.362816,29.4276670062488,97.7730435798513,1
13.33,-1021.228704,38.6637680139316,128.440219532327,1
13.34,-1021.094592,23.0516126700909,76.6470752210469,1
13.35,-1020.96048,20.9600683356506,69.7430346279617,1
13.36,-1020.826368,27.724969418817,92.1246943169059,1
13.37,-1020.692256,27.9694442050135,92.9354907623427,1
13.38,-1020.558144,20.7342619162615,68.9990440202235,1
13.39,-1020.424032,28.6903387071133,95.3267337925458,1
13.4,-1020.28992,32.736752942328,108.756819730954,1
13.41,-1020.155808,27.9968129542863,93.0262633544008,1
13.42,-1020.021696,39.4076546609722,130.911048595708,1
13.43,-1019.887584,33.5490077753905,111.453762048492,1
13.44,-1019.753472,28.8768692420038,95.9455559021584,1
13.45,-1019.61936,37.0287190748758,123.009601511664,1
13.46,-1019.485248,35.2834253325793,117.213275238477,1
13.47,-1019.351136,34.4512179247673,114.449644495847,1
13.48,-1019.217024,36.0811878132998,119.862667825342,1
13.49,-1019.082912,31.307121216013,104.010678912245,1
13.5,-1018.9488,19.8668579950825,66.1442728826343,1
13.51,-1018.814688,27.5505333053904,91.5462267187429,1
13.52,-1018.680576,30.9498705316966,102.824832574281,1
13.53,-1018.546464,34.1529059039844,113.459041354505,1
13.54,-1018.412352,23.1129059386731,76.8496906144494,1
13.55,-1018.27824,41.8015255305644,138.862614882069,1
13.56,-1018.144128,33.9568698926211,112.808079740278,1
13.57,-1018.010016,30.4903216406701,101.299537047738,1
13.58,-1017.875904,9.1370509095352,32.0131183938586,1
13.59,-1017.741792,28.8375572703201,95.8151340389168,1
13.6,-1017.60768,21.6307538604893,71.9545759289472,1
13.61,-1017.473568,30.2939847179508,100.647915319506,1
13.62,-1017.339456,28.6118487418177,95.0663510009807,1
13.63,-1017.205344,18.839682470847,62.7713046597198,1
13.64,-1017.071232,21.8029902875669,72.5229052283438,1
13.65,-1016.93712,26.5918197141182,88.3677006323131,1
13.66,-1016.803008,38.6583948448705,128.42237268021,1
13.67,-1016.668896,27.607642692359,91.7356092956852,1
13.68,-1016.534784,26.886032385423,89.3429870576547,1
13.69,-1016.400672,27.7082890118998,92.0693767882128,1
13.7,-1016.26656,12.6153589040144,42.6764639817635,1
13.71,-1016.132448,18.0580252107704,60.2113324019828,1
13.72,-1015.998336,24.8997896059446,82.761922227781,1
13.73,-1015.864224,13.3657053628074,45.0497225721601,1
13.74,-1015.730112,26.022988861688,86.4825003945014,1
13.75,-1015.596,16.1272904606111,53.9213968114725,1
13.76,-1015.461888,28.76563620477,95.5765318575457,1
13.77,-1015.327776,26.041316193748,86.54323105036,1
13.78,-1015.193664,22.5260545594734,74.9103524020463,1
13.79,-1015.059552,21.7313700418349,72.286561293465,1
13.8,-1014.92544,32.9329291126292,109.408163734975,1
13.81,-1014.791328,1.68434616950082,13.0672107891007,1
13.82,-1014.657216,22.9746688704665,76.3927442909089,1
13.83,-1014.523104,18.9496280154251,63.1318848393585,1
13.84,-1014.388992,13.7667482619989,46.3258022172809,1
13.85,-1014.25488,32.0188704564808,106.373445813989,1
13.86,-1014.120768,31.9965262740003,106.299266767424,1
13.87,-1013.986656,22.6859112094825,75.4384862213277,1
13.88,-1013.852544,33.3537676258287,110.805481171034,1
13.89,-1013.718432,26.3282760145748,87.494201307904,1
13.9,-1013.58432,27.3958636437594,91.0333429692042,1
13.91,-1013.450208,11.33578014006,38.6801747279709,1
13.92,-1013.316096,27.2371828700167,90.5071929196734,1
13.93,-1013.181984,30.9703856328521,102.892927676388,1
13.94,-1013.047872,29.9433544787004,99.4842794541269,1
13.95,-1012.91376,23.6767934884793,78.7143453378367,1
13.96,-1012.779648,9.9769562481594,34.5247423705079,1
13.97,-1012.645536,12.295076493273,41.6697205450273,1
13.98,-1012.511424,6.75389411966657,25.1998391012558,1
13.99,-1012.377312,11.2534107592843,38.4254558930434,1
14,-1012.2432,27.6761106873203,91.9626642578166,1
14.01,-1012.109088,7.1158604682985,26.1997115630141,1
14.02,-1011.974976,29.1975385068543,97.0094678803319,1
14.03,-1011.840864,31.0037484432461,103.003668306593,1
14.04,-1011.706752,16.2478797580265,54.3125749260359,1
14.05,-1011.57264,32.2140515564212,107.021425330591,1
14.06,-1011.438528,20.9340554618101,69.6573110103512,1
14.07,-1011.304416,39.1132150579325,129.933057383857,1
14.08,-1011.170304,11.1134043312752,37.9932755545965,1
14.09,-1011.036192,15.6970442289019,52.5278822725763,1
14.1,-1010.90208,29.8544253212865,99.1891652584149,1
14.11,-1010.767968,26.5886338435837,88.3571405544598,1
14.12,-1010.633856,27.8781104636835,92.6325752391073,1
14.13,-1010.499744,30.476384044931,101.253278742988,1
14.14,-1010.365632,20.6258630778883,68.6420038392876,1
14.15,-1010.23152,30.2447942892258,100.484661687954,1
14.16,-1010.097408,30.5287392543682,101.427044205885,1
14.17,-1009.963296,37.6249611536307,124.989908058233,1
14.18,-1009.829184,33.0972424960189,109.95372848145,1
14.19,-1009.695072,21.2355824322248,70.6512182016525,1
14.2,-1009.56096,19.9622245881889,66.4578754384782,1
14.21,-1009.426848,40.012544005366,132.920232541652,1
14.22,-1009.292736,47.4532701701276,157.636610696969,1
14.23,-1009.158624,33.6338463807445,111.735466581724,1
14.24,-1009.024512,32.5848212701549,108.252387008022,1
14.25,-1008.8904,24.0335699472693,79.8946714303463,1
14.26,-1008.756288,29.3259259272115,97.4354567178855,1
14.27,-1008.622176,12.4449487723199,42.1403166643222,1
14.28,-1008.488064,35.8241494443508,119.009021653608,1
14.29,-1008.353952,41.4327999915989,137.637819581156,1
14.3,-1008.21984,25.2832109196711,84.0316873563192,1
14.31,-1008.085728,31.4113109499536,104.356536794701,1
14.32,-1007.951616,32.6991192453649,108.631870121265,1
14.33,-1007.817504,25.3288038825159,84.1826988480274,1
14.34,-1007.683392,23.971387376814,79.6889240372497,1
14.35,-1007.54928,32.5205703746121,108.039068665064,1
14.36,-1007.415168,43.2780809987851,143.767351360248,1
14.37,-1007.281056,29.3590957958751,97.5455165866872,1
14.38,-1007.146944,38.3263266522821,127.319422130036,1
14.39,-1007.012832,32.2659428232768,107.193701532189,1
14.4,-1006.87872,41.0170878453499,136.256957912068,1
14.41,-1006.744608,57.286065715908,190.300218097784,1
14.42,-1006.610496,35.0238601342327,116.351281464288,1
14.43,-1006.476384,44.0054611934762,146.183551481141,1
14.44,-1006.342272,32.4005312928686,107.640533631849,1
14.45,-1006.20816,24.7404256561612,82.2342659060003,1
14.46,-1006.074048,33.8555195996936,112.471538262822,1
14.47,-1005.939936,32.7856228510873,108.919076135621,1
14.48,-1005.805824,36.4270204068018,121.011226653004,1
14.49,-1005.671712,28.8355926580071,95.8086162581311,1
14.5,-1005.5376,36.2398820213179,120.389710983394,1
14.51,-1005.403488,29.3722787581423,97.5892588182237,1
14.52,-1005.269376,42.6114677481982,141.553022584635,1
14.53,-1005.135264,46.5513724176577,154.640631067447,1
14.54,-1005.001152,19.5544145696257,65.1173375013159,1
14.55,-1004.86704,52.6012201028534,174.737550144524,1
14.56,-1004.732928,44.6789722496146,148.420824379765,1
14.57,-1004.598816,43.7311702502898,145.272414086739,1
14.58,-1004.464704,56.6854387849165,188.304982618461,1
14.59,-1004.330592,48.7137319216726,161.82370867594,1
14.6,-1004.19648,54.2532801363239,180.225549705486,1
14.61,-1004.062368,51.6279898933256,171.504569277771,1
14.62,-1003.928256,46.7496286387658,155.299209735534,1
14.63,-1003.794144,68.5632961876367,227.762341892169,1
14.64,-1003.660032,49.6744863700913,165.015227369459,1
14.65,-1003.52592,54.3016486508749,180.386225832803,1
14.66,-1003.391808,62.1453692465696,206.442456870466,1
14.67,-1003.257696,55.4930578800804,184.34398876871,1
14.68,-1003.123584,56.791629088479,188.657738423735,1
14.69,-1002.989472,61.7664615918029,205.183753689274,1
14.7,-1002.85536,69.5301676096199,230.974218832149,1
14.71,-1002.721248,64.6354462586553,214.714309813902,1
14.72,-1002.587136,49.8395062133581,165.563405625421,1
14.73,-1002.453024,73.3735235768059,243.741570054143,1
14.74,-1002.318912,69.3050368154404,230.226350607469,1
14.75,-1002.1848,63.8511786181005,212.109030086835,1
14.76,-1002.050688,72.114810602831,239.560216285555,1
14.77,-1001.916576,60.1291511969177,199.744730687,1
14.78,-1001.782464,60.4934560242972,200.954924001363,1
14.79,-1001.648352,73.3258379429665,243.583161814695,1
14.8,-1001.51424,70.5314036949721,234.300252782709,1
14.81,-1001.380128,67.6361578551546,224.682455495604,1
14.82,-1001.246016,79.2967225141615,263.41801052191,1
14.83,-1001.111904,82.0008262301873,272.400848549046,1
14.84,-1000.977792,71.0204187550956,235.924725513816,1
14.85,-1000.84368,83.7536117528855,278.223475990986,1
14.86,-1000.709568,71.5811054294835,237.787286191748,1
14.87,-1000.575456,94.9774003593881,315.508094637802,1
14.88,-1000.441344,84.8474882613497,281.857255083256,1
14.89,-1000.307232,80.0061450171052,265.77466104002,1
14.9,-1000.17312,88.2618253433043,293.199437335491,1
14.91,-1000.039008,81.7830409581436,271.677381539872,1
14.92,-999.904896,79.9814725268273,265.692700802216,1
14.93,-999.770784,82.0653460534886,272.615178761406,1
14.94,-999.636672,86.8368413210516,288.465742885565,1
14.95,-999.50256,79.1846146456577,263.045596248305,1
14.96,-999.368448,90.4496477804972,300.467226147708,1
14.97,-999.234336,71.9572149919371,239.036695030857,1
14.98,-999.100224,90.6690510942478,301.196068179127,1
14.99,-998.966112,87.1401537493609,289.473324960678,1
15,-998.832,84.5352901017463,280.820155249219,1
15.01,-998.697888,86.7385578643521,288.139252310176,1
15.02,-998.563776,74.2158523980778,246.539725713687,1
15.03,-998.429664,72.2771178959447,240.099389410034,1
15.04,-998.295552,85.7931576001304,284.998700618979,1
15.05,-998.16144,52.824684524269,175.479878909124,1
15.06,-998.027328,69.4085170760038,230.570104552437,1
15.07,-997.893216,75.0180286996066,249.20449761462,1
15.08,-997.759104,82.7835948590195,275.00114963395,1
15.09,-997.624992,80.739452480323,268.210655681891,1
15.1,-997.49088,77.325662428554,256.870290744249,1
15.11,-997.356768,83.8096340253162,278.409577950934,1
15.12,-997.222656,61.8543730972589,205.475789196625,1
15.13,-997.088544,68.7437049801772,228.361646846954,1
15.14,-996.954432,83.1661244899888,276.271885555786,1
15.15,-996.82032,65.4795931628173,217.518504254575,1
15.16,-996.686208,67.9505017306678,225.726683073525,1
15.17,-996.552096,68.9431168700542,229.024078719927,1
15.18,-996.417984,68.5971117268607,227.874674666384,1
15.19,-996.283872,79.1826138970468,263.038949905364,1
15.2,-996.14976,71.8825259976926,238.788583578444,1
15.21,-996.015648,72.0819721418059,239.451129286012,1
15.22,-995.881536,75.5716597797758,251.043620199659,1
15.23,-995.747424,52.3985561518617,174.064318858203,1
15.24,-995.613312,68.5726892833239,227.793545076292,1
15.25,-995.4792,54.0787491472218,179.645772531077,1
15.26,-995.345088,60.4407348307507,200.779788144602,1
15.27,-995.210976,59.2852941003806,196.941501093386,1
15.28,-995.076864,77.0227155665773,255.863923071485,1
15.29,-994.942752,64.5614075562973,214.468358653742,1
15.3,-994.80864,58.860791548179,195.531335885256,1
15.31,-994.674528,53.7473226024417,178.54480185336,1
15.32,-994.540416,58.5846694462683,194.614079348392,1
15.33,-994.406304,66.9401446885978,222.37035023538,1
15.34,-994.272192,56.404551676989,187.371897910892,1
15.35,-994.13808,55.6383699062886,184.82670353099,1
15.36,-994.003968,60.5878106956697,201.268363158322,1
15.37,-993.869856,59.2018477350134,196.664298597806,1
15.38,-993.735744,58.2243183822353,193.417020753741,1
15.39,-993.601632,67.6211863349728,224.632721190675,1
15.4,-993.46752,59.5963140341281,197.974685773959,1
15.41,-993.333408,69.7555231367847,231.722833607888,1
15.42,-993.199296,59.8840260610712,198.930443424629,1
15.43,-993.065184,69.3216070346603,230.281395677786,1
15.44,-992.931072,37.4995318734691,124.573314038907,1
15.45,-992.79696,72.3655522124201,240.393161833272,1
15.46,-992.662848,65.6313661180301,218.02268295824,1
15.47,-992.528736,51.7967222270349,172.065082178631,1
15.48,-992.394624,53.0733520618081,176.305930398838,1
15.49,-992.260512,59.2382853930731,196.785341732971,1
15.5,-992.1264,65.0904780955969,216.225892363553,1
15.51,-991.992288,53.8432041864659,178.863312251864,1
15.52,-991.858176,56.9665708003267,189.238881018944,1
15.53,-991.724064,66.4862493470633,220.86254286973,1
15.54,-991.589952,63.7924712209982,211.914008415915,1
15.55,-991.45584,58.7167511872844,195.052844796038,1
15.56,-991.321728,54.5976508586349,181.369520352683,1
15.57,-991.187616,50.2970440855289,167.083298568683,1
15.58,-991.053504,55.5063583409505,184.388171818816,1
15.59,-990.919392,54.3629006489912,180.589699815828,1
15.6,-990.78528,26.6417948536086,88.5333534412098,1
15.61,-990.651168,49.1915910859943,163.411102245986,1
15.62,-990.517056,59.430593061603,197.424173235228,1
15.63,-990.382944,55.1368271977164,183.160619538055,1
15.64,-990.248832,63.3515833528411,210.449411263716,1
15.65,-990.11472,60.6708228008555,201.54412316419,1
15.66,-989.980608,51.1283046318072,169.844662861217,1
15.67,-989.846496,56.7524499680443,188.527588476509,1
15.68,-989.712384,48.9204823533947,162.510509724648,1
15.69,-989.578272,46.9180594224027,155.858713088074,1
15.7,-989.44416,43.414507511559,144.220529453075,1
15.71,-989.310048,32.9713979257302,109.535889642184,1
15.72,-989.175936,44.6768003394552,148.4136096961,1
15.73,-989.041824,26.7363593374891,88.8468179807992,1
15.74,-988.907712,47.2396970951396,156.927149370315,1
15.75,-988.7736,49.8103202299306,165.46645289651,1
15.76,-988.639488,32.3223703701685,107.381039323564,1
15.77,-988.505376,27.7204114565405,92.1095786303161,1
15.78,-988.371264,47.0765975770354,156.385354923125,1
15.79,-988.237152,41.0605269307431,136.401248070789,1
15.8,-988.10304,50.0024236337725,166.104600069783,1
15.81,-987.968928,33.5405370922943,111.425635483153,1
15.82,-987.834816,42.1897833201507,140.152297859271,1
15.83,-987.700704,57.9180718654277,192.399693432064,1
15.84,-987.566592,32.9498457621937,109.464331095559,1
15.85,-987.43248,47.2739021351963,157.040773916921,1
15.86,-987.298368,43.7854043021826,145.452568124822,1
15.87,-987.164256,37.2470608863181,123.73477712491,1
15.88,-987.030144,46.7090135517892,155.164292202117,1
15.89,-986.896032,45.2965967787457,150.472463539072,1
15.9,-986.76192,47.6373537161188,158.248112238058,1
15.91,-986.627808,38.0695787603335,126.466653245922,1
15.92,-986.493696,46.3594059554243,154.002946707825,1
15.93,-986.359584,55.8449036671168,185.512792004443,1
15.94,-986.225472,51.2346565744973,170.19795367608,1
15.95,-986.09136,50.2925254975492,167.068288284577,1
15.96,-985.957248,54.8994397849623,182.372038105887,1
15.97,-985.823136,42.5181127115282,141.242921045921,1
15.98,-985.689024,49.6145013372184,164.815963566118,1
15.99,-985.554912,49.1224417292698,163.181395844316,1
16,-985.4208,48.0903831096005,159.753018686289,1
16.01,-985.286688,44.5256009845862,147.911353722363,1
16.02,-985.152576,53.1998641631394,176.726192461445,1
16.03,-985.018464,62.5452579080805,207.770857475591,1
16.04,-984.884352,44.1069467296775,146.520665886571,1
16.05,-984.75024,50.9747582396006,169.334596791094,1
16.06,-984.616128,39.2249154243011,130.304073043113,1
16.07,-984.482016,47.3186965966506,157.18957512374,1
16.08,-984.347904,41.7703655014843,138.759110366686,1
16.09,-984.213792,53.2426526544915,176.868332076001,1
16.1,-984.07968,50.3828014407127,167.368175701868,1
16.11,-983.945568,54.7589478756751,181.905335620432,1
16.12,-983.811456,45.0660870371616,149.706749978823,1
16.13,-983.677344,51.7936277634963,172.054802661256,1
16.14,-983.543232,46.13052040985,153.242623436586,1
16.15,-983.40912,36.4679209044589,121.147064384816,1
16.16,-983.275008,37.3592571173412,124.107415596882,1
16.17,-983.140896,44.5978042345242,148.151199336786,1
16.18,-983.006784,54.3366964588413,180.502651700092,1
16.19,-982.872672,37.8847829232073,125.852872560284,1
16.2,-982.73856,38.7186801557507,128.622609065384,1
16.21,-982.604448,42.4704494535522,141.084596045202,1
16.22,-982.470336,37.0638400747585,123.126247920511,1
16.23,-982.336224,36.1130147271049,119.968368580644,1
16.24,-982.202112,39.6090261266418,131.579915214234,1
16.25,-982.068,38.7106555010044,128.595955322699,1
16.26,-981.933888,41.0513658633297,136.370818049774,1
16.27,-981.799776,44.9211044304474,149.225143437229,1
16.28,-981.665664,38.2080381536903,126.926534798156,1
16.29,-981.531552,39.4787932663877,131.147339066267,1
16.3,-981.39744,41.9037012687043,139.202013182896,1
16.31,-981.263328,44.9770118461434,149.410857910001,1
16.32,-981.129216,41.3778268272119,137.455215894295,1
16.33,-980.995104,38.7261068132483,128.647276577134,1
16.34,-980.860992,36.3911060443181,120.891948991306,1
16.35,-980.72688,45.4711275465991,151.052225416334,1
16.36,-980.592768,42.3087676323455,140.547531641558,1
16.37,-980.458656,37.9261273526773,125.990193539125,1
16.38,-980.324544,25.8026406348767,85.7523907702373,1
16.39,-980.190432,44.7240598475324,148.570597064808,1
16.4,-980.05632,44.5235949514643,147.904690059676,1
16.41,-979.922208,35.481619911668,117.871472770775,1
16.42,-979.788096,41.1170050396245,136.588849687086,1
16.43,-979.653984,48.9997195777929,162.773726742202,1
16.44,-979.519872,20.5884790439126,68.5188873008759,1
16.45,-979.38576,39.2879566322986,130.513466553265,1
16.46,-979.251648,25.1893861278517,83.7209387971308,1
16.47,-979.117536,44.5138332798104,147.872263633942,1
16.48,-978.983424,34.5946285167794,114.92587607912,1
16.49,-978.849312,32.5592757413836,108.167573507793,1
16.5,-978.7152,40.6098683256704,134.904316149164,1
16.51,-978.581088,37.3549135697166,124.092989295221,1
16.52,-978.446976,22.838029448146,75.9411507150425,1
16.53,-978.312864,44.072000394105,146.404581199809,1
16.54,-978.178752,42.6667378874314,141.736616014118,1
16.55,-978.04464,40.7889255116982,135.49908061274,1
16.56,-977.910528,38.6963591635271,128.548470317962,1
16.57,-977.776416,40.7094381142221,135.235051413659,1
16.58,-977.642304,25.2797854580836,84.0203418451603,1
16.59,-977.508192,32.5403696236309,108.104803639554,1
16.6,-977.37408,33.7832682020575,112.231623883604,1
16.61,-977.239968,25.8696262009651,85.9743330675629,1
16.62,-977.105856,36.7903411758148,122.217888584517,1
16.63,-976.971744,37.5919825851993,124.880374622911,1
16.64,-976.837632,36.7142392007116,121.965136686703,1
16.65,-976.70352,17.4316474545021,58.1649745764908,1
16.66,-976.569408,23.4784510937762,78.0583447518033,1
16.67,-976.435296,32.3482686052912,107.467021178565,1
16.68,-976.301184,27.0040394741992,89.7342075676424,1
16.69,-976.167072,31.1012937903791,103.32745283083,1
16.7,-976.03296,32.1869151914765,106.931334556595,1
16.71,-975.898848,25.7455286000903,85.5631693826627,1
16.72,-975.764736,14.0336823535703,47.1778250314172,1
16.73,-975.630624,28.3651272265939,94.2479191575833,1
16.74,-975.496512,31.2882596376913,103.948068543737,1
16.75,-975.3624,27.9570200553137,92.8942844932058,1
16.76,-975.228288,24.8547422347357,82.6127633039967,1
16.77,-975.094176,24.4685534524472,81.3342439830951,1
16.78,-974.960064,24.0480528462637,79.9425935822108,1
16.79,-974.825952,17.1871109682058,57.3674621774953,1
16.8,-974.69184,11.4588142653684,39.0612600677027,1
16.81,-974.557728,31.817336539281,105.704394849568,1
16.82,-974.423616,25.9227597911516,86.150386107927,1
16.83,-974.289504,29.5472701373853,98.1699099891644,1
16.84,-974.155392,12.7186514380039,43.0019794477948,1
16.85,-974.02128,10.9583479271632,37.5158057925083,1
16.86,-973.887168,25.0726206221005,83.3342387354141,1
16.87,-973.753056,15.4624939664625,51.7697050162012,1
16.88,-973.618944,25.3896728644979,84.3843142762016,1
16.89,-973.484832,26.7439238562519,88.8718936506026,1
16.9,-973.35072,36.0337180789051,119.705015861152,1
16.91,-973.216608,24.7519478645133,82.2724139585648,1
16.92,-973.082496,32.5326608310099,108.079209856709,1
16.93,-972.948384,28.382134662231,94.3043345940569,1
16.94,-972.814272,25.8823549759451,86.016508135156,1
16.95,-972.68016,32.119098047304,106.70618802159,1
16.96,-972.546048,31.8613422948802,105.850483155784,1
16.97,-972.411936,25.5763872252317,85.0028158238811,1
16.98,-972.277824,17.6904731282792,59.0099563832642,1
16.99,-972.143712,32.969005322492,109.527945595134,1
17,-972.0096,36.0530019145628,119.769059449379,1
17.01,-971.875488,27.7935621086376,92.3521732177915,1
17.02,-971.741376,26.2801206841351,87.3346065298853,1
17.03,-971.607264,36.4672034938559,121.144681735786,1
17.04,-971.473152,32.316180548275,107.36048922752,1
17.05,-971.33904,32.2061190844087,106.995090060715,1
17.06,-971.204928,34.8652532113998,115.824569381639,1
17.07,-971.070816,26.8785437197951,89.3181611440725,1
17.08,-970.936704,20.1664117968692,67.1295520409826,1
17.09,-970.802592,29.2021375265309,97.024727146646,1
17.1,-970.66848,41.1315084187443,136.637025150876,1
17.11,-970.534368,25.7721434044914,85.6513477073606,1
17.12,-970.400256,41.4074010175834,137.553452099463,1
17.13,-970.266144,23.8387448984553,79.2500810063714,1
17.14,-970.132032,21.1328575627261,70.3125520280217,1
17.15,-969.99792,40.1794566909251,133.474650248185,1
17.16,-969.863808,31.1257371270681,103.408589051568,1
17.17,-969.729696,43.6697232777654,145.068300368614,1
17.18,-969.595584,34.6821420638542,115.216489908323,1
17.19,-969.461472,43.1902395615884,143.475562278848,1
17.2,-969.32736,47.2307488267448,156.897424427956,1
17.21,-969.193248,36.7348982628505,122.033750019104,1
17.22,-969.059136,42.6659245754284,141.73391439634,1
17.23,-968.925024,22.2159848936252,73.8862570226592,1
17.24,-968.790912,41.3492535613156,137.360304493253,1
17.25,-968.6568,41.1000438886904,136.53251032803,1
17.26,-968.522688,35.0232799460581,116.349354726881,1
17.27,-968.388576,43.410227705464,144.206312892941,1
17.28,-968.254464,38.1378351773309,126.693361071914,1
17.29,-968.120352,37.4380225533261,124.369021091648,1
17.3,-967.98624,43.6705370979472,145.071003704626,1
17.31,-967.852128,30.1345136759931,100.118667785037,1
17.32,-967.718016,40.6926519226284,135.179293636815,1
17.33,-967.583904,41.714183639018,138.572490754239,1
17.34,-967.449792,43.6277992229984,144.929037684421,1
17.35,-967.31568,34.1756314709357,113.534505126251,1
17.36,-967.181568,30.4480168685604,101.159129666949,1
17.37,-967.047456,53.0512295664576,176.232441423077,1
17.38,-966.913344,50.9112497421438,169.123627827067,1
17.39,-966.779232,40.7303334847998,135.304458451719,1
17.4,-966.64512,26.8961260972714,89.3764491812419,1
17.41,-966.511008,46.2585180110787,153.667812051372,1
17.42,-966.376896,41.7964183494132,138.84565031462,1
17.43,-966.242784,56.2500875608144,186.858780419104,1
17.44,-966.108672,40.0921140458427,133.184532380824,1
17.45,-965.97456,57.3963326980633,190.666516408087,1
17.46,-965.840448,53.2691832951826,176.956464540256,1
17.47,-965.706336,52.7609946684226,175.268306899816,1
17.48,-965.572224,44.952315108035,149.328819737299,1
17.49,-965.438112,39.5450901457516,131.367547892199,1
17.5,-965.304,44.8632566525001,149.032983507864,1
17.51,-965.169888,51.496015942686,171.066164363139,1
17.52,-965.035776,40.1947947371164,133.525597254901,1
17.53,-964.901664,49.9440006693133,165.910525135532,1
17.54,-964.767552,40.2204216105679,133.610719770883,1
17.55,-964.63344,46.1411877286712,153.278058639996,1
17.56,-964.499328,38.9570874557728,129.414477478405,1
17.57,-964.365216,51.6134404158745,171.456237292645,1
17.58,-964.231104,30.4551105446604,101.182673130413,1
17.59,-964.096992,38.4957674028841,127.882210973655,1
17.6,-963.96288,41.2210943965302,136.934600630064,1
17.61,-963.828768,40.8932922234751,135.845750760961,1
17.62,-963.694656,23.3852968209598,77.7502907643147,1
17.63,-963.560544,43.584384612825,144.784823757525,1
17.64,-963.426432,56.4518432293679,187.528996689825,1
17.65,-963.29232,36.7751757482189,122.167520689726,1
17.66,-963.158208,31.5041069442737,104.664578200552,1
17.67,-963.024096,41.6982564743577,138.519585430204,1
17.68,-962.889984,46.9298773760296,155.897970683126,1
17.69,-962.755872,41.1260757569082,136.618979630415,1
17.7,-962.62176,34.7605381190769,115.476828183799,1
17.71,-962.487648,32.3211726584337,107.377062941061,1
17.72,-962.353536,39.194142898028,130.201861185196,1
17.73,-962.219424,14.6757981311333,49.2353372263714,1
17.74,-962.085312,32.813247113472,109.010793808475,1
17.75,-961.9512,47.73178914482,158.561814595318,1
17.76,-961.817088,45.2356078406936,150.269868698176,1
17.77,-961.682976,43.649026487722,144.999550080607,1
17.78,-961.548864,42.0159347430448,139.574820972606,1
17.79,-961.414752,33.3611463040787,110.829981300654,1
17.8,-961.28064,40.3876064149071,134.166043888275,1
17.81,-961.146528,42.9963416721855,142.831479029731,1
17.82,-961.012416,27.8797631417547,92.6380563842292,1
17.83,-960.878304,27.1057032487492,90.0712632304846,1
17.84,-960.744192,28.9928691089142,96.3304072845275,1
17.85,-960.61008,24.4643352497409,81.3202813425971,1
17.86,-960.475968,41.8455567776561,139.008873907795,1
17.87,-960.341856,27.4859055111373,91.3319173433019,1
17.88,-960.207744,16.3871800016933,54.7647622817599,1
17.89,-960.073632,35.9856876720299,119.545502281929,1
17.9,-959.93952,23.5826701066693,78.4030239530224,1
17.91,-959.805408,23.2372879169269,77.2608990500136,1
17.92,-959.671296,28.6472428502676,95.1837667039082,1
17.93,-959.537184,36.9266115170028,122.670475561432,1
17.94,-959.403072,29.7698059363082,98.9083589718425,1
17.95,-959.26896,26.4231056923083,87.8084946184554,1
17.96,-959.134848,36.3574351902123,120.780122605304,1
17.97,-959.000736,31.4990336967945,104.647737155456,1
17.98,-958.866624,22.7332677268421,75.5949626877779,1
17.99,-958.732512,44.7393620228191,148.621428080956,1
18,-958.5984,28.1616945175852,93.5731369381682,1
18.01,-958.464288,30.8268749114619,102.416582706541,1
18.02,-958.330176,37.2874387887687,123.868884452404,1
18.03,-958.196064,45.2290645609326,150.248133044842,1
18.04,-958.061952,36.856661896689,122.438155478104,1
18.05,-957.92784,45.6359123388679,151.599613407931,1
18.06,-957.793728,34.6323226135276,115.051049890073,1
18.07,-957.659616,40.3531305193055,134.051527957587,1
18.08,-957.525504,4.84187850910589,20.1764175556457,1
18.09,-957.391392,31.3994112529742,104.317035437894,1
18.1,-957.25728,30.9604906959061,102.860083704698,1
18.11,-957.123168,22.8327030418752,75.9235484054302,1
18.12,-956.989056,38.3847903339877,127.513605919816,1
18.13,-956.854944,28.9134862117404,96.0670381688685,1
18.14,-956.720832,24.4392360717123,81.2372017466702,1
18.15,-956.58672,37.1909754490439,123.548500674513,1
18.16,-956.452608,29.6805805169882,98.6122739758622,1
18.17,-956.318496,40.1694826561425,133.441520404352,1
18.18,-956.184384,41.2376700130457,136.989659487775,1
18.19,-956.050272,22.5116917099363,74.8629057041848,1
18.2,-955.91616,27.7804607303045,92.3087237052738,1
18.21,-955.782048,37.7221174749306,125.312599234672,1
18.22,-955.647936,30.439467372667,101.13075447549,1
18.23,-955.513824,28.4684956004881,94.5908077413697,1
18.24,-955.379712,41.9159178995022,139.242593337804,1
18.25,-955.2456,33.9988060295792,112.947332850331,1
18.26,-955.111488,40.4833754034023,134.484152805437,1
18.27,-954.977376,28.0130363046085,93.0800709748952,1
18.28,-954.843264,37.6563364535209,125.094116607722,1
18.29,-954.709152,39.5584827345917,131.412032177272,1
18.3,-954.57504,44.5654922925556,148.043865126401,1
18.31,-954.440928,43.1270016884032,143.265500761773,1
18.32,-954.306816,38.2835456734352,127.177327787981,1
18.33,-954.172704,35.8106191940585,118.964086906863,1
18.34,-954.038592,40.6604842535209,135.072444096652,1
18.35,-953.90448,45.8650507261514,152.360774401761,1
18.36,-953.770368,35.35609191429,117.454597501028,1
18.37,-953.636256,43.5726948406984,144.745992878502,1
18.38,-953.502144,33.5133966252027,111.335516808431,1
18.39,-953.368032,32.1158974179624,106.69556228649,1
18.4,-953.23392,36.0479673433451,119.752339117223,1
18.41,-953.099808,43.7476722916852,145.327230364451,1
18.42,-952.965696,37.8006461078708,125.573422033663,1
18.43,-952.831584,43.5376854674554,144.629699386999,1
18.44,-952.697472,27.68350974965,91.987201546375,1
18.45,-952.56336,39.2470700974744,130.377660500212,1
18.46,-952.429248,42.7566820443656,142.03538803392,1
18.47,-952.295136,31.1553983423789,103.507045759738,1
18.48,-952.161024,23.9752016647587,79.7015442755615,1
18.49,-952.026912,28.9784686785942,96.2826304367904,1
18.5,-951.8928,44.8112578082228,148.860252756986,1
18.51,-951.758688,24.3558122219846,80.9610768523841,1
18.52,-951.624576,37.675263406307,125.156979823817,1
18.53,-951.490464,31.2596911869909,103.853236927031,1
18.54,-951.356352,37.2295879454723,123.676744232609,1
18.55,-951.22224,31.0053737500303,103.009063178062,1
18.56,-951.088128,35.1473748610631,116.761461323022,1
18.57,-950.954016,11.7602899099881,39.9980607898675,1
18.58,-950.819904,27.9485859985096,92.8663119808271,1
18.59,-950.685792,27.950451747093,92.8724999415456,1
18.6,-950.55168,38.8172140095968,128.949887978479,1
18.61,-950.417568,11.0357606336012,37.7540294094149,1
18.62,-950.283456,35.6784557338668,118.525166331526,1
18.63,-950.149344,43.7489284413088,145.331403027149,1
18.64,-950.015232,17.9335384123216,59.8042544432746,1
18.65,-949.88112,22.3511333655622,74.3325723559275,1
18.66,-949.747008,26.98806049299,89.681232336757,1
18.67,-949.612896,26.314243164589,87.447693681457,1
18.68,-949.478784,27.4249994898916,91.1299547718995,1
18.69,-949.344672,34.380618321122,114.215202499266,1
18.7,-949.21056,30.883533143245,102.604642831538,1
18.71,-949.076448,8.58663049987683,30.3950561263867,1
18.72,-948.942336,29.9180079445107,99.4001655574458,1
18.73,-948.808224,28.3800355510626,94.2973716062019,1
18.74,-948.674112,32.3992891405588,107.636409664338,1
18.75,-948.54,22.2383725766443,73.9601846166016,1
18.76,-948.405888,28.5748451448979,94.9435974201631,1
18.77,-948.271776,19.3620019095999,64.4853170083706,1
18.78,-948.137664,31.3395234890323,104.118237625806,1
18.79,-948.003552,31.9325404583263,106.086845617593,1
18.8,-947.86944,33.4852960974371,111.242210560481,1
18.81,-947.735328,24.4150436143762,81.1571250729347,1
18.82,-947.601216,34.2880185156598,113.907705952641,1
18.83,-947.467104,23.219450307965,77.2019242292404,1
18.84,-947.332992,21.9945507298145,73.1551715067174,1
18.85,-947.19888,27.1060137534882,90.0722927003006,1
18.86,-947.064768,25.4849376242539,84.6998746380987,1
18.87,-946.930656,30.7349690454484,102.111532879341,1
18.88,-946.796544,29.3672680580995,97.5726328554594,1
18.89,-946.662432,40.6777830663933,135.129904583574,1
18.9,-946.52832,26.0477203589759,86.5644524645987,1
18.91,-946.394208,25.6570843651454,85.270152435414,1
18.92,-946.260096,15.2871214454603,51.2035541241699,1
18.93,-946.125984,41.757531966795,138.71648112721,1
18.94,-945.991872,32.9370277710702,109.4217722603,1
18.95,-945.85776,34.5734122212684,114.855421590236,1
18.96,-945.723648,35.8533754970907,119.106083196323,1
18.97,-945.589536,32.3872751314618,107.596522977917,1
18.98,-945.455424,38.7559696603587,128.746465553532,1
18.99,-945.321312,33.5827011229905,111.565639704524,1
19,-945.1872,26.3718434209603,87.6385944864223,1
19.01,-945.053088,27.1370640206834,90.175239717203,1
19.02,-944.918976,18.5245829644741,61.7385585381069,1
19.03,-944.784864,23.48532486871,78.0810769724078,1
19.04,-944.650752,25.8673044606408,85.9666403306288,1
19.05,-944.51664,12.7465151129843,43.0898565592856,1
19.06,-944.382528,5.54933679187731,21.9807646001886,1
19.07,-944.248416,14.7141805692356,49.3586574553796,1
19.08,-944.114304,26.2118714676041,87.108424402605,1
19.09,-943.980192,2.86556401341973,15.5308770079711,1
19.1,-943.84608,24.29919642547,80.7736950465038,1
19.11,-943.711968,14.8736430071417,49.8713777329489,1
19.12,-943.577856,22.6952983758388,75.4695027834126,1
19.13,-943.443744,24.3824170612666,81.049134216183,1
19.14,-943.309632,26.190556898222,87.0377883326772,1
19.15,-943.17552,26.9831215731591,89.6648583791281,1
19.16,-943.041408,21.9725526705508,73.0825554510081,1
19.17,-942.907296,25.2104634555652,83.7907453479578,1
19.18,-942.773184,16.4316830080391,54.9092942027329,1
19.19,-942.639072,32.897123887307,109.28928211041,1
19.2,-942.50496,36.9255118088391,122.666823151252,1
19.21,-942.370848,23.1482325686225,76.9664751634162,1
19.22,-942.236736,20.4084606285127,67.9261639547673,1
19.23,-942.102624,28.2990058343475,94.0285906742134,1
19.24,-941.968512,21.3818988497515,71.1337011491796,1
19.25,-941.8344,13.0950625550423,44.1914650251876,1
19.26,-941.700288,12.922060158858,43.6441422394143,1
19.27,-941.566176,14.0640827328458,47.2749880623752,1
19.28,-941.432064,15.7391092598452,52.6639715902704,1
19.29,-941.297952,23.7041173849913,78.8047269589451,1
19.3,-941.16384,16.3862099439251,54.7616122051136,1
19.31,-941.029728,32.0233618746584,106.388356619769,1
19.32,-940.895616,19.0737207505141,63.5390002918577,1
19.33,-940.761504,26.2702176564425,87.3017867621789,1
19.34,-940.627392,33.4109914759921,110.995487483231,1
19.35,-940.49328,23.8016744690535,79.1274445672769,1
19.36,-940.359168,6.57248681156187,24.704109341884,1
19.37,-940.225056,15.9720252544816,53.4181157184358,1
19.38,-940.090944,20.4567488196238,68.0851348581987,1
19.39,-939.956832,24.2224941457291,80.5198472761262,1
19.4,-939.82272,21.6213050381093,71.9234020025806,1
19.41,-939.688608,15.6054634171377,52.2317188599143,1
19.42,-939.554496,17.2022348690669,57.4167621437518,1
19.43,-939.420384,13.4857350331434,45.4311216416397,1
19.44,-939.286272,35.5681880330412,118.158965280859,1
19.45,-939.15216,17.661556715692,58.9155109390769,1
19.46,-939.018048,21.9439017022709,72.987981484285,1
19.47,-938.883936,28.5530579838206,94.87132263631,1
19.48,-938.749824,14.0651570204814,47.2784220771587,1
19.49,-938.615712,14.2768134980944,47.9556087980243,1
19.5,-938.4816,23.1562192338777,76.9928785188474,1
19.51,-938.347488,9.25884940081666,32.3742812775301,1
19.52,-938.213376,1.87396926481598,13.4457917895768,1
19.53,-938.079264,22.3783813817069,74.4225662252841,1
19.54,-937.945152,14.0690387070135,47.2908303516846,1
19.55,-937.81104,23.1807429085,77.0739535261551,1
19.56,-937.676928,24.6606955572098,81.9703025716438,1
19.57,-937.542816,20.6821958728779,68.8275413378343,1
19.58,-937.408704,12.0048051558235,40.7608678415892,1
19.59,-937.274592,22.3927020591555,74.4698653999447,1
19.6,-937.14048,2.82861993378419,15.4500912168545,1
19.61,-937.006368,12.1488480135889,41.2114362664566,1
19.62,-936.872256,18.9999473388409,63.2969518327881,1
19.63,-936.738144,8.4128625916481,29.8892643703904,1
19.64,-936.604032,12.6255106838997,42.7084385778714,1
19.65,-936.46992,16.4652410212239,55.0183019906212,1
19.66,-936.335808,16.5311829817903,55.2325578319995,1
19.67,-936.201696,13.2424670367711,44.6586107435316,1
19.68,-936.067584,15.4175732369672,51.6246272954543,1
19.69,-935.933472,14.3808992706948,48.2890668801187,1
19.7,-935.79936,3.22678850137161,16.3330254714292,1
19.71,-935.665248,7.97675976137061,28.631256035488,1
19.72,-935.531136,14.3800933105061,48.2864837483102,1
19.73,-935.397024,17.187539153698,57.3688579061197,1
19.74,-935.262912,11.2424230355133,38.3915028089921,1
19.75,-935.1288,14.6635543865666,49.1960064267645,1
19.76,-934.994688,9.69401065392037,33.6732652430425,1
19.77,-934.860576,4.97182500002163,20.5026788053721,1
19.78,-934.726464,12.2272575369804,41.4570654903335,1
19.79,-934.592352,16.0316079778738,53.6111972447078,1
19.8,-934.45824,12.8824851511547,43.519087165948,1
19.81,-934.324128,20.0328979135169,66.6903213534906,1
19.82,-934.190016,12.6124315463478,42.6672445378039,1
19.83,-934.055904,10.4108762753856,35.8403359672633,1
19.84,-933.921792,7.43854281706565,27.1026016115773,1
19.85,-933.78768,19.0740768956049,63.5401689163511,1
19.86,-933.653568,12.6476077665852,42.7780501227307,1
19.87,-933.519456,8.45351188937144,30.0073585150702,1
19.88,-933.385344,7.70817341673044,27.864978827861,1
19.89,-933.251232,12.2358844889804,41.4841060510506,1
19.9,-933.11712,7.67195148143916,27.7621543103927,1
19.91,-932.983008,11.1951441554054,38.2454753262047,1
19.92,-932.848896,12.3353444294102,41.7960735082819,1
19.93,-932.714784,26.5923936578623,88.3696030625261,1
19.94,-932.580672,15.7338148599224,52.6468411903185,1
19.95,-932.44656,21.3991888667831,71.1907233524795,1
19.96,-932.312448,12.5773405091176,42.5567537260043,1
19.97,-932.178336,4.85916259417309,20.2196756132161,1
19.98,-932.044224,22.5903870568221,75.1228810999371,2
19.99,-931.910112,5.41739953615799,21.6391344886365,2
20,-931.776,21.8976242238005,72.8352325591098,1
