time_s,ue_x_m,SINR_dB,throughput_Mbps,serving_idx
0,-1200,18.8773806594914,62.8949274769708,1
0.01,-1199.865888,7.23883220200982,26.5425459446343,1
0.02,-1199.731776,13.7195092490187,46.1752369787097,3
0.03,-1199.597664,2.47613107147815,14.691215893762,3
0.04,-1199.463552,0.0487032362976831,10.0811211172943,3
0.05,-1199.32944,9.22483213491313,32.2733023294425,1
0.06,-1199.195328,19.0641264531946,63.5075188142598,1
0.07,-1199.061216,8.84189807904483,31.1425254298894,1
0.08,-1198.927104,18.5708488360532,61.8901327788126,1
0.09,-1198.792992,15.7287103766201,52.6303257931498,1
0.1,-1198.65888,5.66900187654038,22.2925814929941,1
0.11,-1198.524768,4.13483052871178,18.4442313976843,1
0.12,-1198.390656,11.2445770201579,38.398158348499,1
0.13,-1198.256544,10.6573992042386,36.5927279585109,1
0.14,-1198.122432,11.2861847060345,38.5267659437153,1
0.15,-1197.98832,1.62149942132491,12.9431963844196,1
0.16,-1197.854208,17.5922250068131,58.6891062046106,1
0.17,-1197.720096,10.2423137227368,35.3279156575875,1
0.18,-1197.585984,4.576057182575,19.5165324313713,1
0.19,-1197.451872,14.8513962093512,49.7998113869202,1
0.2,-1197.31776,5.68823636197964,22.3428738859503,1
0.21,-1197.183648,12.2330744918843,41.4752979843089,1
0.22,-1197.049536,11.1060582263872,37.9706265128563,1
0.23,-1196.915424,1.84457246529571,13.3866697918657,3
0.24,-1196.781312,13.127082345844,44.2928781070774,1
0.25,-1196.6472,19.6330525608851,65.3757299084837,1
0.26,-1196.513088,4.47534941059038,19.2692209956074,1
0.27,-1196.378976,13.2030860105642,44.5337354674174,1
0.28,-1196.244864,4.63748486286777,19.6681136435891,1
0.29,-1196.110752,7.65289817622837,27.7081171710241,1
0.3,-1195.97664,2.60493072099626,14.9659938344098,3
0.31,-1195.842528,16.2380001039511,54.2805168787,1
0.32,-1195.708416,17.6922553416074,59.0157777106906,1
0.33,-1195.574304,11.8286860798542,40.2111699560703,1
0.34,-1195.440192,20.3148655386097,67.6180824986687,1
0.35,-1195.30608,15.1521763271124,50.7683599660296,1
0.36,-1195.171968,28.4085738250994,94.3920366880253,1
0.37,-1195.037856,6.74966697088817,25.1882460016,1
0.38,-1194.903744,30.9356209025085,102.777534399611,1
0.39,-1194.769632,5.94694076537469,23.023861769656,1
0.4,-1194.63552,12.2468858586691,41.5185934469969,1
0.41,-1194.501408,12.3318759440823,41.7851875221427,1
0.42,-1194.367296,12.4219981965055,42.0681948201788,1
0.43,-1194.233184,6.58768775416112,24.7455072745584,1
0.44,-1194.099072,10.7011497098316,36.7266138977106,1
0.45,-1193.96496,20.1965152652384,67.2286036152063,1
0.46,-1193.830848,19.7550478091034,65.7766869900116,1
0.47,-1193.696736,20.3808421430523,67.8352475228673,1
0.48,-1193.562624,26.1106256075338,86.7729050225197,1
0.49,-1193.428512,36.8711128005413,122.486150460462,1
0.5,-1193.2944,22.4202547591215,74.5608705875864,1
0.51,-1193.160288,29.2106535778448,97.0529829358172,1
0.52,-1193.026176,25.1347597740836,83.5400251241844,1
0.53,-1192.892064,6.60586148741815,24.7950354665451,1
0.54,-1192.757952,24.8316900029263,82.5364356897185,1
0.55,-1192.62384,21.229888903187,70.632446039665,1
0.56,-1192.489728,26.8021836673135,89.0650225359458,1
0.57,-1192.355616,22.5937256593271,75.133910972766,1
0.58,-1192.221504,17.7005947974948,59.0430177994006,1
0.59,-1192.087392,22.5705314101957,75.0572841773968,1
0.6,-1191.95328,16.9822117948404,56.699866162453,1
0.61,-1191.819168,2.91932899551144,15.6488639870874,1
0.62,-1191.685056,23.0627376648665,76.6838497549709,1
0.63,-1191.550944,24.0384069946067,79.9106765620362,1
0.64,-1191.416832,18.5203507545623,61.7246942686264,1
0.65,-1191.28272,12.9790737679263,43.8243996020737,1
0.66,-1191.148608,20.360501264462,67.7682913724171,1
0.67,-1191.014496,20.5855366993143,68.5091976895221,1
0.68,-1190.880384,23.8811550161261,79.3903874891365,1
0.69,-1190.746272,12.4721989289376,42.2259765412334,1
0.7,-1190.61216,20.0263013284307,66.6686234771415,1
0.71,-1190.478048,20.8079370305605,69.241755165985,1
0.72,-1190.343936,11.6562484046958,39.6742907490611,1
0.73,-1190.209824,13.1806404076436,44.4625846696027,1
0.74,-1190.075712,8.02796878657066,28.7781069953929,1
0.75,-1189.9416,16.8080848022808,56.1330160884539,1
0.76,-1189.807488,11.9021349357635,40.4402525324918,1
0.77,-1189.673376,8.38014836943101,29.7943241800485,1
0.78,-1189.539264,21.5692550197832,71.7516848754793,1
0.79,-1189.405152,16.9852619777531,56.7097997068966,1
0.8,-1189.27104,12.0000023104544,40.7458595686887,1
0.81,-1189.136928,20.4375167255229,68.0218184444482,1
0.82,-1189.002816,19.6693774300288,65.4951049320814,1
0.83,-1188.868704,23.3769115166934,77.7225626809475,1
0.84,-1188.734592,0.888812335947469,11.551686768957,3
0.85,-1188.60048,15.949238604641,53.3442913778733,1
0.86,-1188.466368,7.12991549478025,26.2388165599262,1
0.87,-1188.332256,15.1117229298913,50.6379764070172,1
0.88,-1188.198144,26.3253406109336,87.4844727736455,1
0.89,-1188.064032,26.5670259689461,88.2855182432737,1
0.9,-1187.92992,20.5605000288664,68.426750234045,1
0.91,-1187.795808,34.5986180132683,114.93912430237,1
0.92,-1187.661696,23.4736530285317,78.0424771937631,1
0.93,-1187.527584,27.7162484530853,92.0957727791322,1
0.94,-1187.393472,9.39310142883023,32.7736172840413,1
0.95,-1187.25936,30.3882054707053,100.960620794266,1
0.96,-1187.125248,30.7954236270492,102.312190408526,1
0.97,-1186.991136,35.1182913307958,116.664877549226,1
0.98,-1186.857024,22.5270809923332,74.9137431867075,1
0.99,-1186.722912,32.5794857016141,108.234672407967,1
1,-1186.5888,26.8225054415823,89.1323896583362,1
1.01,-1186.454688,8.29058397524222,29.5348639380463,1
1.02,-1186.320576,27.7811455348033,92.310994790817,1
1.03,-1186.186464,27.8894742234153,92.6702634801019,1
1.04,-1186.052352,23.032495869222,76.5838842365866,1
1.05,-1185.91824,26.3197559378767,87.4659640553035,1
1.06,-1185.784128,31.0316930028835,103.096424745191,1
1.07,-1185.650016,23.600392585172,78.4616403826714,1
1.08,-1185.515904,22.164034203317,73.7147165849229,1
1.09,-1185.381792,18.9468037551228,63.1226208750615,1
1.1,-1185.24768,22.3716059442833,74.4001882249135,1
1.11,-1185.113568,31.148819210756,103.485207107567,1
1.12,-1184.979456,14.3194384617344,48.0921313600276,1
1.13,-1184.845344,17.6276434938513,58.8047586493459,1
1.14,-1184.711232,18.1720170961946,60.5842492332253,1
1.15,-1184.57712,14.7973471810677,49.6259880572986,1
1.16,-1184.443008,17.2359201726039,57.5265789505773,1
1.17,-1184.308896,21.9021680521667,72.8502299963104,1
1.18,-1184.174784,25.6840417780138,85.3594610102278,1
1.19,-1184.040672,15.14159819414,50.7342625647248,1
1.2,-1183.90656,20.5041846346888,68.2413149865727,1
1.21,-1183.772448,13.6143307539217,45.8402413928955,1
1.22,-1183.638336,14.8443170549088,49.7770406904828,1
1.23,-1183.504224,26.4818970290497,88.0033541748658,1
1.24,-1183.370112,19.7074783344486,65.6203280230257,1
1.25,-1183.236,15.6743848724057,52.4545887422696,1
1.26,-1183.101888,16.3552124372742,54.6609620852421,1
1.27,-1182.967776,8.7576417830063,30.8952336037169,1
1.28,-1182.833664,16.196556294201,54.1460562140869,1
1.29,-1182.699552,25.7116210598058,85.4508313515544,1
1.3,-1182.56544,14.6020041645135,48.9983432438957,1
1.31,-1182.431328,13.9852150267246,47.022971517709,1
1.32,-1182.297216,30.5716172942591,101.569356591724,1
1.33,-1182.163104,30.3070558800317,100.691296299404,1
1.34,-1182.028992,27.8961377716215,92.6923634067912,1
1.35,-1181.89488,22.0029520920649,73.1829051899581,1
1.36,-1181.760768,26.237614595762,87.1937377332104,1
1.37,-1181.626656,6.47953994958255,24.4515504650231,1
1.38,-1181.492544,19.8253371369758,66.0077579765577,1
1.39,-1181.358432,11.1008023982966,37.9544237701199,1
1.4,-1181.22432,20.8726671712162,69.4550264947644,1
1.41,-1181.090208,22.3139684882096,74.2098306676112,1
1.42,-1180.956096,11.3502673535822,38.7250093361665,1
1.43,-1180.821984,22.481084735881,74.7618005673337,1
1.44,-1180.687872,28.5298993120004,94.7944986791119,1
1.45,-1180.55376,23.2365900304363,77.2585916715462,1
1.46,-1180.419648,9.15343629196674,32.0616416555196,1
1.47,-1180.285536,25.6675371355799,85.3047817687239,1
1.48,-1180.151424,27.3532325893164,90.8919844149802,1
1.49,-1180.017312,26.6415854078645,88.5326591818716,1
1.5,-1179.8832,30.1076441196697,100.029495771409,1
1.51,-1179.749088,28.5149188968427,94.7448046505781,1
1.52,-1179.614976,26.4218942733661,87.8044795223605,1
1.53,-1179.480864,18.6021705390935,61.9927601615529,1
1.54,-1179.346752,29.7501468101081,98.8431217125091,1
1.55,-1179.21264,33.1842438394502,110.242600523852,1
1.56,-1179.078528,15.1344611719139,50.7112585832865,1
1.57,-1178.944416,16.9205679246614,56.4991397881557,1
1.58,-1178.810304,29.5393919184984,98.1437681529367,1
1.59,-1178.676192,27.7900617108149,92.3405644500379,1
1.6,-1178.54208,27.8799123286277,92.6385511661177,1
1.61,-1178.407968,25.6775566029012,85.3379758092255,1
1.62,-1178.273856,26.62367763158,88.4732997290358,1
1.63,-1178.139744,25.8381470780431,85.8700326404742,1
1.64,-1178.005632,26.2984270566179,87.3952764070751,1
1.65,-1177.87152,25.4574456402117,84.6088066171203,1
1.66,-1177.737408,26.2741087502361,87.3146822715593,1
1.67,-1177.603296,20.3554915108846,67.7518011851674,1
1.68,-1177.469184,16.2109065183217,54.1926108182094,1
1.69,-1177.335072,26.3339521675239,87.513013295064,1
1.7,-1177.20096,21.2766903933323,70.7867608971788,1
1.71,-1177.066848,34.3668739150477,114.169561242407,1
1.72,-1176.932736,27.758358484086,92.2354241396011,1
1.73,-1176.798624,33.0308714598851,109.733357502906,1
1.74,-1176.664512,22.5256227238036,74.9089258495105,1
1.75,-1176.5304,26.7742721352018,88.9724962730626,1
1.76,-1176.396288,21.0193940447964,69.9385536169446,1
1.77,-1176.262176,27.7957121182531,92.3593035471148,1
1.78,-1176.128064,32.4286560765832,107.733908589512,1
1.79,-1175.993952,25.1224069925189,83.4991156650864,1
1.8,-1175.85984,26.0852100480719,86.6886832009888,1
1.81,-1175.725728,27.4124314080128,91.0882800171187,1
1.82,-1175.591616,20.1751085809395,67.1581670153297,1
1.83,-1175.457504,22.5724408508264,75.0635923077693,1
1.84,-1175.323392,15.69191174104,52.5112799429915,1
1.85,-1175.18928,34.076805984645,113.20634087186,1
1.86,-1175.055168,20.4876826359972,68.1869812374556,1
1.87,-1174.921056,22.765666004096,75.7020190187281,1
1.88,-1174.786944,34.0060323640724,112.97132866632,1
1.89,-1174.652832,18.6789654579635,62.2444256649793,1
1.9,-1174.51872,34.1736068394382,113.527782017034,1
1.91,-1174.384608,28.3657297704049,94.249917852715,1
1.92,-1174.250496,29.0470163366551,96.5100553528055,1
1.93,-1174.116384,29.7628477898319,98.8852688760713,1
1.94,-1173.982272,34.018563360786,113.012939217737,1
1.95,-1173.84816,36.3279472567438,120.682188544112,1
1.96,-1173.714048,22.2312435074036,73.9366430806211,1
1.97,-1173.579936,26.8289602943423,89.1537877721829,1
1.98,-1173.445824,28.1200235753558,93.4349211316193,1
1.99,-1173.311712,26.8553614092079,89.2413092853356,1
2,-1173.1776,33.1807289808944,110.230930024889,1
2.01,-1173.043488,24.5372913775136,81.5617796353127,1
2.02,-1172.909376,34.3808033410634,114.21581689814,1
2.03,-1172.775264,33.131319159441,110.066873472814,1
2.04,-1172.641152,23.8861961261737,79.4070654954535,1
2.05,-1172.50704,33.0397663827064,109.762891114944,1
2.06,-1172.372928,23.4457959749658,77.9503534013789,1
2.07,-1172.238816,26.5154936235813,88.1147102753553,1
2.08,-1172.104704,26.1882218380409,87.0300500389403,1
2.09,-1171.970592,29.7430596177303,98.8196035002841,1
2.1,-1171.83648,27.9372673613124,92.8287725649411,1
2.11,-1171.702368,23.7877270402299,79.0813047891459,1
2.12,-1171.568256,15.4997077653015,51.8899235743254,1
2.13,-1171.434144,16.7834425524506,56.0528332014613,1
2.14,-1171.300032,20.4362697174752,68.017713097871,1
2.15,-1171.16592,23.9996817147404,79.7825418499981,1
2.16,-1171.031808,19.3864178729865,64.5654989864107,1
2.17,-1170.897696,21.9558066416066,73.0272780128394,1
2.18,-1170.763584,27.917537172626,92.7633357554892,1
2.19,-1170.629472,23.6550101473903,78.6422924310644,1
2.2,-1170.49536,20.7578514967091,69.076752480323,1
2.21,-1170.361248,20.0361106627206,66.7008890347829,1
2.22,-1170.227136,21.7434702557032,72.3264897005931,1
2.23,-1170.093024,23.2889164894872,77.4316002093162,1
2.24,-1169.958912,26.2654626361372,87.2860281430185,1
2.25,-1169.8248,29.5219678413597,98.0859510368167,1
2.26,-1169.690688,32.6881196763978,108.595349985396,1
2.27,-1169.556576,24.2047216831292,80.4610313458296,1
2.28,-1169.422464,30.6114716774048,101.701634552582,1
2.29,-1169.288352,24.227291914985,80.535725099822,1
2.3,-1169.15424,28.3648931321912,94.2471426442927,1
2.31,-1169.020128,28.1111319910297,93.4054294415194,1
2.32,-1168.886016,25.2310779844043,83.8590201275024,1
2.33,-1168.751904,21.7613375438104,72.3854497090878,1
2.34,-1168.617792,20.0381102085142,66.7074661703963,1
2.35,-1168.48368,19.7997101820793,65.923506754577,1
2.36,-1168.349568,12.1528155843062,41.2238591740297,1
2.37,-1168.215456,28.7618025098491,95.563813505384,1
2.38,-1168.081344,14.811254491009,49.6707077963178,1
2.39,-1167.947232,24.6078756689784,81.7954402490316,1
2.4,-1167.81312,26.0041673308414,86.4201327938156,1
2.41,-1167.679008,27.527705457828,91.4705276577129,1
2.42,-1167.544896,34.3760598140826,114.20006499024,1
2.43,-1167.410784,29.4427058618083,97.8229447447388,1
2.44,-1167.276672,26.8299381808566,89.157029513682,1
2.45,-1167.14256,23.0483617799687,76.6363292389633,1
2.46,-1167.008448,26.2262099287543,87.1559422507664,1
2.47,-1166.874336,24.9727761122627,83.0036025887534,1
2.48,-1166.740224,21.5171947433334,71.5799481497883,1
2.49,-1166.606112,30.8727920925238,102.568990958396,1
2.5,-1166.472,26.4999197242788,88.0630902597095,1
2.51,-1166.337888,28.1487689080852,93.5302645551917,1
2.52,-1166.203776,22.642401906195,75.2947298629459,1
2.53,-1166.069664,24.7877043451822,82.3907996701288,1
2.54,-1165.935552,5.5586231682183,22.0048961033531,2
2.55,-1165.80144,19.3945453755343,64.5921908296486,1
2.56,-1165.667328,22.877395849917,76.0712493147961,1
2.57,-1165.533216,26.6715288740506,88.6319148847437,1
2.58,-1165.399104,16.9381367224739,56.5563420177295,1
2.59,-1165.264992,20.9334091648967,69.655181235993,1
2.6,-1165.13088,14.599366831033,48.9898757641044,1
2.61,-1164.996768,10.993438244165,37.6237511505274,1
2.62,-1164.862656,27.929683775288,92.8036209154593,1
2.63,-1164.728544,22.844159349124,75.9614084922229,1
2.64,-1164.594432,22.7082890075137,75.5124263098588,1
2.65,-1164.46032,22.6256217849805,75.2392897961845,1
2.66,-1164.326208,21.3214816848942,70.9344592090865,1
2.67,-1164.192096,28.825732628726,95.775904768612,1
2.68,-1164.057984,14.5524622536779,48.8393117955348,1
2.69,-1163.923872,26.9328918962856,89.4983344933162,1
2.7,-1163.78976,12.8703172093485,43.4806482630005,1
2.71,-1163.655648,26.5842370987752,88.342566867848,1
2.72,-1163.521536,25.0256302576499,83.1786266795224,1
2.73,-1163.387424,33.8714652169338,112.524486704473,1
2.74,-1163.253312,31.5771810665354,104.907155046715,1
2.75,-1163.1192,21.0574926384051,70.06412573791,1
2.76,-1162.985088,27.9709086633445,92.9403478366274,1
2.77,-1162.850976,18.2770967172583,60.9281404009908,1
2.78,-1162.716864,21.9052591059816,72.8604324386215,1
2.79,-1162.582752,20.1322485062161,67.0171500763564,1
2.8,-1162.44864,21.892263876165,72.8175402340161,1
2.81,-1162.314528,20.2170344684376,67.2961231309365,1
2.82,-1162.180416,20.8714850718093,69.4511315093816,1
2.83,-1162.046304,22.4414306253253,74.6308156485432,1
2.84,-1161.912192,17.2842786985871,57.6842592376202,1
2.85,-1161.77808,16.4674337698268,55.0254254289866,1
2.86,-1161.643968,7.90423942148208,28.423698414863,1
2.87,-1161.509856,19.6667098592554,65.4863380860031,1
2.88,-1161.375744,28.45550479268,94.5477146175565,1
2.89,-1161.241632,11.9123019154694,40.471981326719,1
2.9,-1161.10752,22.4492232067241,74.656555464271,1
2.91,-1160.973408,22.9242083080015,76.2259636073632,1
2.92,-1160.839296,20.8709621376222,69.449408458208,1
2.93,-1160.705184,13.983049077604,47.0160528363573,1
2.94,-1160.571072,12.8998586254411,43.5739796448586,1
2.95,-1160.43696,21.1249141757987,70.2863665841347,1
2.96,-1160.302848,10.0551076159407,34.7608332399992,1
2.97,-1160.168736,10.6510392018975,36.5732738484279,1
2.98,-1160.034624,14.793933410118,49.6150115858606,1
2.99,-1159.900512,8.8665521749634,31.2149903492139,1
3,-1159.7664,27.4040514959584,91.0604930200003,1
3.01,-1159.632288,18.3293129752387,61.0990726326683,1
3.02,-1159.498176,21.2570145482843,70.7218837806652,1
3.03,-1159.364064,6.66423632309654,24.954373200862,1
3.04,-1159.229952,9.02424352118395,31.6795966559152,1
3.05,-1159.09584,12.1691894353527,41.2751344207049,1
3.06,-1158.961728,15.3094431230579,51.2755786932914,1
3.07,-1158.827616,22.8738644968687,76.0595786052656,1
3.08,-1158.693504,15.6867895423976,52.4947114101198,1
3.09,-1158.559392,20.6869989612822,68.8433617204399,1
3.1,-1158.42528,20.9006006213686,69.5470689510725,1
3.11,-1158.291168,21.8384568737935,72.6399530296521,1
3.12,-1158.157056,16.7873320210816,56.0654884400191,1
3.13,-1158.022944,16.7047295674785,55.7967735631861,1
3.14,-1157.888832,16.548657646331,55.2893476768539,1
3.15,-1157.75472,8.9528051272759,31.4688813538088,1
3.16,-1157.620608,10.5637031960869,36.3063582025622,1
3.17,-1157.486496,5.92163364113237,22.9568759453884,1
3.18,-1157.352384,18.9615900263195,63.1711227284919,1
3.19,-1157.218272,8.71293720384677,30.7642539462852,1
3.2,-1157.08416,17.7373261175045,59.1630077526011,1
3.21,-1156.950048,18.3080176625528,61.0293578708106,1
3.22,-1156.815936,12.1515655274389,41.2199450358578,1
3.23,-1156.681824,5.55234231031848,21.9885734865083,1
3.24,-1156.547712,9.23433530044018,32.3015036362164,1
3.25,-1156.4136,15.8045633238269,52.8757973987829,1
3.26,-1156.279488,16.5217887045987,55.2020299966012,1
3.27,-1156.145376,9.06001337414289,31.7852490573613,1
3.28,-1156.011264,18.9985960346405,63.2925187163894,1
3.29,-1155.877152,15.8016977459271,52.8665219484571,1
3.3,-1155.74304,14.1695232416121,47.6121857012105,1
3.31,-1155.608928,13.6040464316275,45.8075036480985,1
3.32,-1155.474816,23.575826087763,78.3803878975854,1
3.33,-1155.340704,21.0882653541586,70.1655581864745,1
3.34,-1155.206592,3.18815163245074,16.2461746136136,2
3.35,-1155.07248,20.6431279953609,68.6988653285885,1
3.36,-1154.938368,18.8839589559241,62.916500944815,1
3.37,-1154.804256,1.33717314783464,12.3912841831697,2
3.38,-1154.670144,8.46379844280458,30.0372649068227,1
3.39,-1154.536032,12.7505109277573,43.1024609898597,1
3.4,-1154.40192,5.56724457091019,22.027309663116,1
3.41,-1154.267808,12.5716907929835,42.5389688773768,1
3.42,-1154.133696,23.7132484161913,78.834931001085,1
3.43,-1153.999584,13.4044524755827,45.1727929170319,1
3.44,-1153.865472,13.0393789259799,44.0151871934539,1
3.45,-1153.73136,15.1151142707698,50.6489054982692,1
3.46,-1153.597248,8.49562641051417,30.1298551471211,1
3.47,-1153.463136,14.7796045612369,49.5689423318135,1
3.48,-1153.329024,5.58054820253625,22.0619148492617,2
3.49,-1153.194912,5.54915728000832,21.9802982328022,1
3.5,-1153.0608,1.35330826077497,12.4222018202649,2
3.51,-1152.926688,-0.315149995164311,9.48604132065183,1
3.52,-1152.792576,-2.14827230438912,6.86863025026432,2
3.53,-1152.658464,2.70557709720013,15.1827322288149,2
3.54,-1152.524352,3.95902735879228,18.0252411106606,1
3.55,-1152.39024,4.6831614263619,19.7811832215368,1
3.56,-1152.256128,5.68602028919095,22.337077106056,2
3.57,-1152.122016,9.12225915589268,31.9693315535151,1
3.58,-1151.987904,13.000178704122,43.8911549838306,1
3.59,-1151.853792,11.8478183467389,40.2708195201371,1
3.6,-1151.71968,-0.0680210442192251,9.88746187371878,2
3.61,-1151.585568,17.7136485569834,59.0856584931477,1
3.62,-1151.451456,7.48103569578027,27.222279757934,1
3.63,-1151.317344,18.9679610393639,63.1920215327224,1
3.64,-1151.183232,16.9900480207469,56.7253867106612,1
3.65,-1151.04912,16.4700574929669,55.0339490502782,1
3.66,-1150.915008,13.697891036224,46.1063553037676,1
3.67,-1150.780896,5.35977125766622,21.4906374030051,1
3.68,-1150.646784,12.9049033579526,43.5899207726887,1
3.69,-1150.512672,3.70043627865785,17.4177515458591,1
3.7,-1150.37856,13.2890583362145,44.8064155912509,1
3.71,-1150.244448,8.97990945175879,31.5487827442148,1
3.72,-1150.110336,10.4933963571365,36.0918012280032,1
3.73,-1149.976224,10.1606410189954,35.0802490308664,1
3.74,-1149.842112,0.42302583719539,10.7197339354494,1
3.75,-1149.708,10.5559370522774,36.2826442294556,1
3.76,-1149.573888,9.00809765110519,31.6319387197256,1
3.77,-1149.439776,12.3571621238168,41.8645602410008,1
3.78,-1149.305664,15.0526841506251,50.447756369034,1
3.79,-1149.171552,9.06757433956184,31.8075939984024,1
3.8,-1149.03744,7.71165904445126,27.8748801770954,1
3.81,-1148.903328,21.6003315795087,71.8542072017396,1
3.82,-1148.769216,7.60118715298678,27.5616346966642,1
3.83,-1148.635104,1.499163489002,12.7038870060329,1
3.84,-1148.500992,15.0846107442399,50.5506126188942,1
3.85,-1148.36688,12.2820489142009,41.6288564656019,1
3.86,-1148.232768,9.01077925824141,31.6398526801241,1
3.87,-1148.098656,9.99241430982063,34.5714097175426,1
3.88,-1147.964544,-0.935848520078318,8.52916659811095,2
3.89,-1147.830432,17.0977005684371,57.0760737682662,1
3.9,-1147.69632,3.34391319219382,16.5978279837436,1
3.91,-1147.562208,7.47222603756582,27.1974533553513,1
3.92,-1147.428096,2.82281373607192,15.4374161447236,1
3.93,-1147.293984,0.336890514389767,10.5704119056099,2
3.94,-1147.159872,1.98886359229023,13.6783753549605,1
3.95,-1147.02576,18.2913312788405,60.974734897972,1
3.96,-1146.891648,11.7507698521548,39.9684146997461,1
3.97,-1146.757536,10.2658816381736,35.3994588298455,1
3.98,-1146.623424,4.93177142359808,20.4018609781786,2
3.99,-1146.489312,15.0044129949116,50.2922872379138,1
4,-1146.3552,1.7108974909994,13.1198227946813,1
4.01,-1146.221088,15.3248497487239,51.3252968888397,1
4.02,-1146.086976,14.2159352150808,47.7607068375202,1
4.03,-1145.952864,11.6507891138331,39.6573154009982,1
4.04,-1145.818752,4.05904836017438,18.2630329492115,2
4.05,-1145.68464,2.48931528303555,14.7192086594196,1
4.06,-1145.550528,13.9510049591927,46.9137099815563,1
4.07,-1145.416416,12.6928075793523,42.9204980543029,1
4.08,-1145.282304,13.6052841037847,45.8114433178255,1
4.09,-1145.148192,0.813416893799886,11.4142258752011,1
4.1,-1145.01408,8.40276167628456,29.8599407865186,1
4.11,-1144.879968,-0.296787725570776,9.51546647561953,2
4.12,-1144.745856,4.2304314084367,18.674075413961,1
4.13,-1144.611744,6.96623167772454,25.7846874453377,1
4.14,-1144.477632,19.869861438566,66.1541483124247,1
4.15,-1144.34352,8.17153605005385,29.1910621615385,1
4.16,-1144.209408,11.360192732563,38.7557320079543,1
4.17,-1144.075296,16.0327717922994,53.6149693024279,1
4.18,-1143.941184,-1.51096217273531,7.70753865840752,4
4.19,-1143.807072,9.3208884133844,32.5586573757772,4
4.2,-1143.67296,11.5183559907883,39.2459442594268,1
4.21,-1143.538848,11.4351404278209,38.9878762779641,1
4.22,-1143.404736,0.018997729175407,10.0315890530709,1
4.23,-1143.270624,8.39180960540654,29.8281559714234,1
4.24,-1143.136512,12.9803620150156,43.828473911232,1
4.25,-1143.0024,14.2528011309284,47.8787213273078,1
4.26,-1142.868288,6.12391282317496,23.4944894272907,1
4.27,-1142.734176,3.02935390573981,15.8918530802629,1
4.28,-1142.600064,8.20369701950835,29.2838191401361,1
4.29,-1142.465952,7.07122802880913,26.0756683573335,1
4.3,-1142.33184,17.8460297728164,59.5182071802013,1
4.31,-1142.197728,8.22823829718322,29.3546605571925,1
4.32,-1142.063616,5.27742889646067,21.2792273863238,1
4.33,-1141.929504,6.03779031652912,23.264983244268,1
4.34,-1141.795392,7.00994243915327,25.9056832361789,1
4.35,-1141.66128,15.3723513384319,51.4786192243497,1
4.36,-1141.527168,10.6908180662929,36.6949872739901,1
4.37,-1141.393056,6.13737077934863,23.5304343826308,1
4.38,-1141.258944,11.8265103102381,40.204387480939,1
4.39,-1141.124832,2.80568598159565,15.4000596996142,1
4.4,-1140.99072,4.55834236034744,19.4729212968642,1
4.41,-1140.856608,4.05477343238094,18.2528378492588,1
4.42,-1140.722496,10.6750985756815,36.6468790328199,1
4.43,-1140.588384,9.87924806748897,34.2301176235703,1
4.44,-1140.454272,7.25096005531163,26.5764415494859,4
4.45,-1140.32016,13.9496096853377,46.9092544031722,1
4.46,-1140.186048,13.2326963328299,44.6276235301679,1
4.47,-1140.051936,-0.9837354580956,8.45838150871718,1
4.48,-1139.917824,5.31077064039473,21.3647209790146,1
4.49,-1139.783712,2.48263511433538,14.7050214686135,1
4.5,-1139.6496,4.24101340346571,18.6996024368708,1
4.51,-1139.515488,9.11732290417176,31.9547227804181,1
4.52,-1139.381376,-0.232527854538821,9.61894868282288,1
4.53,-1139.247264,1.46361337528713,12.6348654674469,2
4.54,-1139.113152,2.91991761449834,15.6501584499515,1
4.55,-1138.97904,3.42611694104603,16.7850360783218,4
4.56,-1138.844928,-0.286087429729076,9.53264317524336,4
4.57,-1138.710816,8.91094062879936,31.3455788390778,1
4.58,-1138.576704,2.70057532772173,15.1719194205487,4
4.59,-1138.442592,19.3745098688186,64.5263924800443,1
4.6,-1138.30848,7.10987792078766,26.1830726922787,1
4.61,-1138.174368,11.0644709313955,37.8424592985739,4
4.62,-1138.040256,7.50855801126265,27.2998892194773,1
4.63,-1137.906144,2.42821875188171,14.5897467911266,4
4.64,-1137.772032,13.3539699659873,45.0124575915429,1
4.65,-1137.63792,2.14871582992895,14.0059516471847,1
4.66,-1137.503808,1.12889576163114,11.9965632270249,1
4.67,-1137.369696,-0.0049044891945224,9.99185611964057,4
4.68,-1137.235584,11.9681541157826,40.6463630329486,1
4.69,-1137.101472,13.3254908127024,44.9220424222799,1
4.7,-1136.96736,15.949500377474,53.3451394168345,1
4.71,-1136.833248,9.65105683463875,33.5444645886508,1
4.72,-1136.699136,6.17416456890797,23.6288183857882,1
4.73,-1136.565024,16.2417509115481,54.2926875071346,1
4.74,-1136.430912,13.22816166483,44.6132431707857,1
4.75,-1136.2968,0.937078697244713,11.6402508148747,1
4.76,-1136.162688,7.50528454241923,27.2906545573129,1
4.77,-1136.028576,9.03254554572119,31.7041095093153,1
4.78,-1135.894464,18.6519687333549,62.1559475540271,1
4.79,-1135.760352,7.10023189729614,26.1562526958424,1
4.8,-1135.62624,15.3244232577439,51.3239205066151,1
4.81,-1135.492128,0.317345954452135,10.5367270944331,1
4.82,-1135.358016,10.9188614104216,37.3944142098062,1
4.83,-1135.223904,10.4219317101273,35.8740024790733,1
4.84,-1135.089792,4.52268197337236,19.3852708818046,1
4.85,-1134.95568,5.0774167291274,20.7695354357417,1
4.86,-1134.821568,14.1747223401317,47.6288202327793,1
4.87,-1134.687456,6.22578132737654,23.7671111064839,1
4.88,-1134.553344,11.9531471461405,40.5994950455388,1
4.89,-1134.419232,1.70318324832796,13.1045234842908,1
4.9,-1134.28512,3.76358151616664,17.5651147485202,1
4.91,-1134.151008,11.632497412079,39.6004483783101,1
4.92,-1134.016896,0.809772250427774,11.4076082540408,1
4.93,-1133.882784,1.6447176834321,12.9889277076363,1
4.94,-1133.748672,17.0915208601919,57.0559383193274,1
4.95,-1133.61456,7.51814776194106,27.3269485483048,1
4.96,-1133.480448,11.16960454788,38.1666392425898,1
4.97,-1133.346336,-0.868861160790503,8.62891276463671,2
4.98,-1133.212224,8.49766249162568,30.1357811456199,1
4.99,-1133.078112,12.9289418541009,43.6658937178591,1
5,-1132.944,-0.500678935827478,9.19234517999972,4
5.01,-1132.809888,0.534348638068981,10.9148168433853,4
5.02,-1132.675776,1.87807643933099,13.4540645890447,1
5.03,-1132.541664,7.58952437363499,27.5286329635871,1
5.04,-1132.407552,2.74720842505739,15.2728992645014,1
5.05,-1132.27344,5.25388479816885,21.2189468746836,1
5.06,-1132.139328,7.09656972643803,26.1460728670674,1
5.07,-1132.005216,-0.387486848507887,9.37074939801553,1
5.08,-1131.871104,4.64206116805042,19.6794283423855,1
5.09,-1131.736992,1.4367879166017,12.5829385989952,1
5.1,-1131.60288,10.5828651245819,36.3648839175959,1
5.11,-1131.468768,18.9779089847952,63.2246544991117,1
5.12,-1131.334656,3.76706516567622,17.5732631371595,1
5.13,-1131.200544,13.3080016363901,44.8665311045599,1
5.14,-1131.066432,10.189253518052,35.1669681590678,1
5.15,-1130.93232,5.26153303563693,21.2385206204474,1
5.16,-1130.798208,7.7800716069919,28.069446555774,1
5.17,-1130.664096,20.2271804636975,67.3295101727249,1
5.18,-1130.529984,-0.0993953311899789,9.83585250769685,1
5.19,-1130.395872,6.18631107317103,23.6613329295207,1
5.2,-1130.26176,-2.46102268054091,6.48383504116479,4
5.21,-1130.127648,12.9298276638783,43.6686936831642,1
5.22,-1129.993536,7.74201291750168,27.9611526288628,1
5.23,-1129.859424,-0.288388143803463,9.52894809762803,4
5.24,-1129.725312,18.2137839780731,60.7209237666361,1
5.25,-1129.5912,-0.0427024012008789,9.92924719558246,4
5.26,-1129.457088,8.60105080199198,30.4371416646094,1
5.27,-1129.322976,3.71910906374602,17.4612621682996,1
5.28,-1129.188864,4.63002463301061,19.6496751156364,2
5.29,-1129.054752,5.97404907315789,23.09570300054,1
5.3,-1128.92064,0.367999798245297,10.624178812927,1
5.31,-1128.786528,0.681401707821512,11.1761320822272,1
5.32,-1128.652416,6.83094164332076,25.4114880529669,1
5.33,-1128.518304,5.96015380360535,23.0588670472393,1
5.34,-1128.384192,9.24835388099218,32.343116755981,1
5.35,-1128.25008,11.9777378273048,40.6762988103303,1
5.36,-1128.115968,2.12855085420834,13.9643743599984,1
5.37,-1127.981856,5.17496679282517,21.0174397584585,4
5.38,-1127.847744,7.71626677142357,27.8879707520763,1
5.39,-1127.713632,-0.668127007880363,8.93290397861374,2
5.4,-1127.57952,4.97969945035675,20.5225258508404,1
5.41,-1127.445408,12.5421837685532,42.4461028926577,1
5.42,-1127.311296,16.9043382346302,56.4463016527344,1
5.43,-1127.177184,10.1716818780062,35.113705873929,1
5.44,-1127.043072,17.0725719796362,56.9942002840609,1
5.45,-1126.90896,-1.17413798693198,8.18121130440285,4
5.46,-1126.774848,2.69438405925748,15.1585411820741,1
5.47,-1126.640736,2.07173836831884,13.847629431332,4
5.48,-1126.506624,2.73001102738532,15.2356158921774,1
5.49,-1126.372512,1.50193496491446,12.70927776631,2
5.5,-1126.2384,10.4045536953184,35.8210853702625,1
5.51,-1126.104288,-0.653393699970567,8.95551744033134,1
5.52,-1125.970176,5.108767022776,20.8490632583724,1
5.53,-1125.836064,8.45275504469709,30.0051584681281,1
5.54,-1125.701952,1.47933362689875,12.6653578192383,4
5.55,-1125.56784,5.07100188690805,20.7532793299706,1
5.56,-1125.433728,0.640990966805808,11.1039117113169,1
5.57,-1125.299616,9.6406957599558,33.5134146300002,1
5.58,-1125.165504,12.4793617588369,42.2484974223694,1
5.59,-1125.031392,13.0618728591489,44.0863835041936,1
5.6,-1124.89728,12.1260095432299,41.13993916013,1
5.61,-1124.763168,7.39412105769588,26.9776820835194,1
5.62,-1124.629056,8.55528502779555,30.3036332829721,1
5.63,-1124.494944,2.72358882943676,15.2217059425344,1
5.64,-1124.360832,17.1020795640818,57.0903422565241,1
5.65,-1124.22672,11.5042615129512,39.2022114155166,1
5.66,-1124.092608,9.9102868415918,34.3236441417679,1
5.67,-1123.958496,14.1433976299614,47.5286078594684,1
5.68,-1123.824384,8.71417676697036,30.7678835868461,1
5.69,-1123.690272,13.3812803664595,45.0991868190456,1
5.7,-1123.55616,3.37620449542136,16.6712342161389,1
5.71,-1123.422048,5.59546680639391,22.1007482057106,4
5.72,-1123.287936,6.68355366517596,25.0071849839624,1
5.73,-1123.153824,16.6807822151632,55.7188900818278,1
5.74,-1123.019712,14.9364607379546,50.073520071099,1
5.75,-1122.8856,19.1930298606791,63.9305561190945,1
5.76,-1122.751488,11.7913148161147,40.094702552299,1
5.77,-1122.617376,3.32075247093264,16.5452840817272,1
5.78,-1122.483264,11.0070760679448,37.6657214012102,1
5.79,-1122.349152,18.2904444034919,60.9718317921068,1
5.8,-1122.21504,4.05081311988455,18.2433955889514,1
5.81,-1122.080928,7.60979354458384,27.5859962978331,1
5.82,-1121.946816,6.61459731004654,24.8188561117529,4
5.83,-1121.812704,15.0913987410189,50.572484093454,1
5.84,-1121.678592,11.7375987694996,39.9274057894349,1
5.85,-1121.54448,-2.50994175243982,6.42521830964362,2
5.86,-1121.410368,2.45310245274692,14.6423950527896,1
5.87,-1121.276256,6.41232787987941,24.2695355714324,1
5.88,-1121.142144,13.7604856250213,46.3058374589082,1
5.89,-1121.008032,14.3215063991643,48.0987559308257,1
5.9,-1120.87392,12.7898495012727,43.2265820366504,1
5.91,-1120.739808,21.9422307821359,72.9824660668882,1
5.92,-1120.605696,12.7081898151862,42.9689927159672,1
5.93,-1120.471584,8.62429731404988,30.5050220948983,1
5.94,-1120.337472,6.26192770070232,23.8641440079335,1
5.95,-1120.20336,6.46249745150602,24.4053489908663,1
5.96,-1120.069248,15.3202509572781,51.3104557588071,1
5.97,-1119.935136,10.0602919609509,34.7765084303475,1
5.98,-1119.801024,20.6875871749067,68.8452991849875,1
5.99,-1119.666912,16.4240599400582,54.8845345025605,1
6,-1119.5328,16.6845732508923,55.7312189891092,1
6.01,-1119.398688,10.8976405725983,37.3292100502889,1
6.02,-1119.264576,9.47055286972862,33.0045806129092,1
6.03,-1119.130464,4.76619634903707,19.9875042175209,1
6.04,-1118.996352,28.0767270839428,93.291315802844,1
6.05,-1118.86224,7.28783333612357,26.6795891011005,1
6.06,-1118.728128,18.5729868868994,61.8971379050381,1
6.07,-1118.594016,3.57167428837209,17.1192421237061,1
6.08,-1118.459904,25.1137095076342,83.4703118885367,1
6.09,-1118.325792,15.1343970957181,50.7110520585989,1
6.1,-1118.19168,0.0902176365668964,10.1506264503916,4
6.11,-1118.057568,29.0944335603415,96.6673771022684,1
6.12,-1117.923456,24.8243597583535,82.5121649952207,1
6.13,-1117.789344,20.5369103439752,68.3490715887858,1
6.14,-1117.655232,22.1088534920646,73.5325242387383,1
6.15,-1117.52112,20.5519900289936,68.3987271685461,1
6.16,-1117.387008,7.01746402876784,25.926524197271,1
6.17,-1117.252896,21.3683341087391,71.0889659947647,1
6.18,-1117.118784,6.88230444561531,25.5529406567752,1
6.19,-1116.984672,5.06195622880864,20.7303660503272,1
6.2,-1116.85056,7.28756935082503,26.6788501502273,1
6.21,-1116.716448,15.5464028851489,52.040811307328,1
6.22,-1116.582336,1.25513730567764,12.2348421017143,1
6.23,-1116.448224,4.15679105220871,18.496905204579,1
6.24,-1116.314112,11.6878684814792,39.7726383283448,1
6.25,-1116.18,16.2376579890313,54.2794067956305,1
6.26,-1116.045888,23.5279008811088,78.2218834193448,1
6.27,-1115.911776,14.7001327659465,49.3135186473499,1
6.28,-1115.777664,11.1273450972109,38.0362643975527,1
6.29,-1115.643552,21.8738484174335,72.7567593728272,1
6.3,-1115.50944,12.7763060216911,43.1838432901703,1
6.31,-1115.375328,23.3692796222688,77.6973261465026,1
6.32,-1115.241216,9.41066788453793,32.8259641650528,1
6.33,-1115.107104,1.9969803101614,13.6948970312773,1
6.34,-1114.972992,19.5197851901001,65.0035668650038,1
6.35,-1114.83888,30.2366176929121,100.457525296231,1
6.36,-1114.704768,25.5768611350469,85.0043857708809,1
6.37,-1114.570656,16.8953917184331,56.4171766441684,1
6.38,-1114.436544,21.7639337832072,72.3940171361565,1
6.39,-1114.302432,20.2776461148428,67.4955864383786,1
6.4,-1114.16832,23.1279942363135,76.8995697045895,1
6.41,-1114.034208,37.896791520544,125.892757774794,1
6.42,-1113.900096,25.8064646256271,85.7650605026684,1
6.43,-1113.765984,21.1904936731743,70.5025608918287,1
6.44,-1113.631872,24.3968828772601,81.0970143595821,1
6.45,-1113.49776,26.3834544435644,87.6770768557033,1
6.46,-1113.363648,28.8468900126486,95.8460963165285,1
6.47,-1113.229536,21.4965760093821,71.5119349325758,1
6.48,-1113.095424,27.5021308724447,91.385721016984,1
6.49,-1112.961312,25.6234544024067,85.1587401409354,1
6.5,-1112.8272,29.0709607389661,96.5894982719731,1
6.51,-1112.693088,18.5338240982951,61.7688321596941,1
6.52,-1112.558976,37.134162565262,123.359808625738,1
6.53,-1112.424864,29.2927061473744,97.3252322232445,1
6.54,-1112.290752,16.1279154527734,53.9234235550435,1
6.55,-1112.15664,21.9921957723581,73.1473976321145,1
6.56,-1112.022528,22.2760272611089,74.0845313092886,1
6.57,-1111.888416,28.9918139336747,96.3269064832807,1
6.58,-1111.754304,33.6391768152901,111.7531662405,1
6.59,-1111.620192,28.6977781803992,95.3514138498016,1
6.6,-1111.48608,28.1054842250311,93.3866969267578,1
6.61,-1111.351968,34.8590834235294,115.80408047806,1
6.62,-1111.217856,29.5848051540802,98.2944609756361,1
6.63,-1111.083744,19.5878308742514,65.2271321536111,1
6.64,-1110.949632,31.1734349741511,103.566916363386,1
6.65,-1110.81552,25.9286937969214,86.1700482075281,1
6.66,-1110.681408,30.1055229097159,100.022456133444,1
6.67,-1110.547296,29.4575244696155,97.8721152866966,1
6.68,-1110.413184,31.8440144715261,105.792958920258,1
6.69,-1110.279072,28.5232529349734,94.7724508459354,1
6.7,-1110.14496,18.3987456543439,61.3264096169705,1
6.71,-1110.010848,32.4559461898186,107.824512751406,1
6.72,-1109.876736,32.0821852685837,106.583641975243,1
6.73,-1109.742624,25.5819680928093,85.0213038995637,1
6.74,-1109.608512,24.7606447594467,82.3012081074497,1
6.75,-1109.4744,25.2158376390794,83.8085444093682,1
6.76,-1109.340288,26.8172954639925,89.1151184071962,1
6.77,-1109.206176,27.2632771688383,90.5937133383246,1
6.78,-1109.072064,27.4968644323372,91.3682573405214,1
6.79,-1108.937952,14.6659538117819,49.2037138549696,1
6.8,-1108.80384,29.5723656507619,98.2531833238609,1
6.81,-1108.669728,33.814164046811,112.334214878526,1
6.82,-1108.535616,24.2131603929403,80.4889581765328,1
6.83,-1108.401504,24.1852657053685,80.396645059074,1
6.84,-1108.267392,30.782061069455,102.267837939576,1
6.85,-1108.13328,20.0229600414384,66.6576332428159,1
6.86,-1107.999168,23.5235085212128,78.2073568206198,1
6.87,-1107.865056,28.6515558199114,95.1980745519908,1
6.88,-1107.730944,5.92850264435763,22.9750497731907,1
6.89,-1107.596832,9.9449723749407,34.4282323959803,1
6.9,-1107.46272,19.7896634323845,65.890478446792,1
6.91,-1107.328608,22.9332337410373,76.2557934694597,1
6.92,-1107.194496,21.8430084542681,72.6549747317945,1
6.93,-1107.060384,13.2117915584602,44.5613358927389,1
6.94,-1106.926272,20.1809251057894,67.1773053950299,1
6.95,-1106.79216,25.494088743009,84.7301883543659,1
6.96,-1106.658048,11.1884601966495,38.2248400028865,1
6.97,-1106.523936,19.8043542233148,65.9387741313532,1
6.98,-1106.389824,22.0759730942816,73.4239684430752,1
6.99,-1106.255712,22.4103255958566,74.5280746787162,1
7,-1106.1216,6.53243657354469,24.5951626560469,1
7.01,-1105.987488,8.44208121958211,29.9741361813019,1
7.02,-1105.853376,25.6622951668723,85.2874154467927,1
7.03,-1105.719264,19.8221041201229,65.9971288217052,1
7.04,-1105.585152,25.5427854275052,84.8915025172916,1
7.05,-1105.45104,16.913628516021,56.4765470438001,1
7.06,-1105.316928,24.5374056607006,81.5621579450428,1
7.07,-1105.182816,4.97815547122343,20.5186336665293,1
7.08,-1105.048704,18.5419425072773,61.7954285099101,1
7.09,-1104.914592,22.8671420766069,76.0373619258181,1
7.1,-1104.78048,24.5080124943729,81.4648593885051,1
7.11,-1104.646368,17.5091160640048,58.4177930838935,1
7.12,-1104.512256,26.3366414804903,87.5219262744255,1
7.13,-1104.378144,23.4130542739003,77.8420793917426,1
7.14,-1104.244032,22.3723492868868,74.4026433364478,1
7.15,-1104.10992,3.93905097327261,17.9779358507365,1
7.16,-1103.975808,16.0532885349519,53.6814704797868,1
7.17,-1103.841696,22.516542279398,74.8789291332086,1
7.18,-1103.707584,24.7286456972038,82.1952648355416,1
7.19,-1103.573472,21.3715691862472,71.0996348638926,1
7.2,-1103.43936,22.8830739780103,76.0900149672416,1
7.21,-1103.305248,30.0492814633486,99.8358094435833,1
7.22,-1103.171136,20.959286409447,69.7404577848586,1
7.23,-1103.037024,25.1350053366262,83.5408383722219,1
7.24,-1102.902912,27.5327507041338,91.487258058192,1
7.25,-1102.7688,19.2012606543994,63.9575731936891,1
7.26,-1102.634688,22.3864532165328,74.4492262453854,1
7.27,-1102.500576,27.4466564864629,91.2017681518842,1
7.28,-1102.366464,26.3846806343491,87.6811408290782,1
7.29,-1102.232352,22.461037281372,74.6955792448475,1
7.3,-1102.09824,20.4289753212409,67.9936990102293,1
7.31,-1101.964128,23.2768441534028,77.3916842155157,1
7.32,-1101.830016,31.8960244277993,105.965620002952,1
7.33,-1101.695904,28.9959917446902,96.340767396696,1
7.34,-1101.561792,25.1246916941341,83.5066820237325,1
7.35,-1101.42768,16.4586537772981,54.9969029214688,1
7.36,-1101.293568,28.6799791722073,95.2923666811562,1
7.37,-1101.159456,18.5261085371833,61.7435561979197,1
7.38,-1101.025344,27.7994303040139,92.3716346169251,1
7.39,-1100.891232,23.6600991051526,78.6591250730055,1
7.4,-1100.75712,29.6932670694994,98.6543725456053,1
7.41,-1100.623008,27.5914442182285,91.6818924883568,1
7.42,-1100.488896,33.0180313922311,109.690724968355,1
7.43,-1100.354784,17.4462556976062,58.2126424417117,1
7.44,-1100.220672,31.9522855397525,106.152395447066,1
7.45,-1100.08656,30.8745692750688,102.574889807112,1
7.46,-1099.952448,26.6884622357617,88.6880457350028,1
7.47,-1099.818336,22.1543689341024,73.6828033667469,1
7.48,-1099.684224,25.8661185499298,85.9627109981728,1
7.49,-1099.550112,32.5525803790089,108.145344335852,1
7.5,-1099.416,36.1678117092307,120.150355955958,1
7.51,-1099.281888,21.560745391056,71.7236122871263,1
7.52,-1099.147776,31.2570140666398,103.844350376892,1
7.53,-1099.013664,26.5242668583323,88.1437895273323,1
7.54,-1098.879552,33.5354968556654,111.408899589985,1
7.55,-1098.74544,29.0006750286363,96.3563053605664,1
7.56,-1098.611328,36.8315455994014,122.354738196775,1
7.57,-1098.477216,20.6893095191052,68.8509722741447,1
7.58,-1098.343104,18.4738892327067,61.5725036199384,1
7.59,-1098.208992,22.1222057385282,73.5766085896379,1
7.6,-1098.07488,25.2186091770293,83.8177236480108,1
7.61,-1097.940768,19.6807074755815,65.5323412349385,1
7.62,-1097.806656,25.4453414971431,84.5687117986187,1
7.63,-1097.672544,18.6385249410916,62.1118901019492,1
7.64,-1097.538432,26.7690694164921,88.9552494850779,1
7.65,-1097.40432,20.8503025508633,69.381337139852,1
7.66,-1097.270208,14.9274482087285,50.0445128707406,1
7.67,-1097.136096,23.0795658786465,76.739477601723,1
7.68,-1097.001984,38.4855353700313,127.848225707146,1
7.69,-1096.867872,36.4237152882492,121.000249786836,1
7.7,-1096.73376,18.4191723843887,61.393300864333,1
7.71,-1096.599648,15.8025823272888,52.869385190302,1
7.72,-1096.465536,27.9108119574479,92.7410311302428,1
7.73,-1096.331424,21.6785832556645,72.1123836294822,1
7.74,-1096.197312,32.5570660221612,108.160237050129,1
7.75,-1096.0632,27.786690254286,92.3293833196645,1
7.76,-1095.929088,22.0264415640493,73.2604479176516,1
7.77,-1095.794976,22.413056787332,74.5370957292381,1
7.78,-1095.660864,20.3224912952362,67.6431814817423,1
7.79,-1095.526752,32.7783520780569,108.894935872066,1
7.8,-1095.39264,35.9738599470494,119.506221343006,1
7.81,-1095.258528,27.5266973554455,91.4671847216433,1
7.82,-1095.124416,21.4921053951128,71.4971884069731,1
7.83,-1094.990304,13.2941180359056,44.8224711202894,1
7.84,-1094.856192,1.01100253518554,11.7767473026425,2
7.85,-1094.72208,30.6731537114145,101.906361252135,1
7.86,-1094.587968,29.814279103985,99.0559408157652,1
7.87,-1094.453856,31.678741926474,105.244301164201,1
7.88,-1094.319744,27.373292509403,90.9584999603741,1
7.89,-1094.185632,32.0436752587856,106.45579399819,1
7.9,-1094.05152,18.3589560752806,61.1961238975515,1
7.91,-1093.917408,35.0041031294565,116.285670796296,1
7.92,-1093.783296,16.1096768949223,53.8642818650626,1
7.93,-1093.649184,12.4385370186018,42.120165751654,1
7.94,-1093.515072,30.8005776267779,102.329297389505,1
7.95,-1093.38096,34.7897529657447,115.573845493841,1
7.96,-1093.246848,26.9280256498168,89.4822018808208,1
7.97,-1093.112736,21.7684883888292,72.4090471307367,1
7.98,-1092.978624,21.144827558058,70.3520119128337,1
7.99,-1092.844512,24.7183047077273,82.161028195573,1
8,-1092.7104,23.1209008768798,76.87612028022,1
8.01,-1092.576288,22.5073562276791,74.8485839048464,1
8.02,-1092.442176,17.726286933682,59.1269443532765,1
8.03,-1092.308064,28.8813420630582,95.9603950833195,1
8.04,-1092.173952,26.5508068891986,88.2317583583563,1
8.05,-1092.03984,24.4479112213015,81.2659167527261,1
8.06,-1091.905728,35.5479235620906,118.091666880899,1
8.07,-1091.771616,15.0130392431701,50.3200663256064,1
8.08,-1091.637504,19.6915413840633,65.5679479460859,1
8.09,-1091.503392,23.6800151905868,78.725001915193,1
8.1,-1091.36928,23.5481031092382,78.288697919,1
8.11,-1091.235168,27.0331197942174,89.8306187549591,1
8.12,-1091.101056,22.9296935469019,76.2440927742731,1
8.13,-1090.966944,27.0587580599394,89.9156194158372,1
8.14,-1090.832832,18.969920877373,63.1984504574065,1
8.15,-1090.69872,26.4912439172903,88.0343342948507,1
8.16,-1090.564608,24.4696829404983,81.3379827010486,1
8.17,-1090.430496,14.0001137766661,47.0705661146871,1
8.18,-1090.296384,15.8409506965886,52.9935915177181,1
8.19,-1090.162272,26.6339575901419,88.5073749567329,1
8.2,-1090.02816,35.7696955850942,118.828177449571,1
8.21,-1089.894048,31.2606468263783,103.856409119116,1
8.22,-1089.759936,16.989223228334,56.7227005339042,1
8.23,-1089.625824,27.2982039716531,90.7095210627752,1
8.24,-1089.491712,19.71525278051,65.6458810834262,1
8.25,-1089.3576,32.034446302913,106.425155229059,1
8.26,-1089.223488,28.2012052471752,93.7041895349709,1
8.27,-1089.089376,30.1308591046274,100.106539325255,1
8.28,-1088.955264,36.8966144612234,122.570847786176,1
8.29,-1088.821152,37.5007541262544,124.577373552903,1
8.3,-1088.68704,33.2212908470114,110.365609180782,1
8.31,-1088.552928,38.9232059347999,129.301939866276,1
8.32,-1088.418816,29.4728157044515,97.9228542807781,1
8.33,-1088.284704,29.5966407758277,98.3337349049331,1
8.34,-1088.150592,27.3955635255624,91.0323478108128,1
8.35,-1088.01648,28.7023879851049,95.3667066605252,1
8.36,-1087.882368,35.995153308448,119.576938531614,1
8.37,-1087.748256,37.4810403380187,124.511897433829,1
8.38,-1087.614144,28.1702593809325,93.6015454621287,1
8.39,-1087.480032,33.3220470057744,110.700156388169,1
8.4,-1087.34592,27.7660808494661,92.261034408292,1
8.41,-1087.211808,38.7349420333498,128.676622612068,1
8.42,-1087.077696,36.619385770789,121.650108282828,1
8.43,-1086.943584,45.4205166241589,150.884104368974,1
8.44,-1086.809472,42.141475335504,139.991831953769,1
8.45,-1086.67536,48.653339168923,161.623091010412,1
8.46,-1086.541248,37.1957066369523,123.564214341776,1
8.47,-1086.407136,37.0629070515399,123.123149093809,1
8.48,-1086.273024,39.354532840924,130.734602076521,1
8.49,-1086.138912,28.8422748555829,95.8307850746183,1
8.5,-1086.0048,40.4845532266345,134.488065099549,1
8.51,-1085.870688,22.3781294139759,74.4217340194815,1
8.52,-1085.736576,40.5849919109403,134.821685689254,1
8.53,-1085.602464,38.1711735970798,126.804091968782,1
8.54,-1085.468352,38.7391336399451,128.690544965654,1
8.55,-1085.33424,39.2679907796797,130.447149257739,1
8.56,-1085.200128,35.0266227168487,116.360455680766,1
8.57,-1085.066016,36.038197951054,119.719893967908,1
8.58,-1084.931904,32.4977330064888,107.963247118167,1
8.59,-1084.797792,38.1349662870985,126.683832288366,1
8.6,-1084.66368,35.6712455138505,118.501220981489,1
8.61,-1084.529568,32.2026563755289,106.983594110803,1
8.62,-1084.395456,34.9393822749518,116.070741182402,1
8.63,-1084.261344,37.6143327920966,124.954607512294,1
8.64,-1084.127232,21.2143579261009,70.5812397167066,1
8.65,-1083.99312,31.5153561934127,104.701921019787,1
8.66,-1083.859008,31.7099800311748,105.348001700427,1
8.67,-1083.724896,37.5766464802649,124.829438068855,1
8.68,-1083.590784,39.6040853501216,131.563504106629,1
8.69,-1083.456672,26.7330456395763,88.8358334122896,1
8.7,-1083.32256,34.6176207540647,115.002228201305,1
8.71,-1083.188448,34.2314323455874,113.719801228647,1
8.72,-1083.054336,32.7716752993623,108.872767794437,1
8.73,-1082.920224,25.6534046541817,85.257961851445,1
8.74,-1082.786112,41.4017935171596,137.534825734196,1
8.75,-1082.652,28.0627580455869,93.2449839231839,1
8.76,-1082.517888,40.6212287910217,134.942051523317,1
8.77,-1082.383776,42.9516269022137,142.682947268088,1
8.78,-1082.249664,35.8789734278196,119.191095659125,1
8.79,-1082.115552,25.814359759748,85.7912189315887,1
8.8,-1081.98144,35.0055343120427,116.290423580642,1
8.81,-1081.847328,35.9883223931073,119.554252431373,1
8.82,-1081.713216,27.793298429311,92.3512987474851,1
8.83,-1081.579104,29.79679664115,98.997926002899,1
8.84,-1081.444992,40.7930992024032,135.512944157644,1
8.85,-1081.31088,28.0813936863281,93.3067938319216,1
8.86,-1081.176768,33.4024162848309,110.967014309472,1
8.87,-1081.042656,47.9445120503023,159.268453165589,1
8.88,-1080.908544,28.5807996434618,94.9633504298915,1
8.89,-1080.774432,44.6627210896054,148.366841036272,1
8.9,-1080.64032,26.5675815799113,88.2873598834314,1
8.91,-1080.506208,39.0714536475687,129.79434607692,1
8.92,-1080.372096,37.4135685898272,124.287801475305,1
8.93,-1080.237984,21.1425314909104,70.3444427106047,1
8.94,-1080.103872,26.87744511043,89.3145191165969,1
8.95,-1079.96976,32.7065608615198,108.656577375133,1
8.96,-1079.835648,31.1823298404204,103.596441957733,1
8.97,-1079.701536,31.2917417841347,103.959627395391,1
8.98,-1079.567424,33.7564334791411,112.142518267856,1
8.99,-1079.433312,43.3913288710224,144.143535192832,1
9,-1079.2992,32.3231778922945,107.383720283592,1
9.01,-1079.165088,39.9873858515725,132.836667320352,1
9.02,-1079.030976,22.2568414219775,74.021173305761,1
9.03,-1078.896864,46.9047142566238,155.814382309691,1
9.04,-1078.762752,41.8268925936768,138.946876892747,1
9.05,-1078.62864,41.8254263254843,138.942006375104,1
9.06,-1078.494528,50.7529264366409,168.597693533011,1
9.07,-1078.360416,42.6279792289151,141.607869535908,1
9.08,-1078.226304,34.9391035936485,116.069815719931,1
9.09,-1078.092192,33.6646330193508,111.837693460794,1
9.1,-1077.95808,31.2735157862984,103.899126970491,1
9.11,-1077.823968,34.063847771486,113.163311474661,1
9.12,-1077.689856,33.5070751525322,111.314526684639,1
9.13,-1077.555744,45.7929405906801,152.121235975462,1
9.14,-1077.421632,50.8369458426922,168.876797634257,1
9.15,-1077.28752,25.1700456253993,83.6568853826278,1
9.16,-1077.153408,30.8864588049678,102.614353748764,1
9.17,-1077.019296,33.2378087099827,110.420454261336,1
9.18,-1076.885184,36.1674899195564,120.149287252079,1
9.19,-1076.751072,33.5578497236114,111.483121410703,1
9.2,-1076.61696,35.3248626545033,117.350886468979,1
9.21,-1076.482848,27.9209684611193,92.7747158743829,1
9.22,-1076.348736,43.9757410983725,146.084827401033,1
9.23,-1076.214624,21.4945677132982,71.5053104628881,1
9.24,-1076.080512,34.590377747472,114.911760232073,1
9.25,-1075.9464,37.7709229476843,125.474700270253,1
9.26,-1075.812288,40.505751789961,134.558478919981,1
9.27,-1075.678176,31.1427598860924,103.465093915791,1
9.28,-1075.544064,38.8663214511339,129.11299807178,1
9.29,-1075.409952,37.7662252409003,125.459097434337,1
9.3,-1075.27584,40.9646400328841,136.082743917858,1
9.31,-1075.141728,40.0880837997805,133.171145504401,1
9.32,-1075.007616,37.7881369939391,125.531874560728,1
9.33,-1074.873504,40.7493396998399,135.367590407097,1
9.34,-1074.739392,31.4694141690596,104.549413075686,1
9.35,-1074.60528,36.945443561137,122.733021593155,1
9.36,-1074.471168,39.2908445136136,130.5230587576,1
9.37,-1074.337056,40.0428029660757,133.020740646366,1
9.38,-1074.202944,47.8314607833769,158.89291109345,1
9.39,-1074.068832,41.6007506257229,138.195700166096,1
9.4,-1073.93472,37.5678302431817,124.800156284421,1
9.41,-1073.800608,35.4253093265441,117.684466329747,1
9.42,-1073.666496,40.1537975759781,133.389420715509,1
9.43,-1073.532384,29.2191618034213,97.0812128259019,1
9.44,-1073.398272,33.6345612350076,111.73784024817,1
9.45,-1073.26416,36.4726117574224,121.162643549363,1
9.46,-1073.130048,36.1333196565803,120.035803631043,1
9.47,-1072.995936,41.6102443260839,138.227235377105,1
9.48,-1072.861824,41.9160146406831,139.242914684379,1
9.49,-1072.727712,44.5971975280264,148.149183971346,1
9.5,-1072.5936,38.4169971089725,127.620579051308,1
9.51,-1072.459488,37.3966595554171,124.23164108633,1
9.52,-1072.325376,43.5782353459624,144.764397230667,1
9.53,-1072.191264,33.1020593095461,109.969721755836,1
9.54,-1072.057152,40.2444340570199,133.690479831005,1
9.55,-1071.92304,36.5702555359613,121.48693691624,1
9.56,-1071.788928,21.9302677106799,72.942978438177,1
9.57,-1071.654816,49.567353875364,164.659344808871,1
9.58,-1071.520704,31.9513448888366,106.149272664686,1
9.59,-1071.386592,38.0947448404418,126.55024015509,1
9.6,-1071.25248,47.9406662250712,159.255677815876,1
9.61,-1071.118368,34.8701740043991,115.840910574788,1
9.62,-1070.984256,47.0906966408866,156.432190082785,1
9.63,-1070.850144,39.7584901047089,132.076370404065,1
9.64,-1070.716032,40.9347409946059,135.983429443353,1
9.65,-1070.58192,36.0069514099161,119.616121136504,1
9.66,-1070.447808,35.8693504361591,119.159137036421,1
9.67,-1070.313696,43.4656219845591,144.39032036727,1
9.68,-1070.179584,35.1370458021361,116.727159429751,1
9.69,-1070.045472,42.8607664856407,142.381130954766,1
9.7,-1069.91136,27.4810662829138,91.3158704197387,1
9.71,-1069.777248,33.3283162590826,110.72097271663,1
9.72,-1069.643136,45.9578333763745,152.668983792748,1
9.73,-1069.509024,37.2640073507688,123.791061472776,1
9.74,-1069.374912,39.4558750664747,131.071215059842,1
9.75,-1069.2408,52.0948151590496,173.055319136655,1
9.76,-1069.106688,37.6043128602417,124.921327790109,1
9.77,-1068.972576,30.1973019401609,100.327045314772,1
9.78,-1068.838464,38.2582808007172,127.093412192937,1
9.79,-1068.704352,39.2389899863073,130.350822146784,1
9.8,-1068.57024,39.761473303447,132.086279328569,1
9.81,-1068.436128,34.1027920138936,113.292630942766,1
9.82,-1068.302016,34.990366166263,116.240052027441,1
9.83,-1068.167904,31.4444184709414,104.466438491083,1
9.84,-1068.033792,31.3803838420133,104.253873610148,1
9.85,-1067.89968,36.8047261393911,122.265664411705,1
9.86,-1067.765568,40.0548417706551,133.060728735419,1
9.87,-1067.631456,36.9884856050375,122.875975427099,1
9.88,-1067.497344,40.5304550118785,134.640533964151,1
9.89,-1067.363232,31.9904856383846,106.279212882342,1
9.9,-1067.22912,23.7354427818085,78.9083476577298,1
9.91,-1067.095008,35.8861338929466,119.21487607229,1
9.92,-1066.960896,37.8342989113244,125.685195751541,1
9.93,-1066.826784,43.7290431211225,145.26534821593,1
9.94,-1066.692672,44.3271114015785,147.252009396602,1
9.95,-1066.55856,36.3694078290079,120.819885664249,1
9.96,-1066.424448,40.1052408171382,133.228134308943,1
9.97,-1066.290336,27.9723446196154,92.9451103825053,1
9.98,-1066.156224,34.0376106698054,113.076187991209,1
9.99,-1066.022112,39.9740858795931,132.792490207124,1
10,-1065.888,40.4756212969408,134.458396527725,1
10.01,-1065.753888,38.0421534581792,126.375562616578,1
10.02,-1065.619776,31.8445458656386,105.794723019584,1
10.03,-1065.485664,47.7122120773714,158.496782083775,1
10.04,-1065.351552,39.395509935936,130.870709322288,1
10.05,-1065.21744,31.9857635501079,106.263536362929,1
10.06,-1065.083328,21.8768069833036,72.7665241102836,1
10.07,-1064.949216,45.7895503776427,152.109974228337,1
10.08,-1064.815104,37.10682319369,123.26900682084,1
10.09,-1064.680992,38.8482313385582,129.052911835711,1
10.1,-1064.54688,30.9537485079069,102.83770459371,1
10.11,-1064.412768,38.5078676740055,127.922401529556,1
10.12,-1064.278656,30.7102772462956,102.029577890703,1
10.13,-1064.144544,29.6382023231262,98.4716487618568,1
10.14,-1064.010432,41.6664324751262,138.413875569058,1
10.15,-1063.87632,32.590982118911,108.272841632583,1
10.16,-1063.742208,41.3156177404741,137.248576935876,1
10.17,-1063.608096,34.3182838831188,114.008208014057,1
10.18,-1063.473984,42.2119224677812,140.22583808541,1
10.19,-1063.339872,36.2776411998287,120.51511458129,1
10.2,-1063.20576,30.9205077916568,102.727370244407,1
10.21,-1063.071648,43.3385749804513,143.968298636436,1
10.22,-1062.937536,44.1406186149314,146.632517140438,1
10.23,-1062.803424,44.071445489081,146.4027379174,1
10.24,-1062.669312,38.9767347465708,129.479736087282,1
10.25,-1062.5352,40.0729304839029,133.120812219542,1
10.26,-1062.401088,34.6720640357881,115.183022823823,1
10.27,-1062.266976,43.5973735152194,144.827970069946,1
10.28,-1062.132864,47.4927926437956,157.767899163399,1
10.29,-1061.998752,52.4590970263424,174.265430140401,1
10.3,-1061.86464,40.2753350833203,133.793121150477,1
10.31,-1061.730528,27.8558257022524,92.558667643386,1
10.32,-1061.596416,43.6692876114424,145.066853178585,1
10.33,-1061.462304,40.0625309246989,133.086269032514,1
10.34,-1061.328192,44.5377954287918,147.951861362357,1
10.35,-1061.19408,46.6200398013032,154.868734171525,1
10.36,-1061.059968,40.014097715996,132.925393342146,1
10.37,-1060.925856,41.5700811311542,138.093825382167,1
10.38,-1060.791744,47.792389852255,158.763122417719,1
10.39,-1060.657632,31.9512345136889,106.148906240188,1
10.4,-1060.52352,45.9318216480557,152.582576899845,1
10.41,-1060.389408,38.3032857765471,127.242893278535,1
10.42,-1060.255296,50.787695979401,168.713194486664,1
10.43,-1060.121184,50.0764427030565,166.350483658955,1
10.44,-1059.987072,42.3032395549137,140.529168845614,1
10.45,-1059.85296,34.038381674546,113.078748203158,1
10.46,-1059.718848,39.4794985772968,131.149681794268,1
10.47,-1059.584736,49.3566937774003,163.95955503248,1
10.48,-1059.450624,45.2922506156927,150.458026324541,1
10.49,-1059.316512,45.1723217104784,150.059643067173,1
10.5,-1059.1824,27.7367417669331,92.1637353789848,1
10.51,-1059.048288,44.1983968675493,146.824444992723,1
10.52,-1058.914176,47.8138556782897,158.834429165756,1
10.53,-1058.780064,26.9478943981355,89.5480711166204,1
10.54,-1058.645952,45.1006069271191,149.82141901387,1
10.55,-1058.51184,48.3602177750977,160.64937655229,1
10.56,-1058.377728,49.9417307782426,165.902984797013,1
10.57,-1058.243616,35.2996660641073,117.267209832569,1
10.58,-1058.109504,39.8239215542844,132.293706170505,1
10.59,-1057.975392,42.0678320225352,139.747209230759,1
10.6,-1057.84128,45.2541663651175,150.331516939254,1
10.61,-1057.707168,54.2620626721422,180.254724548508,1
10.62,-1057.573056,36.7087382044249,121.946866668329,1
10.63,-1057.438944,42.8058185273486,142.198607294249,1
10.64,-1057.304832,41.854155488163,139.037436340246,1
10.65,-1057.17072,44.2899861146544,147.128686435824,1
10.66,-1057.036608,39.4328892572663,130.994866531316,1
10.67,-1056.902496,41.8444339343328,139.005144146896,1
10.68,-1056.768384,41.601813647229,138.199231202886,1
10.69,-1056.634272,45.3240257864958,150.563578047924,1
10.7,-1056.50016,44.7261426790194,148.577515848154,1
10.71,-1056.366048,39.7521644128072,132.055359133316,1
10.72,-1056.231936,45.9676505209766,152.701594815004,1
10.73,-1056.097824,50.2081107112406,166.787871081471,1
10.74,-1055.963712,39.4530007664395,131.061667924306,1
10.75,-1055.8296,44.6164241251335,148.213051133404,1
10.76,-1055.695488,40.6047205822941,134.887217202574,1
10.77,-1055.561376,48.8474469280268,162.267894430286,1
10.78,-1055.427264,28.5042765164573,94.7095011855785,1
10.79,-1055.293152,38.5002734467364,127.897177612268,1
10.8,-1055.15904,54.2454338067152,180.199484860693,1
10.81,-1055.024928,48.5807800625216,161.382058190492,1
10.82,-1054.890816,51.5028128634872,171.08874308544,1
10.83,-1054.756704,54.3873043458774,180.670766846104,1
10.84,-1054.622592,54.8422659260576,182.182111276432,1
10.85,-1054.48848,44.8783727608329,149.083196497003,1
10.86,-1054.354368,47.2032831313744,156.806187094556,1
10.87,-1054.220256,48.4350814806519,160.898064802429,1
10.88,-1054.086144,52.9678619891163,175.955501710664,1
10.89,-1053.952032,40.1381508724396,133.33744851687,1
10.9,-1053.81792,43.7626191192956,145.376880559766,1
10.91,-1053.683808,43.4472131024666,144.329170143683,1
10.92,-1053.549696,40.0669245600617,133.100862935463,1
10.93,-1053.415584,50.8608941210513,168.956351438673,1
10.94,-1053.281472,39.533960215988,131.330579176203,1
10.95,-1053.14736,29.9723148108529,99.5803865502245,1
10.96,-1053.013248,51.2758325808979,170.334736384086,1
10.97,-1052.879136,46.4171475360386,154.194755680711,1
10.98,-1052.745024,40.7653724532957,135.420845587956,1
10.99,-1052.610912,38.8604540267005,129.093509441587,1
11,-1052.4768,48.9337646128641,162.554631870679,1
11.01,-1052.342688,57.8176088228195,192.065962973609,1
11.02,-1052.208576,48.5800763664421,161.379720595128,1
11.03,-1052.074464,44.4993841527703,147.824266373299,1
11.04,-1051.940352,50.4835210079161,167.702755833602,1
11.05,-1051.80624,49.7615936052768,165.304588253533,1
11.06,-1051.672128,49.6865910251049,165.055437730231,1
11.07,-1051.538016,49.2908270321134,163.740752997491,1
11.08,-1051.403904,48.4692210503531,161.011472378491,1
11.09,-1051.269792,47.4833966298297,157.736686837192,1
11.1,-1051.13568,47.8612482007133,158.991861127243,1
11.11,-1051.001568,49.2741843228572,163.685467766205,1
11.12,-1050.867456,48.8897724761412,162.408495033265,1
11.13,-1050.733344,46.4940397645314,154.45018035773,1
11.14,-1050.599232,52.7426968481496,175.207523179131,1
11.15,-1050.46512,55.0104137053859,182.740684311986,1
11.16,-1050.331008,52.7573057271578,175.256052567108,1
11.17,-1050.196896,49.1643890680604,163.320740190286,1
11.18,-1050.062784,40.5950338356587,134.855041329259,1
11.19,-1049.928672,46.0865155951335,153.096446187479,1
11.2,-1049.79456,48.3649871933371,160.665219985748,1
11.21,-1049.660448,46.3003143766345,153.806653302144,1
11.22,-1049.526336,48.3512868218758,160.619709001086,1
11.23,-1049.392224,50.2678191829481,166.986216453427,1
11.24,-1049.258112,46.0404092592829,152.943288046433,1
11.25,-1049.124,51.8407663972571,172.211392782603,1
11.26,-1048.989888,44.4984433473735,147.821141196333,1
11.27,-1048.855776,42.2623025316464,140.393187036962,1
11.28,-1048.721664,44.4664325974741,147.714807575059,1
11.29,-1048.587552,51.8611939977189,172.279251359383,1
11.3,-1048.45344,40.7203799199283,135.271396222599,1
11.31,-1048.319328,45.0039798019812,149.500440681093,1
11.32,-1048.185216,51.3728068168963,170.656875448366,1
11.33,-1048.051104,51.6214133719999,171.482722697096,1
11.34,-1047.916992,52.7147747404007,175.114768439769,1
11.35,-1047.78288,45.8376904618054,152.269887933398,1
11.36,-1047.648768,58.9628362438668,195.870320591275,1
11.37,-1047.514656,53.9189529128122,179.114943044483,1
11.38,-1047.380544,49.1714028192946,163.344039085369,1
11.39,-1047.246432,26.5847598714908,88.3442996766908,1
11.4,-1047.11232,49.0274475440754,162.865835896443,1
11.41,-1046.978208,54.0542678980897,179.564447900626,1
11.42,-1046.844096,45.414507892037,150.86414436626,1
11.43,-1046.709984,55.5447495810902,184.515704400706,1
11.44,-1046.575872,48.1342399690791,159.898705769897,1
11.45,-1046.44176,48.5931395603159,161.423114985007,1
11.46,-1046.307648,45.0805597183901,149.754825690368,1
11.47,-1046.173536,44.6879837165021,148.450758806618,1
11.48,-1046.039424,48.3826836273088,160.724005412095,1
11.49,-1045.905312,41.9814839888895,139.460385267057,1
11.5,-1045.7712,44.7672165402198,148.713955687865,1
11.51,-1045.637088,45.8859729005803,152.43027456427,1
11.52,-1045.502976,44.4325175956279,147.602148421671,1
11.53,-1045.368864,46.0117319175568,152.848026357815,1
11.54,-1045.234752,42.3211008853339,140.58849941708,1
11.55,-1045.10064,46.6907065769842,155.103479048385,1
11.56,-1044.966528,32.7224521742469,108.709338933182,1
11.57,-1044.832416,41.3916194324661,137.501030606511,1
11.58,-1044.698304,39.0613882218511,129.760913601461,1
11.59,-1044.564192,36.3243133597035,120.670119811655,1
11.6,-1044.43008,42.5985416098893,141.510085239494,1
11.61,-1044.295968,39.8547402664263,132.3960730937,1
11.62,-1044.161856,38.7857333064219,128.845325125578,1
11.63,-1044.027744,48.7035152392806,161.789770048577,1
11.64,-1043.893632,23.1267746192584,76.8955378474872,1
11.65,-1043.75952,39.4349894268875,131.001842349089,1
11.66,-1043.625408,36.3492926936932,120.753080079324,1
11.67,-1043.491296,38.2350670131473,127.016309205096,1
11.68,-1043.357184,40.8790589855663,135.79847282322,1
11.69,-1043.223072,37.5454329244447,124.725767059177,1
11.7,-1043.08896,1.44091442909385,12.59091770486,1
11.71,-1042.954848,37.151289236531,123.416691213551,1
11.72,-1042.820736,41.4352385138847,137.645919594632,1
11.73,-1042.686624,34.6596699687338,115.141864680507,1
11.74,-1042.552512,36.1203283111074,119.992657841353,1
11.75,-1042.4184,10.5724893606649,36.333190943811,1
11.76,-1042.284288,50.6248181506848,168.172130650257,1
11.77,-1042.150176,45.318523758696,150.545301243948,1
11.78,-1042.016064,43.14291117929,143.318348378909,1
11.79,-1041.881952,41.3074004079509,137.221281566181,1
11.8,-1041.74784,40.4282828749329,134.301155863753,1
11.81,-1041.613728,41.6958807961274,138.511694131823,1
11.82,-1041.479616,35.9369025412081,119.383482647269,1
11.83,-1041.345504,43.5298250016521,144.603588642102,1
11.84,-1041.211392,37.5742851853206,124.821595387462,1
11.85,-1041.07728,48.9720746303589,162.681893374515,1
11.86,-1040.943168,39.4011673484813,130.889500681604,1
11.87,-1040.809056,38.945017287607,129.374386352046,1
11.88,-1040.674944,42.126514341198,139.942135646815,1
11.89,-1040.540832,44.1718677195029,146.736320432391,1
11.9,-1040.40672,38.2042409739981,126.91392274647,1
11.91,-1040.272608,41.91460578777,139.238234877396,1
11.92,-1040.138496,48.462407466087,160.988838463729,1
11.93,-1040.004384,48.5752737478883,161.363766862983,1
11.94,-1039.870272,39.6555158678956,131.734333985415,1
11.95,-1039.73616,41.8718772811298,139.096303028934,1
11.96,-1039.602048,39.3852125027439,130.836505925464,1
11.97,-1039.467936,49.137313398574,163.230797856785,1
11.98,-1039.333824,41.3642367397639,137.410073893126,1
11.99,-1039.199712,46.5835980312813,154.74767987914,1
12,-1039.0656,39.5015913860242,131.223064264672,1
12.01,-1038.931488,40.6274494763453,134.962714403059,1
12.02,-1038.797376,50.6825467234576,168.363899168301,1
12.03,-1038.663264,38.1703827300514,126.801465165648,1
12.04,-1038.529152,38.9741791142045,129.471247535026,1
12.05,-1038.39504,48.4906474174255,161.082648219197,1
12.06,-1038.260928,32.2772095143117,107.231106499364,1
12.07,-1038.126816,44.0765115923077,146.419566489399,1
12.08,-1037.992704,28.8406884143932,95.8255219033153,1
12.09,-1037.858592,43.5520316019586,144.677354107473,1
12.1,-1037.72448,39.5330632213498,131.32759975624,1
12.11,-1037.590368,40.9249848805088,135.951022949886,1
12.12,-1037.456256,43.0255875288245,142.928626805904,1
12.13,-1037.322144,52.8708875343072,175.633361189562,1
12.14,-1037.188032,51.4057457958575,170.766295573354,1
12.15,-1037.05392,41.5910299089526,138.163410879942,1
12.16,-1036.919808,49.6714177848735,165.005033859921,1
12.17,-1036.785696,56.2100187359931,186.725674981298,1
12.18,-1036.651584,38.3372292515252,127.35563446362,1
12.19,-1036.517472,41.2802631653109,137.131140289211,1
12.2,-1036.38336,40.1156030929212,133.262553688465,1
12.21,-1036.249248,40.5724915561249,134.780164043528,1
12.22,-1036.115136,48.4200300822958,160.848065857496,1
12.23,-1035.981024,47.3618781959184,157.333018645139,1
12.24,-1035.846912,37.3168093156005,123.966433075092,1
12.25,-1035.7128,46.1756750184639,153.392620162297,1
12.26,-1035.578688,46.1108314879264,153.177219851534,1
12.27,-1035.444576,47.1202967646704,156.530517650782,1
12.28,-1035.310464,49.1465781524197,163.261574327883,1
12.29,-1035.176352,46.3968873995676,154.127454503455,1
12.3,-1035.04224,48.0661524509236,159.67252743339,1
12.31,-1034.908128,56.6978864530715,188.346332788446,1
12.32,-1034.774016,41.5136674863416,137.906436449446,1
12.33,-1034.639904,41.7404791383301,138.659836643904,1
12.34,-1034.505792,51.1390253771264,169.880276131979,1
12.35,-1034.37168,54.3589897012772,180.576707976335,1
12.36,-1034.237568,34.8955095112902,115.925045973431,1
12.37,-1034.103456,44.4734238846711,147.738031298684,1
12.38,-1033.969344,49.9025228276834,165.772740130524,1
12.39,-1033.835232,54.6561225432192,181.563758415115,1
12.4,-1033.70112,42.3114752882293,140.55652575133,1
12.41,-1033.567008,44.5396823040851,147.958129205989,1
12.42,-1033.432896,47.444966083145,157.60902561344,1
12.43,-1033.298784,47.3234086563019,157.20522795702,1
12.44,-1033.164672,40.8177240208295,135.594739238851,1
12.45,-1033.03056,44.2323027562826,146.937073650163,1
12.46,-1032.896448,46.3373459887911,153.929666783716,1
12.47,-1032.762336,48.1057331732755,159.804009703958,1
12.48,-1032.628224,40.6277474491833,134.963704161742,1
12.49,-1032.494112,44.0138946995576,146.211565869141,1
12.5,-1032.36,42.7193094091987,141.911245435978,1
12.51,-1032.225888,36.3665507262375,120.810396764155,1
12.52,-1032.091776,39.845008270088,132.363747447906,1
12.53,-1031.957664,43.5980713000238,144.830287959659,1
12.54,-1031.823552,51.4822736664587,171.020513833642,1
12.55,-1031.68944,46.486182707615,154.424080365254,1
12.56,-1031.555328,52.6598115923724,174.932185797557,1
12.57,-1031.421216,45.9514372457308,152.647736845968,1
12.58,-1031.287104,52.987670584311,176.021304108076,1
12.59,-1031.152992,48.4689850528385,161.010688422869,1
12.6,-1031.01888,57.3251007965494,190.429889587703,1
12.61,-1030.884768,50.4930398056701,167.734376312711,1
12.62,-1030.750656,52.8824352163703,175.671721561243,1
12.63,-1030.616544,54.6649582930128,181.59311004023,1
12.64,-1030.482432,49.4274220244814,164.19450648099,1
12.65,-1030.34832,52.7406598232264,175.200756364801,1
12.66,-1030.214208,53.7089240332519,178.417245108186,1
12.67,-1030.080096,59.4539187983273,197.501659567282,1
12.68,-1029.945984,59.0170775176248,196.050505975107,1
12.69,-1029.811872,56.6907920107876,188.322765611757,1
12.7,-1029.67776,55.2088154957651,183.399758761115,1
12.71,-1029.543648,52.3527048673321,173.912005069347,1
12.72,-1029.409536,54.1927383932376,180.024435148796,1
12.73,-1029.275424,58.1126862466861,193.046187391748,1
12.74,-1029.141312,61.7240687146457,205.042927693845,1
12.75,-1029.0072,63.2593586349291,210.143047525361,1
12.76,-1028.873088,60.9257132817282,202.390850309061,1
12.77,-1028.738976,54.2824549702366,180.322466043171,1
12.78,-1028.604864,58.3204957851171,193.73651469488,1
12.79,-1028.470752,61.4747905860071,204.214844247928,1
12.8,-1028.33664,61.8014139085417,205.299862695233,1
12.81,-1028.202528,52.9787171308961,175.991561529274,1
12.82,-1028.068416,49.4102474017042,164.13745427128,1
12.83,-1027.934304,60.4517292181647,200.816310676083,1
12.84,-1027.800192,69.4030339755072,230.551890088938,1
12.85,-1027.66608,58.7263087756951,195.084594374882,1
12.86,-1027.531968,50.8168528907363,168.810050844393,1
12.87,-1027.397856,57.4981221171902,191.00465293058,1
12.88,-1027.263744,61.5994789233516,204.629049648109,1
12.89,-1027.129632,59.4528380632909,197.498069447273,1
12.9,-1026.99552,61.4945141994816,204.280364627112,1
12.91,-1026.861408,52.9027933865939,175.73934959144,1
12.92,-1026.727296,60.9782491087306,202.5653704086,1
12.93,-1026.593184,70.0653774408836,232.752147220898,1
12.94,-1026.459072,62.7267876574273,208.373885921329,1
12.95,-1026.32496,64.3210538047939,213.669921061104,1
12.96,-1026.190848,69.778545547453,231.79931239263,1
12.97,-1026.056736,53.4476742845548,177.549396036056,1
12.98,-1025.922624,55.3452116045293,183.852855482517,1
12.99,-1025.788512,55.5436928693542,184.512194090095,1
13,-1025.6544,57.68810854115,191.635773071391,1
13.01,-1025.520288,67.352868984925,223.741390406209,1
13.02,-1025.386176,67.6668901701887,224.784546018805,1
13.03,-1025.252064,67.6652634362868,224.779142126678,1
13.04,-1025.117952,57.6687233597061,191.571377002433,1
13.05,-1024.98384,63.8192958917376,212.003118006184,1
13.06,-1024.849728,76.8562350742732,255.31088685804,1
13.07,-1024.715616,66.711966280227,221.612358127405,1
13.08,-1024.581504,70.5860017027677,234.481623422783,1
13.09,-1024.447392,72.57156733266,241.0775292104,1
13.1,-1024.31328,47.1540468988504,156.642631002309,1
13.11,-1024.179168,70.062611742602,232.74295977098,1
13.12,-1024.045056,63.5983589521518,211.269181691855,1
13.13,-1023.910944,62.4222948520394,207.362383275665,1
13.14,-1023.776832,60.7280452163877,201.734211752189,1
13.15,-1023.64272,66.4494105283276,220.74016699039,1
13.16,-1023.508608,62.2273481523021,206.714784735995,1
13.17,-1023.374496,58.7810341170154,195.266387781494,1
13.18,-1023.240384,62.8444847780566,208.764867087159,1
13.19,-1023.106272,71.9238965347172,238.92601351882,1
13.2,-1022.97216,64.3546275358893,213.781450540602,1
13.21,-1022.838048,50.4793903462856,167.689034195499,1
13.22,-1022.703936,58.9780086264919,195.920722091498,1
13.23,-1022.569824,61.1372455959202,203.093544892358,1
13.24,-1022.435712,60.6266750413526,201.397467607877,1
13.25,-1022.3016,66.977611466091,222.49481215109,1
13.26,-1022.167488,62.149167425545,206.455074140218,1
13.27,-1022.033376,66.8220569903407,221.978071473324,1
13.28,-1021.899264,61.9381628960879,205.754132703549,1
13.29,-1021.765152,68.1966693608399,226.544434112801,1
13.3,-1021.63104,73.3607970835535,243.699293560606,1
13.31,-1021.496928,64.5953681359577,214.581173218122,1
13.32,-1021.362816,68.0648255292241,226.106458451777,1
13.33,-1021.228704,63.4178551940509,210.669561453948,1
13.34,-1021.094592,73.2561048283029,243.351513432807,1
13.35,-1020.96048,68.3194836382643,226.952414250498,1
13.36,-1020.826368,76.9994838333991,255.786748925883,1
13.37,-1020.692256,70.2023419874111,233.207133551892,1
13.38,-1020.558144,63.7999746851404,211.938934373858,1
13.39,-1020.424032,70.7202115765874,234.927458934875,1
13.4,-1020.28992,74.8253078190533,248.564292727654,1
13.41,-1020.155808,77.4887874193132,257.412180224185,1
13.42,-1020.021696,66.7370782916387,221.695778405898,1
13.43,-1019.887584,52.4907408545448,174.37054806779,1
13.44,-1019.753472,70.3328869709825,233.640794559688,1
13.45,-1019.61936,77.4564655600011,257.304809333579,1
13.46,-1019.485248,76.9848301373119,255.73807040213,1
13.47,-1019.351136,75.8132060849115,251.846019635268,1
13.48,-1019.217024,56.3293692787701,187.122147966528,1
13.49,-1019.082912,64.6620249492893,214.802602282771,1
13.5,-1018.9488,73.6337564561969,244.606044928817,1
13.51,-1018.814688,68.1157263843491,226.275547406223,1
13.52,-1018.680576,71.0427730326185,235.998984810504,1
13.53,-1018.546464,81.2319541590066,269.846710832044,1
13.54,-1018.412352,69.9258331955504,232.28859131825,1
13.55,-1018.27824,76.0501265084828,252.633052226497,1
13.56,-1018.144128,79.184292194178,263.044525087689,1
13.57,-1018.010016,68.1968470613474,226.545024421019,1
13.58,-1017.875904,78.247515781531,259.932621245795,1
13.59,-1017.741792,79.0575295664878,262.623428758539,1
13.6,-1017.60768,81.1531816240359,269.585034137008,1
13.61,-1017.473568,83.4300113140648,277.148498606452,1
13.62,-1017.339456,77.8282234281027,258.539762218862,1
13.63,-1017.205344,85.7284673405787,284.783804228879,1
13.64,-1017.071232,84.0783406207744,279.302201936068,1
13.65,-1016.93712,82.1665487715963,272.951366911902,1
13.66,-1016.803008,70.2142861870664,233.246811320516,1
13.67,-1016.668896,76.438309033411,253.92256663137,1
13.68,-1016.534784,80.5102069618531,267.449118560054,1
13.69,-1016.400672,71.9246423756791,238.928491148706,1
13.7,-1016.26656,74.609412629625,247.847104456548,1
13.71,-1016.132448,86.9961555720391,288.994973370759,1
13.72,-1015.998336,85.0298174312594,282.462939473354,1
13.73,-1015.864224,73.5691558862689,244.391446489992,1
13.74,-1015.730112,87.7523096204308,291.506862743571,1
13.75,-1015.596,81.5121939734024,270.777647338002,1
13.76,-1015.461888,77.5735988807026,257.693917795569,1
13.77,-1015.327776,87.3412218495251,290.141258730338,1
13.78,-1015.193664,69.1137296872706,229.590842159895,1
13.79,-1015.059552,76.3155823957276,253.514877575048,1
13.8,-1014.92544,78.098695010441,259.438249352738,1
13.81,-1014.791328,77.7185035750929,258.175280762668,1
13.82,-1014.657216,90.8320585396095,301.737567191094,1
13.83,-1014.523104,73.1168290412409,242.888849305043,1
13.84,-1014.388992,76.3080107706878,253.489725181693,1
13.85,-1014.25488,79.20364704785,263.1088205191,1
13.86,-1014.120768,84.0903118112838,279.341969369995,1
13.87,-1013.986656,79.5027691111797,264.102482493541,1
13.88,-1013.852544,83.4729736463815,277.291216384552,1
13.89,-1013.718432,85.7629164065314,284.898241548605,1
13.9,-1013.58432,86.7644430519144,288.225241041799,1
13.91,-1013.450208,80.964586833926,268.958535810102,1
13.92,-1013.316096,86.854625787972,288.524821605758,1
13.93,-1013.181984,84.141173872503,279.510929479468,1
13.94,-1013.047872,80.1032447545887,266.097219382787,1
13.95,-1012.91376,87.6890159768283,291.296605811015,1
13.96,-1012.779648,78.86455333822,261.982375612354,1
13.97,-1012.645536,83.3083391631319,276.744312471763,1
13.98,-1012.511424,83.0005916030145,275.721997210622,1
13.99,-1012.377312,78.9808263328121,262.368626134816,1
14,-1012.2432,76.2751177983702,253.380457095393,1
14.01,-1012.109088,81.3336986060442,270.184698566641,1
14.02,-1011.974976,76.9285051175777,255.550962740401,1
14.03,-1011.840864,85.1981849069714,283.022244119464,1
14.04,-1011.706752,85.0221725381956,282.437543688383,1
14.05,-1011.57264,86.9159742146019,288.728616667339,1
14.06,-1011.438528,92.3161803697215,306.667713191331,1
14.07,-1011.304416,90.3822897941331,300.243467760593,1
14.08,-1011.170304,89.715019035189,298.026842281754,1
14.09,-1011.036192,95.3837980454902,316.858118528552,1
14.1,-1010.90208,91.1217234914758,302.699813332034,1
14.11,-1010.767968,86.5176803915298,287.405513229275,1
14.12,-1010.633856,75.7688344148308,251.698620141695,1
14.13,-1010.499744,88.0491438542622,292.492924722861,1
14.14,-1010.365632,83.6758903093966,277.965290945383,1
14.15,-1010.23152,84.1654586932672,279.591601907534,1
14.16,-1010.097408,86.6752526330528,287.928956884219,1
14.17,-1009.963296,97.3868928470419,323.512255425007,1
14.18,-1009.829184,85.4885331669605,283.986760158804,1
14.19,-1009.695072,83.4488278546598,277.21100580102,1
14.2,-1009.56096,98.879105881907,328.469279828317,1
14.21,-1009.426848,84.2267575642416,279.795232348434,1
14.22,-1009.292736,94.8511608623768,315.088736106131,1
14.23,-1009.158624,90.3025245751771,299.978493438993,1
14.24,-1009.024512,97.0724000145778,322.467532849401,1
14.25,-1008.8904,89.8277287137867,298.401255729259,1
14.26,-1008.756288,92.3956026866996,306.931548417308,1
14.27,-1008.622176,90.8400724792914,301.764188922452,1
14.28,-1008.488064,93.3239820846851,310.015558020591,1
14.29,-1008.353952,84.1886479785351,279.668635045471,1
14.3,-1008.21984,86.2587926775269,286.545506860683,1
14.31,-1008.085728,93.6809412608228,311.201350736001,1
14.32,-1007.951616,98.2686910779058,326.441525741652,1
14.33,-1007.817504,94.0386689821035,312.389696503155,1
14.34,-1007.683392,92.7695602589666,308.173808582232,1
14.35,-1007.54928,94.5973925633293,314.245736064218,1
14.36,-1007.415168,94.8149105599965,314.968315208246,1
14.37,-1007.281056,102.283505767388,339.778451453113,1
14.38,-1007.146944,93.338743305213,310.064593733755,1
14.39,-1007.012832,97.7679641494384,324.778146890372,1
14.4,-1006.87872,93.4856291896678,310.552538079845,1
14.41,-1006.744608,98.0325544517611,325.65709684915,1
14.42,-1006.610496,87.0057879550829,289.02697145455,1
14.43,-1006.476384,89.5049500666046,297.329008273913,1
14.44,-1006.342272,93.2276531624035,309.695560267464,1
14.45,-1006.20816,96.622076872901,320.971591753597,1
14.46,-1006.074048,98.5768899030422,327.465340077536,1
14.47,-1005.939936,85.1794045741029,282.959857204265,1
14.48,-1005.805824,98.6374804751494,327.666617601277,1
14.49,-1005.671712,85.319748488853,283.426069596228,1
14.5,-1005.5376,91.14508439167,302.777416562651,1
14.51,-1005.403488,97.1001140086342,322.559596744861,1
14.52,-1005.269376,92.7683899054181,308.1699207519,1
14.53,-1005.135264,90.7593187354216,301.495930792147,1
14.54,-1005.001152,98.9459207880811,328.691234142265,1
14.55,-1004.86704,92.7842391802397,308.222570903186,1
14.56,-1004.732928,96.53894251662,320.695425399877,1
14.57,-1004.598816,101.02205418642,335.588000006244,1
14.58,-1004.464704,85.3990373100786,283.689461358301,1
14.59,-1004.330592,86.9758566206037,288.927541713825,1
14.6,-1004.19648,105.215875104808,349.519571539254,1
14.61,-1004.062368,93.4656936098271,310.486313517114,1
14.62,-1003.928256,98.5770889348987,327.466001247052,1
14.63,-1003.794144,100.46300606965,333.730882360905,1
14.64,-1003.660032,92.3537256991982,306.792436076078,1
14.65,-1003.52592,99.6122946335616,330.904880141003,1
14.66,-1003.391808,104.225564558673,346.229831113498,1
14.67,-1003.257696,103.787242227502,344.773755847023,1
14.68,-1003.123584,99.2863845236151,329.822230190487,1
14.69,-1002.989472,86.6762041719892,287.932117828138,1
14.7,-1002.85536,107.17425311801,356.025162481564,1
14.71,-1002.721248,103.345481940363,343.306259938034,1
14.72,-1002.587136,110.117936356303,365.803866533163,1
14.73,-1002.453024,110.586442975091,367.36021183274,1
14.74,-1002.318912,118.908198080761,395.004483916931,1
14.75,-1002.1848,99.8773707630108,331.785443982611,1
14.76,-1002.050688,113.134293710663,375.823988772761,1
14.77,-1001.916576,116.583684851327,387.282618113148,1
14.78,-1001.782464,123.244676669675,409.409953974309,1
14.79,-1001.648352,106.656797330908,354.306211564561,1
14.8,-1001.51424,122.689428422216,407.565459221439,1
14.81,-1001.380128,120.416147092306,400.013782104034,1
14.82,-1001.246016,123.929421722518,411.684627803182,1
14.83,-1001.111904,122.265850216934,406.158362880933,1
14.84,-1000.977792,126.260068982313,419.426870414764,1
14.85,-1000.84368,116.446588153945,386.827192742399,1
14.86,-1000.709568,125.073092772043,415.483820793908,1
14.87,-1000.575456,105.935454942514,351.90996401858,1
14.88,-1000.441344,131.190107224975,435.804102961931,1
14.89,-1000.307232,119.893344765909,398.277070367903,1
14.9,-1000.17312,120.478388931058,400.220545016861,1
14.91,-1000.039008,115.692539491468,384.322297305611,1
14.92,-999.904896,123.938509466775,411.714816636148,1
14.93,-999.770784,123.492840540427,410.234336508695,1
14.94,-999.636672,118.949656836413,395.142206922108,1
14.95,-999.50256,116.523736258117,387.083473197117,1
14.96,-999.368448,107.433195788323,356.885351413026,1
14.97,-999.234336,125.853666450327,418.076830425929,1
14.98,-999.100224,123.464667612449,410.140748067731,1
14.99,-998.966112,116.312095680363,386.38041841586,1
15,-998.832,128.434484771422,426.650123314573,1
15.01,-998.697888,123.40558624334,409.944484007802,1
15.02,-998.563776,114.748368353888,381.185828677311,1
15.03,-998.429664,106.622375167238,354.191863611984,1
15.04,-998.295552,112.832970130454,374.823013506017,1
15.05,-998.16144,106.929261641731,355.211318413521,1
15.06,-998.027328,113.909242709271,378.398313623329,1
15.07,-997.893216,110.468752040109,366.969251009312,1
15.08,-997.759104,112.655307920486,374.232832419327,1
15.09,-997.624992,115.001135736932,382.025503748515,1
15.1,-997.49088,109.556788372325,363.939773279814,1
15.11,-997.356768,112.20251994056,372.728703307794,1
15.12,-997.222656,107.515047869577,357.157258141364,1
15.13,-997.088544,94.3000098487537,313.25785207009,1
15.14,-996.954432,96.5702567505679,320.799449033375,1
15.15,-996.82032,93.1751766277375,309.521236992718,1
15.16,-996.686208,101.173573629459,336.091336700955,1
15.17,-996.552096,95.4959403613031,317.230647237971,1
15.18,-996.417984,100.291886456553,333.162435310627,1
15.19,-996.283872,102.842677526884,341.635979830747,1
15.2,-996.14976,89.460268552838,297.180579498177,1
15.21,-996.015648,98.4688323987868,327.106380818337,1
15.22,-995.881536,102.85114609051,341.664111790178,1
15.23,-995.747424,110.25549589711,366.260829436484,1
15.24,-995.613312,100.222472632622,332.931847578758,1
15.25,-995.4792,98.0060490097063,325.569047676534,1
15.26,-995.345088,87.343978991674,290.150417758287,1
15.27,-995.210976,98.9734359075334,328.782637390596,1
15.28,-995.076864,90.7179499179003,301.358506555086,1
15.29,-994.942752,94.7300345645883,314.686363254611,1
15.3,-994.80864,100.233924484323,332.969889806656,1
15.31,-994.674528,88.2752939862028,293.244179198669,1
15.32,-994.540416,91.18578784562,302.912630509783,1
15.33,-994.406304,91.0586912498022,302.490424757698,1
15.34,-994.272192,93.2441273999554,309.750286500004,1
15.35,-994.13808,90.7598971631064,301.497852287322,1
15.36,-994.003968,93.1527531230783,309.446747722641,1
15.37,-993.869856,98.2967185090654,326.534630852634,1
15.38,-993.735744,89.1400946638958,296.1169848625,1
15.39,-993.601632,81.6418899216405,271.208487949251,1
15.4,-993.46752,90.7077196322076,301.324522281654,1
15.41,-993.333408,92.506030786092,307.298382622936,1
15.42,-993.199296,92.3258519321499,306.699841426264,1
15.43,-993.065184,95.2991900786527,316.577056946546,1
15.44,-992.931072,88.9472663636925,295.476423115364,1
15.45,-992.79696,85.2877685480846,283.31983453283,1
15.46,-992.662848,98.9206163848621,328.607174734299,1
15.47,-992.528736,89.709478459509,298.008436887761,1
15.48,-992.394624,68.2881518549106,226.848332334494,1
15.49,-992.260512,96.1877642591733,319.528836480421,1
15.5,-992.1264,76.4052503256162,253.812747983669,1
15.51,-991.992288,79.5841598274826,264.372856597687,1
15.52,-991.858176,96.0092171123942,318.935715697419,1
15.53,-991.724064,81.9414131564552,272.203482591466,1
15.54,-991.589952,88.5966384322298,294.311662340532,1
15.55,-991.45584,85.5623282906707,284.231902252836,1
15.56,-991.321728,85.0474453413399,282.521498122921,1
15.57,-991.187616,86.9622413550071,288.882312780611,1
15.58,-991.053504,80.9660611301277,268.963433316035,1
15.59,-990.919392,70.6284820860504,234.622740189221,1
15.6,-990.78528,88.6776658552173,294.580829613042,1
15.61,-990.651168,74.2000154551839,246.487116530147,1
15.62,-990.517056,89.0563825285377,295.838899168514,1
15.63,-990.382944,80.867194571499,268.635005719941,1
15.64,-990.248832,82.8624801029264,275.263200740589,1
15.65,-990.11472,90.1835934540722,299.583412806812,1
15.66,-989.980608,83.3130085862331,276.759823959478,1
15.67,-989.846496,79.7186863016496,264.819743866886,1
15.68,-989.712384,88.0802638550032,292.596303127473,1
15.69,-989.578272,88.249010487549,293.15686730619,1
15.7,-989.44416,87.1021465203859,289.347067679182,1
15.71,-989.310048,85.7286197158912,284.784310408709,1
15.72,-989.175936,73.4681765597702,244.056000443213,1
15.73,-989.041824,81.7564778582699,271.589140832701,1
15.74,-988.907712,69.5414941700225,231.011844847181,1
15.75,-988.7736,81.8149750794143,271.783464393806,1
15.76,-988.639488,76.3618652798126,253.668625984431,1
15.77,-988.505376,70.3634181651123,233.742216981877,1
15.78,-988.371264,81.0077309835938,269.101857571871,1
15.79,-988.237152,89.9895684735128,298.938875773414,1
15.8,-988.10304,87.1520765198978,289.512931547017,1
15.81,-987.968928,82.9173559492399,275.445494355251,1
15.82,-987.834816,74.8280885430961,248.573530092672,1
15.83,-987.700704,83.2025741778192,276.392968797258,1
15.84,-987.566592,86.4622681471118,287.221437738155,1
15.85,-987.43248,84.0173675107268,279.099653649566,1
15.86,-987.298368,78.4026498255451,260.4479653775,1
15.87,-987.164256,89.7905585838345,298.277779230409,1
15.88,-987.030144,84.2279090326012,279.799057443513,1
15.89,-986.896032,79.3619354808217,263.634643305481,1
15.9,-986.76192,90.6339486136426,301.079460262705,1
15.91,-986.627808,82.8817086530539,275.327076601151,1
15.92,-986.493696,79.8216717180902,265.161854011517,1
15.93,-986.359584,81.8194102193209,271.798197609569,1
15.94,-986.225472,90.1096128420085,299.337654533359,1
15.95,-986.09136,86.9015527454587,288.680709583921,1
15.96,-985.957248,92.6083392091507,307.63824384765,1
15.97,-985.823136,97.9209420214981,325.286328381379,1
15.98,-985.689024,83.2494865423072,276.548808298107,1
15.99,-985.554912,78.0013609374886,259.114912566273,1
16,-985.4208,79.2717292455034,263.334984681551,1
16.01,-985.286688,69.897779731524,232.195399737453,1
16.02,-985.152576,82.1297805308653,272.829225460763,1
16.03,-985.018464,64.5131906055144,214.308185466632,1
16.04,-984.884352,83.3902545986982,277.016429657318,1
16.05,-984.75024,78.8189739303144,261.830964098661,1
16.06,-984.616128,82.9960290293371,275.706840669014,1
16.07,-984.482016,83.6662948273395,277.93341544409,1
16.08,-984.347904,82.3840281509324,273.673817767898,1
16.09,-984.213792,78.6653584469848,261.320664515596,1
16.1,-984.07968,75.134924350189,249.592816548394,1
16.11,-983.945568,83.694030452918,278.025551197534,1
16.12,-983.811456,84.7620582716874,281.57346280139,1
16.13,-983.677344,64.286141687359,213.553945560398,1
16.14,-983.543232,63.2594787592538,210.143446569541,1
16.15,-983.40912,71.9064463385241,238.868045225554,1
16.16,-983.275008,40.3498018681337,134.040471437439,1
16.17,-983.140896,68.0260671645218,225.977705971354,1
16.18,-983.006784,90.4416185058161,300.440553474587,1
16.19,-982.872672,71.132053391567,236.295567720127,1
16.2,-982.73856,57.4537076327579,190.857111470755,1
16.21,-982.604448,77.3080567543691,256.81180596163,1
16.22,-982.470336,66.6031517904835,221.250884294837,1
16.23,-982.336224,71.130025057265,236.288829739943,1
16.24,-982.202112,78.6433176854149,261.247446691503,1
16.25,-982.068,63.4224983199884,210.68498557743,1
16.26,-981.933888,72.9569495608775,242.357741193823,1
16.27,-981.799776,71.4075881810194,237.210874409991,1
16.28,-981.665664,65.0558341519276,216.110807709545,1
16.29,-981.531552,77.6521445382527,257.954840817595,1
16.3,-981.39744,77.2865652833244,256.740412841496,1
16.31,-981.263328,63.011767765477,209.320568859692,1
16.32,-981.129216,73.8643612495364,245.372097438313,1
16.33,-980.995104,65.656391153109,218.105814302678,1
16.34,-980.860992,65.5111668473288,217.62338973462,1
16.35,-980.72688,73.7432832734153,244.969885124517,1
16.36,-980.592768,74.0214838736521,245.89404747665,1
16.37,-980.458656,76.9735354388375,255.700550226697,1
16.38,-980.324544,62.0472332877011,206.116456472768,1
16.39,-980.190432,66.6620962941119,221.446693654962,1
16.4,-980.05632,70.545941228686,234.348545420118,1
16.41,-979.922208,65.1414730257331,216.395293802511,1
16.42,-979.788096,74.4723174360653,247.391684097396,1
16.43,-979.653984,62.9689435299041,209.178309899857,1
16.44,-979.519872,88.1992661928797,292.991620336416,1
16.45,-979.38576,69.5059942630724,230.893916722078,1
16.46,-979.251648,63.5833578075933,211.21934899009,1
16.47,-979.117536,62.6807977628219,208.221110880332,1
16.48,-978.983424,72.2612966549347,240.046832388144,1
16.49,-978.849312,78.3706257380151,260.341583662963,1
16.5,-978.7152,61.440689631868,204.101563411292,1
16.51,-978.581088,66.62432310113,221.321213851142,1
16.52,-978.446976,59.2985180230923,196.985429962059,1
16.53,-978.312864,66.9890874095074,222.532934402305,1
16.54,-978.178752,69.4233659260275,230.619431358864,1
16.55,-978.04464,65.6868957085348,218.207148214916,1
16.56,-977.910528,65.8927852289972,218.891098217047,1
16.57,-977.776416,55.9033990400362,185.707108924708,1
16.58,-977.642304,62.3714852115073,207.193597400486,1
16.59,-977.508192,62.079962464931,206.225180378527,1
16.6,-977.37408,56.8577961703854,188.877540255447,1
16.61,-977.239968,47.6348718026924,158.239867642206,1
16.62,-977.105856,63.8839917192053,212.218032804537,1
16.63,-976.971744,58.979167578261,195.92457204107,1
16.64,-976.837632,64.6183156273846,214.65740310821,1
16.65,-976.70352,67.9808363105786,225.827452350679,1
16.66,-976.569408,73.505418654863,244.179715999672,1
16.67,-976.435296,41.4667170606191,137.750481576947,1
16.68,-976.301184,68.9648721175048,229.096348078449,1
16.69,-976.167072,72.4324412813351,240.615362497752,1
16.7,-976.03296,64.8863888014293,215.547922618376,1
16.71,-975.898848,49.4446577096694,164.251761535907,1
16.72,-975.764736,65.4889493294475,217.549584758572,1
16.73,-975.630624,68.507616353063,227.577377511295,1
16.74,-975.496512,57.9543494008392,192.520204602337,1
16.75,-975.3624,70.2880076227544,233.491708605809,1
16.76,-975.228288,66.0553937686073,219.431271956741,1
16.77,-975.094176,67.0099977278045,222.602396962268,1
16.78,-974.960064,57.3968683160226,190.668295689193,1
16.79,-974.825952,61.7447021400604,205.111470403449,1
16.8,-974.69184,57.1395358309304,189.813457280954,1
16.81,-974.557728,61.9815061721117,205.898115858205,1
16.82,-974.423616,66.7571185460945,221.762350676124,1
16.83,-974.289504,63.263599218969,210.157134433974,1
16.84,-974.155392,45.2906950877416,150.452859125332,1
16.85,-974.02128,64.3573311172819,213.790431640293,1
16.86,-973.887168,60.8009524070641,201.976403994114,1
16.87,-973.753056,65.3826663424647,217.196520419097,1
16.88,-973.618944,64.0499238688926,212.769247253297,1
16.89,-973.484832,66.9823415605309,222.510525181552,1
16.9,-973.35072,65.2619377616409,216.795468872359,1
16.91,-973.216608,69.2533266004253,230.054573011697,1
16.92,-973.082496,68.4509830698873,227.389245843509,1
16.93,-972.948384,65.1378025103553,216.383100618088,1
16.94,-972.814272,70.911535267131,235.563022425034,1
16.95,-972.68016,68.3283401876931,226.981835066542,1
16.96,-972.546048,60.2560738925101,200.166358352016,1
16.97,-972.411936,66.9079884112877,222.263529416046,1
16.98,-972.277824,68.6824845970147,228.158277163498,1
16.99,-972.143712,66.0099893002403,219.280441615242,1
17,-972.0096,68.8866372182901,228.83645740203,1
17.01,-971.875488,66.9785940446035,222.498076205602,1
17.02,-971.741376,63.2501745118131,210.112538543174,1
17.03,-971.607264,58.721078662016,195.067220336621,1
17.04,-971.473152,54.5116191266466,181.0837301265,1
17.05,-971.33904,63.187760478371,209.905203710773,1
17.06,-971.204928,60.9430201073956,202.448342293116,1
17.07,-971.070816,69.4822940886752,230.81518645574,1
17.08,-970.936704,62.0670727251774,206.182361616467,1
17.09,-970.802592,54.5067513654151,181.06755983096,1
17.1,-970.66848,62.977567048767,209.206956594999,1
17.11,-970.534368,50.8076243393387,168.779394514502,1
17.12,-970.400256,44.5065418706059,147.848042954223,1
17.13,-970.266144,52.6821684555628,175.006453287989,1
17.14,-970.132032,48.0130042307428,159.495975640368,1
17.15,-969.99792,53.8868366448631,179.008255546015,1
17.16,-969.863808,57.8750966032232,192.256932932875,1
17.17,-969.729696,53.9260113729442,179.138390646474,1
17.18,-969.595584,58.3266955265208,193.757109759732,1
17.19,-969.461472,56.6393846388702,188.151994386752,1
17.2,-969.32736,46.5058667005715,154.489467709294,1
17.21,-969.193248,49.1870634255741,163.396061864902,1
17.22,-969.059136,42.178272984931,140.114063665651,1
17.23,-968.925024,55.0292416786363,182.803229288412,1
17.24,-968.790912,52.0173365591822,172.797942402128,1
17.25,-968.6568,52.9472378778211,175.886990242665,1
17.26,-968.522688,42.4469875008501,141.006661549801,1
17.27,-968.388576,58.4616777673362,194.205510408778,1
17.28,-968.254464,36.0384131694829,119.72060873009,1
17.29,-968.120352,52.2199148053274,173.470888637441,1
17.3,-967.98624,52.4465437600604,174.223729329519,1
17.31,-967.852128,53.6345369362684,178.170137581826,1
17.32,-967.718016,32.3262713620705,107.393990554499,1
17.33,-967.583904,40.9474454479981,136.025629326174,1
17.34,-967.449792,58.2692765717402,193.566368402928,1
17.35,-967.31568,50.6544644891906,168.270612805098,1
17.36,-967.181568,47.9115053571897,159.158809071211,1
17.37,-967.047456,53.6536277891255,178.233555748253,1
17.38,-966.913344,59.3058478978377,197.009779250314,1
17.39,-966.779232,49.0518846867306,162.947013314516,1
17.4,-966.64512,52.7253571345857,175.149922204407,1
17.41,-966.511008,55.0949415205381,183.021478758681,1
17.42,-966.376896,48.2825396490315,160.391339200913,1
17.43,-966.242784,60.6860541130545,201.594720444826,1
17.44,-966.108672,54.1631277472486,179.926071087853,1
17.45,-965.97456,64.357276685471,213.790250821797,1
17.46,-965.840448,47.5342947025381,157.905763574341,1
17.47,-965.706336,29.0702545207913,96.5871551682002,1
17.48,-965.572224,60.4326220428507,200.752838070922,1
17.49,-965.438112,48.7478195107765,161.936943679155,1
17.5,-965.304,49.6782108405368,165.027599659175,1
17.51,-965.169888,57.2017438951668,190.020107600831,1
17.52,-965.035776,47.9759970612455,159.373042435137,1
17.53,-964.901664,57.8908821127025,192.309371174928,1
17.54,-964.767552,60.2594852482446,200.177690619793,1
17.55,-964.63344,61.1827911115298,203.244843704424,1
17.56,-964.499328,62.9484198328769,209.110131688588,1
17.57,-964.365216,57.7628485045555,191.884053436459,1
17.58,-964.231104,59.9060781031718,199.003698647786,1
17.59,-964.096992,44.4160493463902,147.547444056977,1
17.6,-963.96288,59.583938031363,197.933573627853,1
17.61,-963.828768,59.9165894229957,199.038616460785,1
17.62,-963.694656,69.5868967693496,231.162669000793,1
17.63,-963.560544,41.849024997123,139.020394330578,1
17.64,-963.426432,57.9326487890516,192.448116846111,1
17.65,-963.29232,41.2006224490925,136.866599438256,1
17.66,-963.158208,53.2694368474018,176.957306818529,1
17.67,-963.024096,58.4688071499646,194.229193671508,1
17.68,-962.889984,48.7215862809828,161.849799942267,1
17.69,-962.755872,61.8192376569569,205.359071866823,1
17.7,-962.62176,53.4901750993081,177.690580051464,1
17.71,-962.487648,52.354683312053,173.918577282225,1
17.72,-962.353536,58.086084348779,192.957817936601,1
17.73,-962.219424,46.7029985042809,155.144311073406,1
17.74,-962.085312,50.1418641884109,166.567807009849,1
17.75,-961.9512,50.5596916597712,167.955787018025,1
17.76,-961.817088,49.9545171472527,165.945459765606,1
17.77,-961.682976,36.3317654912356,120.694869492205,1
17.78,-961.548864,61.4664005400731,204.186973138487,1
17.79,-961.414752,50.6230489541513,168.166253557493,1
17.8,-961.28064,49.2065913543934,163.460931459807,1
17.81,-961.146528,55.1677913527877,183.263479920657,1
17.82,-961.012416,43.3011952563483,143.844131661972,1
17.83,-960.878304,43.6043066990468,144.851000602964,1
17.84,-960.744192,40.5413833509214,134.676833912059,1
17.85,-960.61008,50.8854382507523,169.037884605857,1
17.86,-960.475968,53.2758975173819,176.97876859863,1
17.87,-960.341856,62.3266660260887,207.04471137594,1
17.88,-960.207744,47.5434790500183,157.936272778566,1
17.89,-960.073632,39.7723195010493,132.122305815805,1
17.9,-959.93952,52.2416910354949,173.543227275432,1
17.91,-959.805408,54.334877483014,180.496609215454,1
17.92,-959.671296,47.8865456555655,159.075896082141,1
17.93,-959.537184,37.1423254030814,123.386919746123,1
17.94,-959.403072,52.6827755349686,175.008469951249,1
17.95,-959.26896,35.7881206009537,118.88936785432,1
17.96,-959.134848,56.8731933324916,188.928688415565,1
17.97,-959.000736,45.1636081818409,150.030698232178,1
17.98,-958.866624,39.880886557558,132.482920239658,1
17.99,-958.732512,55.5215584100019,184.438665213389,1
18,-958.5984,45.4262970033605,150.903305822244,1
18.01,-958.464288,42.9094253484634,142.542763880173,1
18.02,-958.330176,47.782511378688,158.730307385013,1
18.03,-958.196064,49.5223750416363,164.509930016675,1
18.04,-958.061952,55.6427242478514,184.841168301093,1
18.05,-957.92784,43.9384171366503,145.960844868846,1
18.06,-957.793728,39.4563514782325,131.072797486091,1
18.07,-957.659616,41.586514266079,138.148411279419,1
18.08,-957.525504,54.2580124411132,180.241270022713,1
18.09,-957.391392,47.3863871349391,157.414434087877,1
18.1,-957.25728,59.3336640856526,197.102182518037,1
18.11,-957.123168,49.3986959269967,164.099081543036,1
18.12,-956.989056,56.129334152412,186.457647243744,1
18.13,-956.854944,52.0019692977904,172.746893786149,1
18.14,-956.720832,39.8164073058083,132.268746978823,1
18.15,-956.58672,52.249149655023,173.568004125449,1
18.16,-956.452608,44.3202367901728,147.229173275662,1
18.17,-956.318496,48.8499685985353,162.276271129199,1
18.18,-956.184384,32.8030884120874,108.977065000812,1
18.19,-956.050272,58.940156319278,195.794979608507,1
18.2,-955.91616,47.5408877680089,157.92766487765,1
18.21,-955.782048,45.4631446846391,151.025707675961,1
18.22,-955.647936,43.941508077032,145.971112336095,1
18.23,-955.513824,44.9576080541256,149.346401961828,1
18.24,-955.379712,44.2383663812262,146.957215816642,1
18.25,-955.2456,53.5119174105033,177.762806123326,1
18.26,-955.111488,54.1532118033311,179.893131161612,1
18.27,-954.977376,49.2283095660132,163.533076933255,1
18.28,-954.843264,34.2214440647095,113.686633411302,1
18.29,-954.709152,35.0383634311425,116.399445251747,1
18.3,-954.57504,40.2663177425722,133.763169007042,1
18.31,-954.440928,44.8078159572381,148.84881955326,1
18.32,-954.306816,39.3685691877519,130.781224410834,1
18.33,-954.172704,39.7775663869863,132.13973375812,1
18.34,-954.038592,27.9869069223473,92.9934083978922,1
18.35,-953.90448,43.2836201610641,143.785751194616,1
18.36,-953.770368,48.8047957117932,162.126212013344,1
18.37,-953.636256,45.6428004747034,151.622494675367,1
18.38,-953.502144,41.7476448821319,138.683639136558,1
18.39,-953.368032,51.2348985564358,170.198757516631,1
18.4,-953.23392,45.2525919542042,150.32628701542,1
18.41,-953.099808,57.4971126034934,191.001299404636,1
18.42,-952.965696,48.4567440071339,160.970025128549,1
18.43,-952.831584,42.6775831418317,141.772641222296,1
18.44,-952.697472,34.9689473964825,116.16892301295,1
18.45,-952.56336,57.4902645842359,190.978550817582,1
18.46,-952.429248,38.7515886595662,128.731914122693,1
18.47,-952.295136,47.2900336055026,157.094360499363,1
18.48,-952.161024,44.7700461748218,148.723355217044,1
18.49,-952.026912,45.7504795233018,151.980187097023,1
18.5,-951.8928,58.5945469280325,194.64689158717,1
18.51,-951.758688,45.0472432708089,149.644154295754,1
18.52,-951.624576,51.1479629731776,169.909965955232,1
18.53,-951.490464,41.6452195847319,138.343412685066,1
18.54,-951.356352,27.0167398016238,89.776313330798,1
18.55,-951.22224,41.9500123288416,139.355845323617,1
18.56,-951.088128,26.3960046211962,87.7186721284635,1
18.57,-950.954016,36.3995734804211,120.920070755946,1
18.58,-950.819904,34.8115051788612,115.646080865779,1
18.59,-950.685792,42.5668827450491,141.404922569111,1
18.6,-950.55168,42.4013179505232,140.854959268671,1
18.61,-950.417568,22.2622716216603,74.0391054583815,1
18.62,-950.283456,31.0311613168517,103.094659914171,1
18.63,-950.149344,43.8774920724237,145.75846441587,1
18.64,-950.015232,33.0265869956867,109.719131903595,1
18.65,-949.88112,42.6172747100697,141.5723118379,1
18.66,-949.747008,52.1157288533213,173.124792497374,1
18.67,-949.612896,41.6183253034653,138.254077951948,1
18.68,-949.478784,36.3500902096277,120.755728756066,1
18.69,-949.344672,47.6959671175037,158.442818410763,1
18.7,-949.21056,40.9225925869786,135.943076565175,1
18.71,-949.076448,40.4194121147014,134.271690508674,1
18.72,-948.942336,47.5714348384983,158.029138268026,1
18.73,-948.808224,48.4978886169426,161.106702623088,1
18.74,-948.674112,46.7985339223025,155.461666156372,1
18.75,-948.54,36.3530448743395,120.765541666565,1
18.76,-948.405888,38.3084181472046,127.259940126797,1
18.77,-948.271776,45.4037143242975,150.828289942229,1
18.78,-948.137664,49.535382155273,164.553138231307,1
18.79,-948.003552,36.4423627271759,121.062181157959,1
18.8,-947.86944,51.8679159776413,172.301581147986,1
18.81,-947.735328,32.2024432927793,106.982886691243,1
18.82,-947.601216,33.1612239407666,110.166166889557,1
18.83,-947.467104,49.8772783649319,165.688880700596,1
18.84,-947.332992,37.4523314047003,124.416545508501,1
18.85,-947.19888,33.8369811194924,112.40998015448,1
18.86,-947.064768,37.2662330788344,123.798453793755,1
18.87,-946.930656,40.9432796771039,136.011792047853,1
18.88,-946.796544,47.7751780867825,158.705947122858,1
18.89,-946.662432,40.8328019725759,135.644822968747,1
18.9,-946.52832,47.7262933421092,158.54355824186,1
18.91,-946.394208,27.5608644906709,91.5804860270953,1
18.92,-946.260096,39.8911693286871,132.517075359632,1
18.93,-946.125984,39.7399553261896,132.014805725003,1
18.94,-945.991872,40.6681568867009,135.097929845291,1
18.95,-945.85776,37.3739726692531,124.156290639778,1
18.96,-945.723648,23.4444481602316,77.9458962204176,1
18.97,-945.589536,45.574681797289,151.396215546855,1
18.98,-945.455424,46.7893412511694,155.431129402762,1
18.99,-945.321312,38.2147739881652,126.948907378595,1
19,-945.1872,40.8142059022246,135.583053270246,1
19.01,-945.053088,44.573034849665,148.068920083852,1
19.02,-944.918976,39.8718462255897,132.452891996442,1
19.03,-944.784864,43.3582792498472,144.033751775004,1
19.04,-944.650752,45.147018327436,149.975589610208,1
19.05,-944.51664,47.0619335251135,156.336642953614,1
19.06,-944.382528,50.9851036864869,169.368963347512,1
19.07,-944.248416,44.2648807384632,147.045291295891,1
19.08,-944.114304,36.5267568010927,121.342469229988,1
19.09,-943.980192,44.9555815090421,149.339670139796,1
19.1,-943.84608,41.0940036536799,136.512446660154,1
19.11,-943.711968,40.3406940197932,134.010218614248,1
19.12,-943.577856,47.5205054638654,157.859957524425,1
19.13,-943.443744,48.4012315182862,160.78561927999,1
19.14,-943.309632,47.328593682339,157.222451921874,1
19.15,-943.17552,57.7354515833017,191.793042986851,1
19.16,-943.041408,58.5407777015053,194.468274331333,1
19.17,-942.907296,52.9625283260939,175.937783755137,1
19.18,-942.773184,55.7977568862109,185.356174198299,1
19.19,-942.639072,54.5587470076693,181.240285007524,1
19.2,-942.50496,56.4751557455988,187.606439017619,1
19.21,-942.370848,58.0686188029632,192.899798739594,1
19.22,-942.236736,56.1824112211679,186.633965022359,1
19.23,-942.102624,52.5361109672011,174.521263474768,1
19.24,-941.968512,46.0355837707859,152.927258519759,1
19.25,-941.8344,53.6693458788137,178.285769887267,1
19.26,-941.700288,58.7636923506539,195.20877975703,1
19.27,-941.566176,59.6943471217504,198.300344288583,1
19.28,-941.432064,46.958122365476,155.991796610735,1
19.29,-941.297952,41.6475739297825,138.351233114743,1
19.3,-941.16384,45.1300958034023,149.919375924,1
19.31,-941.029728,44.3112830723987,147.199430770071,1
19.32,-940.895616,41.9797220983202,139.454532764196,1
19.33,-940.761504,56.9023157187014,189.025430690425,1
19.34,-940.627392,48.9330354620783,162.552209715162,1
19.35,-940.49328,59.6372951617327,198.110821984415,1
19.36,-940.359168,48.4825911871269,161.055886380617,1
19.37,-940.225056,51.7549803555635,171.926419604304,1
19.38,-940.090944,57.1202726841333,189.749466616329,1
19.39,-939.956832,55.89155319499,185.667757980448,1
19.4,-939.82272,38.2592805304724,127.096732727471,1
19.41,-939.688608,56.4883232367897,187.650180378208,1
19.42,-939.554496,29.1239539209932,96.7653213744945,1
19.43,-939.420384,48.6566183940729,161.633984212091,1
19.44,-939.286272,53.754633986172,178.569089641989,1
19.45,-939.15216,48.4889489078703,161.077005972473,1
19.46,-939.018048,47.7222027157781,158.529969704806,1
19.47,-938.883936,55.5631495716445,184.576827676132,1
19.48,-938.749824,63.9459139733206,212.42373399667,1
19.49,-938.615712,40.0232491889792,132.955790850649,1
19.5,-938.4816,64.3123493240737,213.64100541275,1
19.51,-938.347488,48.8825726769223,162.384578127055,1
19.52,-938.213376,44.0525595512837,146.340002652168,1
19.53,-938.079264,54.7403949572552,181.84370436595,1
19.54,-937.945152,48.4653089865399,160.998476968754,1
19.55,-937.81104,49.9824474074132,166.038241146957,1
19.56,-937.676928,45.3812728086851,150.753742994703,1
19.57,-937.542816,49.2280169896628,163.532105027267,1
19.58,-937.408704,48.1032099551994,159.795627884627,1
19.59,-937.274592,63.0092257233592,209.312124382784,1
19.6,-937.14048,60.5370855511457,201.099858023647,1
19.61,-937.006368,53.6576780649339,178.247010415269,1
19.62,-936.872256,48.0919597993881,159.758256255106,1
19.63,-936.738144,50.2189682224257,166.823938609547,1
19.64,-936.604032,46.5833301201555,154.746789917189,1
19.65,-936.46992,49.5953777852386,164.752437197283,1
19.66,-936.335808,45.0500552452522,149.653495180565,1
19.67,-936.201696,45.3976846317173,150.808260314611,1
19.68,-936.067584,47.5730451206889,158.034487416122,1
19.69,-935.933472,44.0811189344269,146.434871150295,1
19.7,-935.79936,40.9982478758048,136.194377850075,1
19.71,-935.665248,51.306333428006,170.436057252365,1
19.72,-935.531136,45.349405817123,150.647886217546,1
19.73,-935.397024,37.5533705324927,124.752130587212,1
19.74,-935.262912,53.8061255852109,178.740140315196,1
19.75,-935.1288,49.5699688252883,164.668031388555,1
19.76,-934.994688,52.178959948028,173.334840366237,1
19.77,-934.860576,44.7421186869715,148.630585213665,1
19.78,-934.726464,44.4644889382445,147.708351109771,1
19.79,-934.592352,31.0296530839593,103.089653621847,1
19.8,-934.45824,41.3619444045914,137.402459476837,1
19.81,-934.324128,52.9106510268342,175.765451973652,1
19.82,-934.190016,40.7029704944459,135.213568271719,1
19.83,-934.055904,28.8607100461942,95.8919457769744,1
19.84,-933.921792,48.9801045195191,162.708567751251,1
19.85,-933.78768,46.5960443055049,154.789024600513,1
19.86,-933.653568,31.5160279836773,104.704151085669,1
19.87,-933.519456,52.109428828584,173.103864396869,1
19.88,-933.385344,44.9883669905224,149.448577685567,1
19.89,-933.251232,54.6338767263439,181.489859664637,1
19.9,-933.11712,31.283775823243,103.933184703673,1
19.91,-932.983008,46.5542560209801,154.650209978485,1
19.92,-932.848896,45.6144308443663,151.528255381834,1
19.93,-932.714784,34.5366080197505,114.733203498131,1
19.94,-932.580672,41.9641870848948,139.402929843664,1
19.95,-932.44656,48.7877779184546,162.069680873403,1
19.96,-932.312448,24.8915048542388,82.7344897371582,1
19.97,-932.178336,43.2879754752419,143.80021855624,1
19.98,-932.044224,52.7605218118256,175.26673611252,1
19.99,-931.910112,48.1630111405901,159.99428006907,1
20,-931.776,41.9431334788341,139.332995738074,1
