time_s,ue_x_m,SINR_dB,throughput_Mbps,serving_idx
0,-1200,10.7340566834961,36.8273860727543,1
0.01,-1199.865888,14.2019017709381,47.7157928259129,1
0.02,-1199.731776,14.6247967730349,49.0715288510233,1
0.03,-1199.597664,15.5084142242414,51.9180537302449,1
0.04,-1199.463552,5.79960938107927,22.6350080891795,1
0.05,-1199.32944,16.1403499662574,53.9637480153588,1
0.06,-1199.195328,9.86837193631971,34.1973602165613,1
0.07,-1199.061216,9.714966634547,33.7361484066981,1
0.08,-1198.927104,17.3166956340376,57.7899776143567,1
0.09,-1198.792992,22.8358552643521,75.9339656213281,1
0.1,-1198.65888,19.157729581816,63.8146920466228,1
0.11,-1198.524768,20.988401940763,69.8364106996638,1
0.12,-1198.390656,10.6976410022606,36.7158725847696,1
0.13,-1198.256544,6.27529230412792,23.9000597183571,2
0.14,-1198.122432,15.7047303615535,52.5527459740235,1
0.15,-1197.98832,11.5282449389134,39.2766336186618,1
0.16,-1197.854208,14.3982554834881,48.3446982630712,1
0.17,-1197.720096,21.0945808398547,70.1863758597853,1
0.18,-1197.585984,12.9971768687867,43.8816591658909,1
0.19,-1197.451872,13.7757792020379,46.3545941355089,1
0.2,-1197.31776,8.82649697628303,31.0972815952196,1
0.21,-1197.183648,12.43662554075,42.1141586537425,1
0.22,-1197.049536,6.15175520692476,23.5688779685978,1
0.23,-1196.915424,16.4551138189801,54.9854034442838,1
0.24,-1196.781312,11.3471300343056,38.7152991841433,1
0.25,-1196.6472,13.2330394782208,44.6287117420838,1
0.26,-1196.513088,10.2289707439778,35.2874263388804,1
0.27,-1196.378976,1.34390689136819,12.4041812778218,1
0.28,-1196.244864,14.4989199646714,48.6675080694178,1
0.29,-1196.110752,22.023731935175,73.2515028399129,1
0.3,-1195.97664,13.07748502854,44.1358083242729,1
0.31,-1195.842528,9.71306866336063,33.7304519068756,1
0.32,-1195.708416,4.85429639965054,20.2074923635905,1
0.33,-1195.574304,12.0303821009204,40.8408090505187,1
0.34,-1195.440192,24.365163132066,80.9920265048533,1
0.35,-1195.30608,21.847139737003,72.6686094027115,1
0.36,-1195.171968,6.87223327383044,25.5251822336064,1
0.37,-1195.037856,8.63925092757966,30.5487102395641,1
0.38,-1194.903744,13.9777838565187,46.9992347178662,1
0.39,-1194.769632,17.5899673335464,58.6817347406214,1
0.4,-1194.63552,17.0034372771762,56.7689941223451,1
0.41,-1194.501408,2.98038816694599,15.7834578966642,1
0.42,-1194.367296,17.996445236611,60.0099400807453,1
0.43,-1194.233184,10.5472458125857,36.2561095361157,1
0.44,-1194.099072,14.9261899696292,50.0404633249353,1
0.45,-1193.96496,10.9412854472492,37.4633413003583,1
0.46,-1193.830848,19.6904774363463,65.5644511349273,1
0.47,-1193.696736,10.0200745387479,34.6549527025331,1
0.48,-1193.562624,17.8583983395479,59.5586318050599,1
0.49,-1193.428512,24.2640955811411,80.6575260035741,1
0.5,-1193.2944,9.94238966998108,34.4204420397131,1
0.51,-1193.160288,8.43433865733443,29.9516392571232,1
0.52,-1193.026176,17.9179133887273,59.7531727933096,1
0.53,-1192.892064,21.742315302278,72.3226785417288,1
0.54,-1192.757952,6.23086030554152,23.7807359729219,1
0.55,-1192.62384,23.479535453326,78.0619308202091,1
0.56,-1192.489728,18.6928979605106,62.2900904368675,1
0.57,-1192.355616,9.04998200476029,31.7556099572466,1
0.58,-1192.221504,13.6554023344724,45.971015366014,1
0.59,-1192.087392,27.667040817311,91.932586217077,1
0.6,-1191.95328,19.0926134228988,63.6009947303398,1
0.61,-1191.819168,10.9629255785672,37.5298839701182,1
0.62,-1191.685056,10.5458154481731,36.2517429899033,1
0.63,-1191.550944,19.9424285565548,66.392772659017,1
0.64,-1191.416832,22.3193321587533,74.2275444879024,1
0.65,-1191.28272,0.307221742015741,10.5193068179344,1
0.66,-1191.148608,22.7543885371825,75.6647534653776,1
0.67,-1191.014496,19.4870879877336,64.8961533586809,1
0.68,-1190.880384,20.0266030307313,66.6696158470512,1
0.69,-1190.746272,27.4998865655132,91.3782788219636,1
0.7,-1190.61216,15.3330093795649,51.3516305926632,1
0.71,-1190.478048,15.2012914105159,50.9267089666583,1
0.72,-1190.343936,16.949458510956,56.5932070499535,1
0.73,-1190.209824,22.6835302061613,75.4306190973601,1
0.74,-1190.075712,13.7752544275585,46.3529210140419,1
0.75,-1189.9416,22.2564670080728,74.0199368833164,1
0.76,-1189.807488,26.7174787693296,88.7842310726988,1
0.77,-1189.673376,27.5643792181711,91.5921412695582,1
0.78,-1189.539264,6.43748010889528,24.3375885583838,1
0.79,-1189.405152,30.5566795822562,101.519778125548,1
0.8,-1189.27104,31.6411695849601,105.119573654873,1
0.81,-1189.136928,19.5992698696848,65.2647189304862,1
0.82,-1189.002816,23.9542671641946,79.632279367069,1
0.83,-1188.868704,34.6217756758037,115.01602579008,1
0.84,-1188.734592,16.5891619971927,55.4209992915227,1
0.85,-1188.60048,25.9479460389883,86.2338402408634,1
0.86,-1188.466368,24.860173332966,82.6307462572642,1
0.87,-1188.332256,22.8093854904845,75.846491621761,1
0.88,-1188.198144,23.7066838693556,78.8132164659673,1
0.89,-1188.064032,21.2049482135552,70.5502161436448,1
0.9,-1187.92992,20.6491529417939,68.7187087647545,1
0.91,-1187.795808,6.3050027018002,23.9799782238262,1
0.92,-1187.661696,25.8303256564443,85.8441180673789,1
0.93,-1187.527584,26.4111337493834,87.7688152275448,1
0.94,-1187.393472,20.4481955386062,68.05697520852,1
0.95,-1187.25936,12.8784296784458,43.506275216075,1
0.96,-1187.125248,1.65148352865816,13.0022726231705,1
0.97,-1186.991136,20.8242963479415,69.2956529996626,1
0.98,-1186.857024,7.49045375815112,27.2488291390986,1
0.99,-1186.722912,20.6542724457551,68.735570269525,1
1,-1186.5888,23.2910783065806,77.4387480999663,1
1.01,-1186.454688,12.5561448973845,42.4900379208897,1
1.02,-1186.320576,10.543077543567,36.243385174305,1
1.03,-1186.186464,13.3425551264848,44.9762147850875,1
1.04,-1186.052352,16.9177500366592,56.4899654580874,1
1.05,-1185.91824,15.0646538888021,50.4863159779617,1
1.06,-1185.784128,24.3514723519789,80.9467128285768,1
1.07,-1185.650016,19.8325254870952,66.0313913302521,1
1.08,-1185.515904,26.4178407621116,87.7910446863986,1
1.09,-1185.381792,11.7481075847706,39.960124950867,1
1.1,-1185.24768,28.6354156064372,95.144531097607,1
1.11,-1185.113568,19.6477138768586,65.4239103472351,1
1.12,-1184.979456,24.3714328416273,81.0127781325768,1
1.13,-1184.845344,30.7374737546989,102.119846326249,1
1.14,-1184.711232,36.5933006281647,121.563474240514,1
1.15,-1184.57712,15.0494453271811,50.4373232966223,1
1.16,-1184.443008,23.4135885358649,77.8438461207954,1
1.17,-1184.308896,31.7089603652335,105.344616727027,1
1.18,-1184.174784,17.0769385398975,57.0084266736433,1
1.19,-1184.040672,35.8024576120436,118.936981836905,1
1.2,-1183.90656,31.9123715688588,106.019889024918,1
1.21,-1183.772448,26.3146109747222,87.4489126721559,1
1.22,-1183.638336,27.3400541420114,90.848287059723,1
1.23,-1183.504224,28.4698007068773,94.5951370520396,1
1.24,-1183.370112,25.6284055234806,85.1751425021985,1
1.25,-1183.236,12.8632486718124,43.4583209624536,1
1.26,-1183.101888,23.0797699591374,76.7401522227831,1
1.27,-1182.967776,15.4971243281492,51.8815769086833,1
1.28,-1182.833664,25.9666450600122,86.2957998705529,1
1.29,-1182.699552,26.9122869370919,89.4300250470382,1
1.3,-1182.56544,18.3257897024825,61.0875381032105,1
1.31,-1182.431328,18.59718458754,61.9764227251647,1
1.32,-1182.297216,25.6067730660442,85.1034776179675,1
1.33,-1182.163104,16.2662971263284,54.3723411295466,1
1.34,-1182.028992,26.0207178367018,86.474975020801,1
1.35,-1181.89488,17.0384558907339,56.883058499587,1
1.36,-1181.760768,18.7700303612971,62.5429325575674,1
1.37,-1181.626656,20.1672919587085,67.1324480071646,1
1.38,-1181.492544,5.85528304616598,22.7816294534397,1
1.39,-1181.358432,13.478265606285,45.4073739201559,1
1.4,-1181.22432,20.6118272688282,68.5957787514743,1
1.41,-1181.090208,18.7224031331298,62.386802186862,1
1.42,-1180.956096,20.5025594318967,68.2359638349318,1
1.43,-1180.821984,13.3299027352775,44.9360476045887,1
1.44,-1180.687872,20.7810856705296,69.1532936015972,1
1.45,-1180.55376,20.7117113928966,68.9247617112333,1
1.46,-1180.419648,23.1330417430162,76.9162560052211,1
1.47,-1180.285536,28.8599049288767,95.8892747077348,1
1.48,-1180.151424,21.9051048520921,72.8599233016368,1
1.49,-1180.017312,32.4245785727197,107.720371157253,1
1.5,-1179.8832,27.9698325011748,92.9367785988672,1
1.51,-1179.749088,10.3448231722686,35.6393374704764,1
1.52,-1179.614976,26.1695102304901,86.9680408994175,1
1.53,-1179.480864,23.305878832465,77.4876854054344,1
1.54,-1179.346752,24.920962762577,82.832031603331,1
1.55,-1179.21264,30.4320808784501,101.10623924757,1
1.56,-1179.078528,18.9643154693151,63.1800629393487,1
1.57,-1178.944416,32.2494109700988,107.13881653985,1
1.58,-1178.810304,20.640132912485,68.6890009739493,1
1.59,-1178.676192,26.3616973089303,87.6049674585912,1
1.6,-1178.54208,16.120063136145,53.8979603289043,1
1.61,-1178.407968,28.5672262159307,94.9183230078376,1
1.62,-1178.273856,31.1737774431233,103.568053153086,1
1.63,-1178.139744,36.9885149594394,122.876072920807,1
1.64,-1178.005632,36.9839901907372,122.861044972509,1
1.65,-1177.87152,26.7146090939237,88.7747184799142,1
1.66,-1177.737408,26.3926780083196,87.7076466505307,1
1.67,-1177.603296,30.5215448275719,101.403165996017,1
1.68,-1177.469184,22.4240326007052,74.5733488658679,1
1.69,-1177.335072,32.6209819178852,108.372444147216,1
1.7,-1177.20096,36.0395945654097,119.724532265674,1
1.71,-1177.066848,39.7015927513129,131.887381598358,1
1.72,-1176.932736,25.679505167306,85.3444313386779,1
1.73,-1176.798624,15.583189457746,52.1597121913746,1
1.74,-1176.664512,27.0031045719472,89.7311080688141,1
1.75,-1176.5304,24.9352234913829,82.879252899077,1
1.76,-1176.396288,18.0154784080269,60.0721817953948,1
1.77,-1176.262176,17.9053168519818,59.711994061315,1
1.78,-1176.128064,23.8742645439747,79.36759118165,1
1.79,-1175.993952,28.9117099387304,96.0611450874217,1
1.8,-1175.85984,31.7502022656281,105.481527419637,1
1.81,-1175.725728,27.6030866320282,91.7205006143377,1
1.82,-1175.591616,29.1616508499079,96.8903954955667,1
1.83,-1175.457504,29.0067134718049,96.3763394346157,1
1.84,-1175.323392,20.5606631957831,68.4272875403985,1
1.85,-1175.18928,29.3020687772075,97.3562976856236,1
1.86,-1175.055168,25.7878998961334,85.7035516959588,1
1.87,-1174.921056,36.3537930244707,120.76802639215,1
1.88,-1174.786944,27.2331794782759,90.493919028989,1
1.89,-1174.652832,18.3028184494355,61.0123378888128,1
1.9,-1174.51872,24.314303745612,80.8236949986999,1
1.91,-1174.384608,19.8481002165703,66.0825982136909,1
1.92,-1174.250496,30.0744784501686,99.9194295847549,1
1.93,-1174.116384,24.1085186915461,80.1426744595448,1
1.94,-1173.982272,25.3974944727097,84.4102222663245,1
1.95,-1173.84816,26.145101263269,86.8871520215464,1
1.96,-1173.714048,31.8273442148003,105.737617790479,1
1.97,-1173.579936,34.8195412060671,115.672767165189,1
1.98,-1173.445824,30.9072268869462,102.683287751303,1
1.99,-1173.311712,24.0239513283587,79.8628449372229,1
2,-1173.1776,16.1009780815171,53.8360765423067,1
2.01,-1173.043488,31.2861238892966,103.940979012206,1
2.02,-1172.909376,30.2031147496158,100.346336627633,1
2.03,-1172.775264,16.3269822686673,54.5693117566805,1
2.04,-1172.641152,32.2743604159128,107.221647600303,1
2.05,-1172.50704,22.3360125648469,74.2826332708955,1
2.06,-1172.372928,19.0573807808548,63.485384953727,1
2.07,-1172.238816,31.7289459192998,105.410962640517,1
2.08,-1172.104704,21.8193712200655,72.576965255308,1
2.09,-1171.970592,38.6586536998356,128.423232460697,1
2.1,-1171.83648,24.3446947704052,80.9242806158516,1
2.11,-1171.702368,28.256106555578,93.8862939185118,1
2.12,-1171.568256,13.6688720851687,46.0139148790836,1
2.13,-1171.434144,21.0298436467118,69.9729944164838,1
2.14,-1171.300032,15.7314677422169,52.6392471011456,1
2.15,-1171.16592,20.6890229519746,68.8500283727127,1
2.16,-1171.031808,23.9183307076558,79.5133813792399,1
2.17,-1170.897696,6.73993731622221,25.1615695746928,1
2.18,-1170.763584,31.38280896623,104.261923841774,1
2.19,-1170.629472,17.0204097034276,56.8242753204915,1
2.2,-1170.49536,28.6541325530098,95.2066226171542,1
2.21,-1170.361248,29.6420941508769,98.4845631038086,1
2.22,-1170.227136,30.5781331175038,101.590982743146,1
2.23,-1170.093024,11.5168505226991,39.2412725934789,1
2.24,-1169.958912,26.9637006608506,89.6004727601319,1
2.25,-1169.8248,33.2011975790138,110.298892639306,1
2.26,-1169.690688,29.0396482235804,96.4856094809692,1
2.27,-1169.556576,34.4228699582619,114.355508477968,1
2.28,-1169.422464,26.8258329699721,89.1434205494852,1
2.29,-1169.288352,25.1876260798266,83.7151096944076,1
2.3,-1169.15424,23.113349342765,76.8511564134546,1
2.31,-1169.020128,36.6646849661758,121.800556355102,1
2.32,-1168.886016,22.8411896865811,75.9515944878026,1
2.33,-1168.751904,31.7458377432881,105.467038478267,1
2.34,-1168.617792,24.1514934446468,80.2848840469005,1
2.35,-1168.48368,30.3057682193468,100.687022765608,1
2.36,-1168.349568,30.0814857845526,99.9426846045346,1
2.37,-1168.215456,33.8713929537187,112.524246749667,1
2.38,-1168.081344,28.5900913664923,94.9941741742241,1
2.39,-1167.947232,27.7802689314212,92.308087623591,1
2.4,-1167.81312,33.0785410084661,109.891633982035,1
2.41,-1167.679008,38.2588758266138,127.095388531057,1
2.42,-1167.544896,19.7192978260741,65.6591765361463,1
2.43,-1167.410784,25.6479005638022,85.2397272987603,1
2.44,-1167.276672,22.2822019651738,74.1049225806567,1
2.45,-1167.14256,32.6131003568663,108.346276492119,1
2.46,-1167.008448,32.587773235864,108.262187822877,1
2.47,-1166.874336,35.0489578967058,116.434628289986,1
2.48,-1166.740224,40.5762936678574,134.792793278847,1
2.49,-1166.606112,27.6986153881372,92.03729614313,1
2.5,-1166.472,25.6670409110102,85.3031378046243,1
2.51,-1166.337888,33.8033424687444,112.298281323757,1
2.52,-1166.203776,35.0497862358877,116.437379113133,1
2.53,-1166.069664,37.0410917259371,123.050694435348,1
2.54,-1165.935552,17.4930174434887,58.3652487796875,1
2.55,-1165.80144,24.5745779271233,81.6852105257477,1
2.56,-1165.667328,41.3502338164593,137.363560591726,1
2.57,-1165.533216,38.7553893704014,128.74453812871,1
2.58,-1165.399104,37.8954665729451,125.888357108482,1
2.59,-1165.264992,22.8020897058909,75.8223819124614,1
2.6,-1165.13088,30.0449051177325,99.8212859050303,1
2.61,-1164.996768,33.5086094078966,111.319621099152,1
2.62,-1164.862656,28.5978054776948,95.019764523179,1
2.63,-1164.728544,33.1358148604653,110.081800613645,1
2.64,-1164.594432,33.2173575516527,110.352549279534,1
2.65,-1164.46032,41.7569651820304,138.714598434595,1
2.66,-1164.326208,34.9001142924142,115.940337774393,1
2.67,-1164.192096,33.592266489871,111.597401261063,1
2.68,-1164.057984,32.6082485622244,108.330168009726,1
2.69,-1163.923872,23.9721412605154,79.6914183897299,1
2.7,-1163.78976,25.042787895836,83.2354448546206,1
2.71,-1163.655648,43.6087293400044,144.865691657889,1
2.72,-1163.521536,26.1946926142086,87.0514939504368,1
2.73,-1163.387424,30.7742037055554,102.24175814342,1
2.74,-1163.253312,33.4947842211506,111.27371532024,1
2.75,-1163.1192,36.8073772464762,122.274469361761,1
2.76,-1162.985088,30.0035799517711,99.6841430551551,1
2.77,-1162.850976,23.73569052902,78.9091671887139,1
2.78,-1162.716864,18.6783199336405,62.2423099603619,1
2.79,-1162.582752,27.2898129728724,90.6816986474742,1
2.8,-1162.44864,34.6691439041865,115.173325664757,1
2.81,-1162.314528,19.4946019970079,64.9208368197347,1
2.82,-1162.180416,35.2421551170858,117.076219346404,1
2.83,-1162.046304,19.3045903839362,64.2967980524105,1
2.84,-1161.912192,25.664101344422,85.2933991962132,1
2.85,-1161.77808,21.1416272655182,70.3414618545669,1
2.86,-1161.643968,19.9755183660054,66.501596061119,1
2.87,-1161.509856,25.1460223688922,83.5773244553643,1
2.88,-1161.375744,24.0080150255772,79.8101148365635,1
2.89,-1161.241632,21.5840893991749,71.800623222845,1
2.9,-1161.10752,14.7456109594447,49.4596677498578,2
2.91,-1160.973408,26.5804095408975,88.3298798651411,1
2.92,-1160.839296,16.6900216462944,55.7489382266111,1
2.93,-1160.705184,19.7317402708794,65.7000737884465,1
2.94,-1160.571072,12.5986489279485,42.6238417890882,1
2.95,-1160.43696,5.96700027179498,23.0770138592802,1
2.96,-1160.302848,22.1621189825945,73.7083927893775,1
2.97,-1160.168736,17.6635930545025,58.9221615884532,1
2.98,-1160.034624,33.9794396361132,112.883024749518,1
2.99,-1159.900512,28.2208459041562,93.7693360319108,1
3,-1159.7664,12.547399159375,42.4625146163691,1
3.01,-1159.632288,11.5599041250095,39.3749155705019,1
3.02,-1159.498176,16.1442885685519,53.976521263379,1
3.03,-1159.364064,22.7458748334466,75.6366209006508,1
3.04,-1159.229952,14.2727226582049,47.9425088666235,1
3.05,-1159.09584,8.80977325169317,31.0481733401284,1
3.06,-1158.961728,12.7939872142681,43.2396406209447,1
3.07,-1158.827616,7.48353915575579,27.2293361245998,2
3.08,-1158.693504,15.4443040380257,51.710953100443,1
3.09,-1158.559392,21.22802756887,70.6263090652336,1
3.1,-1158.42528,21.4605422452922,71.3930789618984,1
3.11,-1158.291168,9.83767915169857,34.1049591700472,1
3.12,-1158.157056,8.13493389696494,29.0856066193046,1
3.13,-1158.022944,14.5080459804008,48.696786048183,1
3.14,-1157.888832,34.6623502623397,115.150765379991,1
3.15,-1157.75472,18.4854995566368,61.6105325900991,1
3.16,-1157.620608,13.6532677293754,45.9642174133359,1
3.17,-1157.486496,13.7165028234927,46.1656568280489,1
3.18,-1157.352384,10.8490401270476,37.179968428665,1
3.19,-1157.218272,20.022394433521,66.6557728411114,1
3.2,-1157.08416,27.6070885763982,91.7337717501841,1
3.21,-1156.950048,14.6901899836934,49.2815731026507,1
3.22,-1156.815936,1.61046066495907,12.9214890674095,2
3.23,-1156.681824,20.9044372240303,69.5597111690182,1
3.24,-1156.547712,10.3341317324122,35.606827801549,1
3.25,-1156.4136,5.88306246375282,22.8549342148258,1
3.26,-1156.279488,28.644501432148,95.1746723318647,1
3.27,-1156.145376,2.84270820912085,15.4808704086169,1
3.28,-1156.011264,24.2043881273073,80.4599274897183,1
3.29,-1155.877152,26.5998208935983,88.3942218971386,1
3.3,-1155.74304,20.1604827511841,67.110044052032,1
3.31,-1155.608928,14.8261098642457,49.7184811435066,1
3.32,-1155.474816,0.138435689335254,10.2317689906151,2
3.33,-1155.340704,20.5860819138757,68.5109931639814,1
3.34,-1155.206592,3.67672201346025,17.3625740449862,1
3.35,-1155.07248,22.5176331302258,74.8825326765817,1
3.36,-1154.938368,25.7612099644596,85.6151236187174,1
3.37,-1154.804256,23.8947930629831,79.4355077792187,1
3.38,-1154.670144,19.2406385385792,64.0868370732598,1
3.39,-1154.536032,15.5937831564306,52.1939579850824,1
3.4,-1154.40192,22.6891093867569,75.4490534235928,1
3.41,-1154.267808,13.4922371890779,45.4517955227619,1
3.42,-1154.133696,15.6492972736488,52.373452625238,1
3.43,-1153.999584,22.276708113907,74.0867797413365,1
3.44,-1153.865472,12.5553948619384,42.4876774049352,1
3.45,-1153.73136,26.432337355314,87.8390918908373,1
3.46,-1153.597248,15.7274674757562,52.6263045025176,1
3.47,-1153.463136,15.1520200666428,50.767856260364,1
3.48,-1153.329024,23.8729688323224,79.3633044902557,1
3.49,-1153.194912,10.1757559727828,35.126053387991,1
3.5,-1153.0608,24.8465961558384,82.5857908937291,1
3.51,-1152.926688,21.2788264912641,70.7938043787711,1
3.52,-1152.792576,18.3520127122899,61.173390527638,1
3.53,-1152.658464,30.4922153212084,101.305822105484,1
3.54,-1152.524352,18.9552759316552,63.1504110127225,1
3.55,-1152.39024,27.0765105720528,89.9744763641434,1
3.56,-1152.256128,19.8039439846752,65.9374254569598,1
3.57,-1152.122016,22.2251517735936,73.9165272046426,1
3.58,-1151.987904,30.8112299912326,102.36465440952,1
3.59,-1151.853792,17.9948226338867,60.0046340900391,1
3.6,-1151.71968,14.95404996578,50.1301371202779,1
3.61,-1151.585568,18.094905919115,60.3319688675392,1
3.62,-1151.451456,20.2674182192808,67.4619262332522,1
3.63,-1151.317344,16.3793376535448,54.7392962123437,1
3.64,-1151.183232,21.9554878472354,73.0262257086069,1
3.65,-1151.04912,5.81046202980866,22.6635588848319,1
3.66,-1150.915008,16.9626442269495,56.6361436390583,1
3.67,-1150.780896,17.7101935306002,59.0743722858503,1
3.68,-1150.646784,22.9242802489599,76.2262013774117,1
3.69,-1150.512672,9.08002749160256,31.8444061815207,1
3.7,-1150.37856,26.7626000435667,88.9338038535541,1
3.71,-1150.244448,12.8555818006018,43.4341057333077,1
3.72,-1150.110336,19.5163823675847,64.992387842783,1
3.73,-1149.976224,12.1562760679511,41.2346948673363,1
3.74,-1149.842112,12.0206511365982,40.810391463907,1
3.75,-1149.708,20.8560370166098,69.4002313795647,1
3.76,-1149.573888,6.71245917881538,25.086287432937,1
3.77,-1149.439776,14.3284270416548,48.1209268033011,1
3.78,-1149.305664,22.88576165644,76.098897522787,1
3.79,-1149.171552,27.13491285793,90.1681075011648,1
3.8,-1149.03744,19.5597761505211,65.1349532173867,1
3.81,-1148.903328,13.8669282544668,46.6453243230556,1
3.82,-1148.769216,21.4749745439908,71.4406825017917,1
3.83,-1148.635104,11.4429850935608,39.0121900853842,1
3.84,-1148.500992,18.9167373599407,63.0240036507117,1
3.85,-1148.36688,18.9981925680232,63.2911950988181,1
3.86,-1148.232768,16.4367592982097,54.9257825129541,1
3.87,-1148.098656,18.067769299722,60.243203701506,1
3.88,-1147.964544,12.5949914985055,42.6123254072772,1
3.89,-1147.830432,25.710062402848,85.4456674693309,1
3.9,-1147.69632,21.9261118540165,72.9292609755259,1
3.91,-1147.562208,30.0259858918373,99.7584998727264,1
3.92,-1147.428096,27.4022105095176,91.0543884958226,1
3.93,-1147.293984,21.5951469980752,71.8371027902528,1
3.94,-1147.159872,31.1376135661896,103.448011349278,1
3.95,-1147.02576,4.26734489000416,18.7631959082621,1
3.96,-1146.891648,27.8482053689392,92.5333948870535,1
3.97,-1146.757536,16.5024157613255,55.1390798301697,1
3.98,-1146.623424,14.2101689654644,47.7422513244339,1
3.99,-1146.489312,17.9194038643251,59.7580453610589,1
4,-1146.3552,2.34798620265563,14.420740286694,1
4.01,-1146.221088,25.089919240562,83.3915257031606,1
4.02,-1146.086976,31.4155506308866,104.370610545856,1
4.03,-1145.952864,23.6218016896953,78.5324515749117,1
4.04,-1145.818752,21.2050081357673,70.5504137039928,1
4.05,-1145.68464,29.9653039447351,99.5571203909568,1
4.06,-1145.550528,37.1464367763808,123.400574797142,1
4.07,-1145.416416,19.3638766635987,64.4914735144181,1
4.08,-1145.282304,37.148958069366,123.408948736191,1
4.09,-1145.148192,30.0764756431772,99.926057602498,1
4.1,-1145.01408,30.4787199880329,101.261031632428,1
4.11,-1144.879968,28.1906611279528,93.6692157137162,1
4.12,-1144.745856,21.556650077425,71.7101023090562,1
4.13,-1144.611744,30.9967458868753,102.98042477979,1
4.14,-1144.477632,12.3066058632182,41.7058908305828,1
4.15,-1144.34352,26.3268481262951,87.4894689891675,1
4.16,-1144.209408,36.8496815318671,122.414971992865,1
4.17,-1144.075296,27.2320143912351,90.4900559994244,1
4.18,-1143.941184,22.1529710406952,73.6781877753323,1
4.19,-1143.807072,24.3390799371573,80.9056969257654,1
4.2,-1143.67296,16.6679832874601,55.6772680914362,1
4.21,-1143.538848,23.6325444303027,78.5679840492714,1
4.22,-1143.404736,26.3081671612775,87.4275567193648,1
4.23,-1143.270624,3.69684646640448,17.4093931035994,1
4.24,-1143.136512,25.5736840468457,84.9938608658411,1
4.25,-1143.0024,29.4047073712844,97.6968604680173,1
4.26,-1142.868288,29.4415352462085,97.8190604605998,1
4.27,-1142.734176,22.8244311690136,75.896212359635,1
4.28,-1142.600064,26.5069553513222,88.0864099418851,1
4.29,-1142.465952,24.0297761953211,79.8821184702645,1
4.3,-1142.33184,16.5496516966971,55.2925783293747,1
4.31,-1142.197728,29.7759291603492,98.9286784713413,1
4.32,-1142.063616,31.4709597852435,104.554543844184,1
4.33,-1141.929504,17.8679257297882,59.5897717770386,1
4.34,-1141.795392,33.4599301646031,111.157984615947,1
4.35,-1141.66128,31.820085887569,105.713521982577,1
4.36,-1141.527168,25.5100242162086,84.7829761446349,1
4.37,-1141.393056,25.2428616841978,83.8980478680353,1
4.38,-1141.258944,28.3615827349948,94.2361617499875,1
4.39,-1141.124832,24.6760559628595,82.0211551642868,1
4.4,-1140.99072,20.7086248334137,68.9145947153742,1
4.41,-1140.856608,23.7645700893884,79.0047001638057,1
4.42,-1140.722496,20.8606744835135,69.4155113145067,1
4.43,-1140.588384,23.8601003869645,79.3207312168663,1
4.44,-1140.454272,22.1300397361377,73.6024740377315,1
4.45,-1140.32016,22.2857386325664,74.1166021069662,1
4.46,-1140.186048,25.9534940558608,86.2522236499833,1
4.47,-1140.051936,31.1142296505298,103.370391556538,1
4.48,-1139.917824,26.2819718106598,87.340741394666,1
4.49,-1139.783712,34.6341739187834,115.057197677607,1
4.5,-1139.6496,25.6557958863135,85.2658838063627,1
4.51,-1139.515488,33.435443462869,111.076678311864,1
4.52,-1139.381376,37.4292030391983,124.339728589148,1
4.53,-1139.247264,16.1588744163638,54.0238268952044,1
4.54,-1139.113152,13.1446658248831,44.348583280962,1
4.55,-1138.97904,21.1864682523795,70.489289673262,1
4.56,-1138.844928,25.670666502473,85.3151491969957,1
4.57,-1138.710816,23.0321013753075,76.582580243193,1
4.58,-1138.576704,31.611682434121,105.02168677055,1
4.59,-1138.442592,37.3939201123585,124.222542510935,1
4.6,-1138.30848,23.3502263318669,77.634323146491,1
4.61,-1138.174368,34.3014312996227,113.952245688318,1
4.62,-1138.040256,32.0425761393732,106.452145082096,1
4.63,-1137.906144,16.5320162181199,55.2352656031971,1
4.64,-1137.772032,28.4154667048693,94.4149013807947,1
4.65,-1137.63792,20.1875931017658,67.1992457090001,1
4.66,-1137.503808,12.6569608429231,42.8075202459485,1
4.67,-1137.369696,10.4160741507934,35.8561638843452,1
4.68,-1137.235584,18.2616197732593,60.8774817086304,1
4.69,-1137.101472,17.1406928155202,57.2161712753025,1
4.7,-1136.96736,26.210821200953,87.104943819861,1
4.71,-1136.833248,15.503771231256,51.9030522479088,1
4.72,-1136.699136,24.0970946404116,80.104871558502,1
4.73,-1136.565024,16.0290876046426,53.6030285066548,1
4.74,-1136.430912,18.894767359234,62.9519479180447,1
4.75,-1136.2968,17.0570119900202,56.94350759233,1
4.76,-1136.162688,16.0691353604132,53.7328402040464,1
4.77,-1136.028576,9.45953313790754,32.971693655323,1
4.78,-1135.894464,34.1684960118127,113.51081071062,1
4.79,-1135.760352,12.4109797831181,42.0335769454855,1
4.8,-1135.62624,1.55138536113985,12.8057025861738,1
4.81,-1135.492128,9.89380255341011,34.2739656923136,1
4.82,-1135.358016,18.5271689417833,61.7470300168143,1
4.83,-1135.223904,16.771906431695,56.0152992745633,1
4.84,-1135.089792,20.1388874065702,67.0389923164252,1
4.85,-1134.95568,25.2818769509966,84.0272691000156,1
4.86,-1134.821568,7.65004854828347,27.7000383146601,1
4.87,-1134.687456,18.0727718393424,60.2595666062113,1
4.88,-1134.553344,7.1088120804639,26.1801087314415,1
4.89,-1134.419232,28.2236674132625,93.7786947896348,1
4.9,-1134.28512,18.0667363423408,60.2398250170603,1
4.91,-1134.151008,19.6472158734566,65.422273765451,1
4.92,-1134.016896,32.0795743970193,106.574974215719,1
4.93,-1133.882784,15.6260992458971,52.2984386474458,1
4.94,-1133.748672,19.942047224855,66.3915186109165,1
4.95,-1133.61456,25.5989245736488,85.0774770551234,1
4.96,-1133.480448,12.7523783442493,43.1083517840761,1
4.97,-1133.346336,24.1046921841427,80.1300122638872,1
4.98,-1133.212224,14.1843025474759,47.6594740558347,1
4.99,-1133.078112,20.0453075764375,66.7311408253244,1
5,-1132.944,6.38198131396928,24.1875260862677,2
5.01,-1132.809888,16.4325626568284,54.9121513613823,1
5.02,-1132.675776,10.1038963881982,34.908415455543,1
5.03,-1132.541664,17.3060838788909,57.7553688837743,1
5.04,-1132.407552,15.2194959131963,50.9854143771165,1
5.05,-1132.27344,17.5819351824485,58.6555097274158,1
5.06,-1132.139328,1.66525755711118,13.0294665333761,2
5.07,-1132.005216,29.4943437673241,97.9942885034495,1
5.08,-1131.871104,26.73894706692,88.8553960506258,1
5.09,-1131.736992,21.4606409647817,71.3934045747691,1
5.1,-1131.60288,39.8517544858158,132.386155571042,1
5.11,-1131.468768,18.1742627249251,60.5915971452743,1
5.12,-1131.334656,6.45239663624978,24.3779818707171,1
5.13,-1131.200544,27.8836815604412,92.6510519241644,1
5.14,-1131.066432,39.7084525849763,131.910167033849,1
5.15,-1130.93232,18.2556890539401,60.8580701499811,1
5.16,-1130.798208,14.0027506448383,47.0789903373809,1
5.17,-1130.664096,17.080570736203,57.0202606920685,1
5.18,-1130.529984,20.7132514767876,68.9298347049142,1
5.19,-1130.395872,16.8343801470615,56.2185881951394,1
5.2,-1130.26176,16.939934017464,56.5621940876554,1
5.21,-1130.127648,27.3940062490957,91.027184058142,1
5.22,-1129.993536,31.436655127573,104.440667718467,1
5.23,-1129.859424,20.6016176962562,68.5621556773639,1
5.24,-1129.725312,8.54592613816995,30.2763525844288,1
5.25,-1129.5912,13.280514672026,44.7793065863423,1
5.26,-1129.457088,22.6558811307712,75.3392648931388,1
5.27,-1129.322976,6.13569300458462,23.5259520107404,1
5.28,-1129.188864,15.4029900694015,51.5775379229934,1
5.29,-1129.054752,22.7621065052014,75.6902568634612,1
5.3,-1128.92064,21.9483507126202,73.0026669610747,1
5.31,-1128.786528,25.2973496353319,84.0785166403709,1
5.32,-1128.652416,16.317198573743,54.537551775006,1
5.33,-1128.518304,21.9471985152946,72.9988637314757,1
5.34,-1128.384192,19.1128822011808,63.6675083746243,1
5.35,-1128.25008,16.5279766811155,55.2221384101616,1
5.36,-1128.115968,25.0274150862385,83.1845371749249,1
5.37,-1127.981856,25.0626762575519,83.3013068017943,1
5.38,-1127.847744,13.3188122717918,44.9008433023766,1
5.39,-1127.713632,11.932899197498,40.5362744468305,1
5.4,-1127.57952,16.3052900787968,54.4988964377703,1
5.41,-1127.445408,22.5232260067061,74.9010084010427,1
5.42,-1127.311296,26.2802188442621,87.3349318446664,1
5.43,-1127.177184,19.894371297446,66.2347402060005,1
5.44,-1127.043072,27.684243248901,91.9896340318268,1
5.45,-1126.90896,11.7022510794604,39.8173874294585,1
5.46,-1126.774848,2.46489729815703,14.6673885107286,1
5.47,-1126.640736,24.3639946601551,80.9881590819412,1
5.48,-1126.506624,25.5410597187359,84.8857857939823,1
5.49,-1126.372512,9.91692781987772,34.3436628970876,1
5.5,-1126.2384,22.4363571631478,74.6140575450601,1
5.51,-1126.104288,24.2368803703787,80.5674575039615,1
5.52,-1125.970176,19.9337923425097,66.3643718612302,1
5.53,-1125.836064,10.6268954896183,36.4994431272155,1
5.54,-1125.701952,23.718903795951,78.853638259509,1
5.55,-1125.56784,21.2890618613293,70.8275544228901,1
5.56,-1125.433728,32.2677058901374,107.199554840413,1
5.57,-1125.299616,25.30673002262,84.1095859634102,1
5.58,-1125.165504,18.8140756771635,62.6873407642754,1
5.59,-1125.031392,26.4280314566437,87.8248204725604,1
5.6,-1124.89728,10.3896356884773,35.7756732335696,1
5.61,-1124.763168,17.53404026966,58.4991499195781,1
5.62,-1124.629056,37.1601716060305,123.446192127463,1
5.63,-1124.494944,21.6482177205826,72.0121946001986,1
5.64,-1124.360832,23.4503867768788,77.9655350857309,1
5.65,-1124.22672,28.4165331022671,94.4184387819731,1
5.66,-1124.092608,24.5021796873861,81.4455516492132,1
5.67,-1123.958496,27.5105130978201,91.4135168101626,1
5.68,-1123.824384,21.2802192199899,70.7983967190695,1
5.69,-1123.690272,18.9702769020882,63.1996183415422,1
5.7,-1123.55616,29.6745834122494,98.5923734592888,1
5.71,-1123.422048,39.7436176083812,132.026970272133,1
5.72,-1123.287936,32.3714893320067,107.544113988963,1
5.73,-1123.153824,29.531604489988,98.1179276329048,1
5.74,-1123.019712,19.5935806545012,65.2460249113757,1
5.75,-1122.8856,21.6782239390791,72.111198061007,1
5.76,-1122.751488,27.8431342843789,92.5165767280068,1
5.77,-1122.617376,31.9754780403573,106.229390280197,1
5.78,-1122.483264,38.5678189905616,128.121527608851,1
5.79,-1122.349152,8.88099380668157,31.2574601047617,1
5.8,-1122.21504,25.551225730969,84.9194626444528,1
5.81,-1122.080928,24.0178872886615,79.842780128989,1
5.82,-1121.946816,22.4024543038996,74.5020761985205,1
5.83,-1121.812704,40.1626293705306,133.418756473332,1
5.84,-1121.678592,15.6022452904037,52.2213147724708,1
5.85,-1121.54448,28.4906313096693,94.6642367650037,1
5.86,-1121.410368,30.4992767202573,101.329258657053,1
5.87,-1121.276256,19.2121407725209,63.9932874458689,1
5.88,-1121.142144,19.6230256036096,65.3427800405511,1
5.89,-1121.008032,0.968347825878403,11.6978616787149,2
5.9,-1120.87392,31.6477196916383,105.141317748197,1
5.91,-1120.739808,22.3483689275714,74.3234422414358,1
5.92,-1120.605696,36.3223385465377,120.663561153581,1
5.93,-1120.471584,29.5544468475611,98.1937240955371,1
5.94,-1120.337472,25.9481721043666,86.234589309581,1
5.95,-1120.20336,35.6438747056962,118.41032183102,1
5.96,-1120.069248,23.822452533772,79.1961820532581,1
5.97,-1119.935136,27.8454825184912,92.5243645994203,1
5.98,-1119.801024,34.4380356037406,114.405869504535,1
5.99,-1119.666912,29.0124769689754,96.3954613378672,1
6,-1119.5328,16.0612444389285,53.7072601006162,1
6.01,-1119.398688,31.037591420453,103.116003435881,1
6.02,-1119.264576,28.0966512977741,93.3573999420526,1
6.03,-1119.130464,24.0806065490246,80.0503121111264,1
6.04,-1118.996352,32.4613970709185,107.842609912385,1
6.05,-1118.86224,28.5622832011489,94.9019254874822,1
6.06,-1118.728128,13.4715900655956,45.3861517041307,1
6.07,-1118.594016,38.401846631523,127.570257512534,1
6.08,-1118.459904,18.1413634321485,60.483953224337,1
6.09,-1118.325792,28.2194578889853,93.7647320814202,1
6.1,-1118.19168,32.5468262605879,108.126240189011,1
6.11,-1118.057568,25.9378657691949,86.2004393190302,1
6.12,-1117.923456,34.6750069601572,115.192795675252,1
6.13,-1117.789344,29.0916506827302,96.6581439604064,1
6.14,-1117.655232,29.5513877283851,98.1835731731879,1
6.15,-1117.52112,34.9804806432077,116.207223446884,1
6.16,-1117.387008,30.6464475779878,101.817721543522,1
6.17,-1117.252896,32.5689672794993,108.199750271406,1
6.18,-1117.118784,26.039533438604,86.5373235674047,1
6.19,-1116.984672,36.4811341510321,121.190947957729,1
6.2,-1116.85056,38.4545884060231,127.74543673775,1
6.21,-1116.716448,30.5385316357881,101.4595450499,1
6.22,-1116.582336,23.650644641308,78.6278528029613,1
6.23,-1116.448224,36.3596927674959,120.787620380601,1
6.24,-1116.314112,33.068185055463,109.857249195359,1
6.25,-1116.18,27.1631882998662,90.2618557442282,1
6.26,-1116.045888,37.4241916325696,124.323084066917,1
6.27,-1115.911776,35.9186935065795,119.323008988515,1
6.28,-1115.777664,30.0667601802531,99.8938152482793,1
6.29,-1115.643552,30.5126314851531,101.373582775955,1
6.3,-1115.50944,26.6183360942654,88.4555940750006,1
6.31,-1115.375328,31.451343080234,104.489425075511,1
6.32,-1115.241216,36.8697800627563,122.481724111286,1
6.33,-1115.107104,37.7632745240124,125.449297004729,1
6.34,-1114.972992,35.1068891212232,116.627011896638,1
6.35,-1114.83888,30.9507496997628,102.827750762707,1
6.36,-1114.704768,10.0641257350723,34.7881011659277,1
6.37,-1114.570656,39.5556749129968,131.402705828602,1
6.38,-1114.436544,39.5309586861028,131.320609420045,1
6.39,-1114.302432,32.7211756645299,108.705100724339,1
6.4,-1114.16832,36.7454310286617,122.068731699665,1
6.41,-1114.034208,43.3536137512805,144.018254039844,1
6.42,-1113.900096,40.2216683479594,133.614860949283,1
6.43,-1113.765984,41.2218409771828,136.937080530117,1
6.44,-1113.631872,39.6010220082563,131.553329020243,1
6.45,-1113.49776,26.8846061219806,89.3382587996074,1
6.46,-1113.363648,46.1217674256046,153.213547361757,1
6.47,-1113.229536,18.0577680341472,60.2104912347878,1
6.48,-1113.095424,50.9823957808099,169.359967951287,1
6.49,-1112.961312,32.763767424185,108.846512283599,1
6.5,-1112.8272,40.9830404314932,136.143863834692,1
6.51,-1112.693088,37.339727210984,124.042550593838,1
6.52,-1112.558976,42.9186904796391,142.573540406419,1
6.53,-1112.424864,38.8863650583524,129.179572870374,1
6.54,-1112.290752,43.1871145597423,143.46518174556,1
6.55,-1112.15664,42.3057684206225,140.537569061532,1
6.56,-1112.022528,45.5545084036481,151.329202844543,1
6.57,-1111.888416,39.6667393233397,131.771613466892,1
6.58,-1111.754304,38.301947326736,127.238447701657,1
6.59,-1111.620192,44.9581460596348,149.348189120378,1
6.6,-1111.48608,47.2349797474309,156.911478976465,1
6.61,-1111.351968,45.1181651033382,149.879744214216,1
6.62,-1111.217856,45.7365947811997,151.934064211175,1
6.63,-1111.083744,49.8236693386912,165.510797213415,1
6.64,-1110.949632,38.1026596585457,126.576528538909,1
6.65,-1110.81552,51.885954610283,172.361503799598,1
6.66,-1110.681408,48.3662430295826,160.669391722675,1
6.67,-1110.547296,34.6877709370786,115.235182264656,1
6.68,-1110.413184,48.8337983901034,162.222555560822,1
6.69,-1110.279072,36.8111873976843,122.287123771868,1
6.7,-1110.14496,53.7857243403925,178.672369129646,1
6.71,-1110.010848,32.0997750021568,106.64203772397,1
6.72,-1109.876736,49.3948660380286,164.086359073455,1
6.73,-1109.742624,44.6167280710488,148.214060785004,1
6.74,-1109.608512,50.6269960632857,168.179365456677,1
6.75,-1109.4744,45.5779575932295,151.407097204079,1
6.76,-1109.340288,53.5010974396075,177.726863118333,1
6.77,-1109.206176,36.6049163406337,121.602052360399,1
6.78,-1109.072064,44.6448692947829,148.307540688357,1
6.79,-1108.937952,36.0015510083549,119.598185891556,1
6.8,-1108.80384,43.397912556862,144.165404722921,1
6.81,-1108.669728,49.2242970684586,163.519747864181,1
6.82,-1108.535616,36.5919075533831,121.558847560191,1
6.83,-1108.401504,39.287699405605,130.512612165349,1
6.84,-1108.267392,43.3456076810954,143.99165968015,1
6.85,-1108.13328,49.0362467491572,162.895065857723,1
6.86,-1107.999168,43.4488781122291,144.334700936366,1
6.87,-1107.865056,48.4897910114399,161.079803340369,1
6.88,-1107.730944,51.8314168676036,172.180334520875,1
6.89,-1107.596832,40.1251136984541,133.294144163482,1
6.9,-1107.46272,37.3620849700188,124.116807795493,1
6.91,-1107.328608,40.3787981404718,134.136786112643,1
6.92,-1107.194496,52.525531835726,174.486120556927,1
6.93,-1107.060384,32.0305861733991,106.412340181812,1
6.94,-1106.926272,56.1458692089328,186.51257537888,1
6.95,-1106.79216,57.0564163062264,189.53734073525,1
6.96,-1106.658048,39.1640646561143,130.101955497599,1
6.97,-1106.523936,42.6386485860436,141.643310440367,1
6.98,-1106.389824,49.000319887311,162.775720902151,1
6.99,-1106.255712,40.6972760326791,135.194653289071,1
7,-1106.1216,49.7112118882529,165.137225590647,1
7.01,-1105.987488,53.6368367682111,178.177777425094,1
7.02,-1105.853376,56.515853315768,187.741633116382,1
7.03,-1105.719264,44.5687906119041,148.054821523327,1
7.04,-1105.585152,34.3785540710185,114.208347709403,1
7.05,-1105.45104,50.9267219416452,169.175024945331,1
7.06,-1105.316928,50.2957568670964,167.079022561547,1
7.07,-1105.182816,43.479111582526,144.435129827403,1
7.08,-1105.048704,49.7713917913029,165.337136779508,1
7.09,-1104.914592,43.5242821727951,144.585176580526,1
7.1,-1104.78048,41.9987260670404,139.517658588934,1
7.11,-1104.646368,40.7156778881016,135.255777734813,1
7.12,-1104.512256,46.1775794934347,153.398946538631,1
7.13,-1104.378144,36.4349335468624,121.037507557472,1
7.14,-1104.244032,44.9543274883931,149.335504506473,1
7.15,-1104.10992,47.2352321728375,156.912317499666,1
7.16,-1103.975808,38.2336783615329,127.011696896882,1
7.17,-1103.841696,23.7950607861031,79.1055656289651,1
7.18,-1103.707584,39.5327018721288,131.326399513765,1
7.19,-1103.573472,47.9385408830272,159.248617695891,1
7.2,-1103.43936,41.4155850611923,137.580636939694,1
7.21,-1103.305248,39.6236704804939,131.628557391255,1
7.22,-1103.171136,42.2544178426979,140.366996224312,1
7.23,-1103.037024,39.3041642643299,130.567300810744,1
7.24,-1102.902912,43.1787023924231,143.437238473326,1
7.25,-1102.7688,43.1026219344008,143.184516924923,1
7.26,-1102.634688,50.358876074148,167.288698084225,1
7.27,-1102.500576,46.6414076391562,154.939715050469,1
7.28,-1102.366464,56.1559903491542,186.546196997365,1
7.29,-1102.232352,38.3700573534876,127.464671128069,1
7.3,-1102.09824,32.4976540160655,107.962984865214,1
7.31,-1101.964128,39.4808397131698,131.154136449096,1
7.32,-1101.830016,26.7380093281927,88.8522875372635,1
7.33,-1101.695904,47.8497789904437,158.953761859682,1
7.34,-1101.561792,39.4657627796266,131.104057613564,1
7.35,-1101.42768,37.0253584533753,122.998439981881,1
7.36,-1101.293568,44.4600586033451,147.693634382524,1
7.37,-1101.159456,45.3693037196364,150.713983694736,1
7.38,-1101.025344,26.8578486728288,89.2495547920122,1
7.39,-1100.891232,48.6487434625719,161.607824612641,1
7.4,-1100.75712,45.8749346618113,152.393607275531,1
7.41,-1100.623008,38.8144134186572,128.940585838558,1
7.42,-1100.488896,44.8602653601067,149.023046974006,1
7.43,-1100.354784,52.8524077529593,175.571973002344,1
7.44,-1100.220672,45.733028781009,151.92221853124,1
7.45,-1100.08656,36.7450582150066,122.067493501488,1
7.46,-1099.952448,36.8640821762246,122.462800035268,1
7.47,-1099.818336,34.57438262267,114.858644069826,1
7.48,-1099.684224,44.5632311289646,148.036353966126,1
7.49,-1099.550112,42.8077527689942,142.205032369247,1
7.5,-1099.416,48.0976635847886,159.777203526266,1
7.51,-1099.281888,39.9734716580257,132.790450012498,1
7.52,-1099.147776,43.5864175743195,144.791576813655,1
7.53,-1099.013664,54.7408082884699,181.845077417915,1
7.54,-1098.879552,51.9718722404512,172.646914158533,1
7.55,-1098.74544,37.2641512384508,123.791539367583,1
7.56,-1098.611328,52.5883500203516,174.694796891107,1
7.57,-1098.477216,40.5155521772437,134.591032207629,1
7.58,-1098.343104,52.3238616456388,173.816190520105,1
7.59,-1098.208992,52.9952485413394,176.046477410017,1
7.6,-1098.07488,52.0644145074238,172.954330983535,1
7.61,-1097.940768,50.0711105150397,166.33277068792,1
7.62,-1097.806656,32.2580529812496,107.167507603984,1
7.63,-1097.672544,49.9930893892718,166.073592690966,1
7.64,-1097.538432,47.7598509750458,158.655032411084,1
7.65,-1097.40432,47.4097661453337,157.492096065494,1
7.66,-1097.270208,49.204146384593,163.452809543462,1
7.67,-1097.136096,42.8499339475254,142.345147906564,1
7.68,-1097.001984,37.3878555462581,124.202400131432,1
7.69,-1096.867872,36.9482382800813,122.742303573726,1
7.7,-1096.73376,47.1755816245587,156.714166438486,1
7.71,-1096.599648,39.6060771826305,131.570120106419,1
7.72,-1096.465536,41.642440264115,138.334180614114,1
7.73,-1096.331424,55.2990527393425,183.699519501654,1
7.74,-1096.197312,47.7024979896084,158.464513129797,1
7.75,-1096.0632,52.1589062188923,173.268223724301,1
7.76,-1095.929088,37.32123253985,123.981123984376,1
7.77,-1095.794976,48.0213109526669,159.523569537695,1
7.78,-1095.660864,65.1097885900262,216.2900404177,1
7.79,-1095.526752,54.6249458372644,181.460191995466,1
7.8,-1095.39264,51.3064337532354,170.436390523096,1
7.81,-1095.258528,53.7733155177417,178.631148085708,1
7.82,-1095.124416,45.4625424146797,151.023707035332,1
7.83,-1094.990304,52.8958818733291,175.716390159116,1
7.84,-1094.856192,44.7064506580377,148.5121025786,1
7.85,-1094.72208,60.9204273324397,202.373290779809,1
7.86,-1094.587968,52.8659116936453,175.616831890063,1
7.87,-1094.453856,49.7904652437658,165.40049675073,1
7.88,-1094.319744,50.5638750561093,167.969683837747,1
7.89,-1094.185632,62.2418225537152,206.762867627962,1
7.9,-1094.05152,48.064002351034,159.665385067675,1
7.91,-1093.917408,42.4125207886947,140.892172153566,1
7.92,-1093.783296,53.8909058099369,179.021772964588,1
7.93,-1093.649184,40.3059803754846,133.89491308724,1
7.94,-1093.515072,48.3800823758136,160.715364367108,1
7.95,-1093.38096,46.5783350915897,154.730197156077,1
7.96,-1093.246848,47.369113110962,157.357052071861,1
7.97,-1093.112736,50.4821731322859,167.698278327741,1
7.98,-1092.978624,47.1585393773482,156.657554405611,1
7.99,-1092.844512,53.5953109233321,178.039832154257,1
8,-1092.7104,45.0494136259106,149.65136383388,1
8.01,-1092.576288,46.5464453826891,154.624264173866,1
8.02,-1092.442176,51.2601204764269,170.282542292598,1
8.03,-1092.308064,48.1877314699961,160.076397975863,1
8.04,-1092.173952,48.3891012219598,160.745323890919,1
8.05,-1092.03984,35.8391445950494,119.058821462414,1
8.06,-1091.905728,50.7020028363057,168.428530425108,1
8.07,-1091.771616,43.6805118902884,145.104137826123,1
8.08,-1091.637504,44.8731681651388,149.065907766926,1
8.09,-1091.503392,44.7465587020385,148.645334129776,1
8.1,-1091.36928,51.0154587654572,169.469799936243,1
8.11,-1091.235168,50.5283725320936,167.851748045782,1
8.12,-1091.101056,44.5769112268043,148.081796680918,1
8.13,-1090.966944,34.7811233074756,115.545187910878,1
8.14,-1090.832832,48.5683977221053,161.340925517103,1
8.15,-1090.69872,40.907324886801,135.892362471035,1
8.16,-1090.564608,49.9249458796393,165.847227136975,1
8.17,-1090.430496,49.7823818954814,165.373644731019,1
8.18,-1090.296384,30.8800512993788,102.593085829927,1
8.19,-1090.162272,34.091758824809,113.255993744442,1
8.2,-1090.02816,56.0183022275931,186.088808084151,1
8.21,-1089.894048,42.5915584932417,141.486889104289,1
8.22,-1089.759936,41.12443105014,136.613516454412,1
8.23,-1089.625824,42.3033160208811,140.529422845114,1
8.24,-1089.491712,42.9377130918781,142.636728936732,1
8.25,-1089.3576,37.8514409942584,125.742131162325,1
8.26,-1089.223488,56.6279566374639,188.114031470224,1
8.27,-1089.089376,48.7764360125831,162.032004376362,1
8.28,-1088.955264,42.9667369142913,142.733139102416,1
8.29,-1088.821152,45.1913114405664,150.122723672069,1
8.3,-1088.68704,44.2822977692395,147.10314725709,1
8.31,-1088.552928,49.3172299170284,163.828460453157,1
8.32,-1088.418816,38.3196390471078,127.297209654645,1
8.33,-1088.284704,40.2439536498861,133.688884103898,1
8.34,-1088.150592,39.6965955580517,131.870783060605,1
8.35,-1088.01648,41.1223901491103,136.606737251347,1
8.36,-1087.882368,38.374625376444,127.47984356477,1
8.37,-1087.748256,39.1712178750927,130.125715098797,1
8.38,-1087.614144,41.9846627880848,139.470944340578,1
8.39,-1087.480032,50.436992340632,167.548192336753,1
8.4,-1087.34592,40.8395269383234,135.667160978814,1
8.41,-1087.211808,43.5290452951783,144.600998628171,1
8.42,-1087.077696,34.0515581325506,113.12250220984,1
8.43,-1086.943584,32.5122017902981,108.011284395123,1
8.44,-1086.809472,37.9954932176506,126.220585108821,1
8.45,-1086.67536,53.7491780625531,178.550965532431,1
8.46,-1086.541248,35.3996465443227,117.599240921286,1
8.47,-1086.407136,33.9262058567391,112.706257103751,1
8.48,-1086.273024,29.6840161225867,98.6236745447996,1
8.49,-1086.138912,45.330856290982,150.586267827274,1
8.5,-1086.0048,47.0493321722075,156.294782989948,1
8.51,-1085.870688,44.4317614298239,147.59963658377,1
8.52,-1085.736576,37.9252903355692,125.98741347669,1
8.53,-1085.602464,59.3990867843795,197.319511767512,1
8.54,-1085.468352,60.7443408349116,201.788344579495,1
8.55,-1085.33424,46.8127250664336,155.50880713312,1
8.56,-1085.200128,38.6853194886243,128.511802268574,1
8.57,-1085.066016,42.2862874185009,140.472858387204,1
8.58,-1084.931904,53.4984905424167,177.718203231998,1
8.59,-1084.797792,28.2740971744188,93.9459684833505,1
8.6,-1084.66368,49.9951394593149,166.080402808045,1
8.61,-1084.529568,49.9373099251831,165.888299189947,1
8.62,-1084.395456,35.0492287036003,116.435527609824,1
8.63,-1084.261344,42.83029082331,142.279898253232,1
8.64,-1084.127232,50.8426522563917,168.895753774014,1
8.65,-1083.99312,48.5675622867485,161.338150299512,1
8.66,-1083.859008,43.8094279347553,145.532369576144,1
8.67,-1083.724896,52.4098866779964,174.10195783492,1
8.68,-1083.590784,46.1411759351069,153.278019463576,1
8.69,-1083.456672,49.0136920012409,162.820141544781,1
8.7,-1083.32256,48.2847574958539,160.3987066192,1
8.71,-1083.188448,50.5287743880537,167.853082970567,1
8.72,-1083.054336,54.1953300330359,180.033044357078,1
8.73,-1082.920224,41.2160330758726,136.917788556661,1
8.74,-1082.786112,39.1198784316495,129.955189919671,1
8.75,-1082.652,38.4930752247968,127.873269016339,1
8.76,-1082.517888,53.120877929736,176.463807140977,1
8.77,-1082.383776,46.0397007098965,152.940934354899,1
8.78,-1082.249664,55.7405264469486,185.166059297854,1
8.79,-1082.115552,39.7840327638343,132.161212337995,1
8.8,-1081.98144,37.8656277768433,125.789250918723,1
8.81,-1081.847328,44.3001442499574,147.162429775769,1
8.82,-1081.713216,46.7525158319967,155.308800581192,1
8.83,-1081.579104,34.7585645857264,115.470274438371,1
8.84,-1081.444992,43.1086552298858,143.204558118398,1
8.85,-1081.31088,48.401746601138,160.787330323464,1
8.86,-1081.176768,25.571799128381,84.9876166086323,1
8.87,-1081.042656,42.6993575560638,141.844970366049,1
8.88,-1080.908544,42.7340292500011,141.960141078915,1
8.89,-1080.774432,40.7306808238616,135.305612189596,1
8.9,-1080.64032,33.9184643786829,112.680550888788,1
8.91,-1080.506208,49.1552693063295,163.290445365182,1
8.92,-1080.372096,50.64324440293,168.233340806317,1
8.93,-1080.237984,28.3337856139255,94.1439566049491,1
8.94,-1080.103872,38.0041228372411,126.249247541696,1
8.95,-1079.96976,38.3850656843527,127.514520481276,1
8.96,-1079.835648,36.3718439501629,120.827976417494,1
8.97,-1079.701536,30.2836328434082,100.613559282284,1
8.98,-1079.567424,43.7994259911774,145.49914522238,1
8.99,-1079.433312,49.3947745267329,164.086055083005,1
9,-1079.2992,49.8147611516141,165.481205164988,1
9.01,-1079.165088,38.9488682172749,129.387177233432,1
9.02,-1079.030976,44.0876698685426,146.456632032738,1
9.03,-1078.896864,44.1236039871241,146.575997952956,1
9.04,-1078.762752,32.0996079194607,106.641483029313,1
9.05,-1078.62864,42.0549841941258,139.704532323533,1
9.06,-1078.494528,45.5205684600283,151.216459942482,1
9.07,-1078.360416,37.8396736131118,125.703047186932,1
9.08,-1078.226304,44.1892261992047,146.793981851728,1
9.09,-1078.092192,53.4627810051442,177.59957924912,1
9.1,-1077.95808,41.4160186075756,137.582077045657,1
9.11,-1077.823968,44.4763338693417,147.74769771355,1
9.12,-1077.689856,44.7529527157826,148.666573872173,1
9.13,-1077.555744,37.8520719585355,125.744226836609,1
9.14,-1077.421632,52.529972741095,174.500872842809,1
9.15,-1077.28752,37.9977990191313,126.228243600814,1
9.16,-1077.153408,49.7370193876577,165.222955334453,1
9.17,-1077.019296,34.6653674167052,115.160784726477,1
9.18,-1076.885184,49.0574295738092,162.965432801697,1
9.19,-1076.751072,47.8283195492887,158.882476311666,1
9.2,-1076.61696,49.8640583715934,165.644965285739,1
9.21,-1076.482848,41.0706461619889,136.434860799427,1
9.22,-1076.348736,30.2716191249435,100.573687975666,1
9.23,-1076.214624,44.9748730500112,149.403753208958,1
9.24,-1076.080512,40.8485423831041,135.69710717243,1
9.25,-1075.9464,42.9733306211908,142.755041817278,1
9.26,-1075.812288,35.5541981518915,118.112504812759,1
9.27,-1075.678176,47.2906367576411,157.096364090005,1
9.28,-1075.544064,43.1577054123753,143.367491378237,1
9.29,-1075.409952,37.4442208742406,124.389607757181,1
9.3,-1075.27584,45.1136979393748,149.864905073636,1
9.31,-1075.141728,47.8375375539454,158.91309735597,1
9.32,-1075.007616,42.4118573440388,140.889968364583,1
9.33,-1074.873504,40.8273573094143,135.626737683109,1
9.34,-1074.739392,36.1499136087358,120.090914147893,1
9.35,-1074.60528,31.7307805393166,105.417053026905,1
9.36,-1074.471168,50.3801260758228,167.359288413476,1
9.37,-1074.337056,43.5275290619632,144.595962033971,1
9.38,-1074.202944,48.1547274938775,159.966762810781,1
9.39,-1074.068832,38.1299651518975,126.667221430392,1
9.4,-1073.93472,45.9544061378606,152.657599041717,1
9.41,-1073.800608,43.8206331279544,145.569590875959,1
9.42,-1073.666496,36.9412547990541,122.719109638954,1
9.43,-1073.532384,44.2282310248125,146.923548161651,1
9.44,-1073.398272,44.7224519384733,148.565255886547,1
9.45,-1073.26416,45.8065363434973,152.166398900739,1
9.46,-1073.130048,41.9798654539831,139.455008951214,1
9.47,-1072.995936,44.6336571899668,148.270296162149,1
9.48,-1072.861824,45.3826133961075,150.758196200758,1
9.49,-1072.727712,42.9458897532003,142.663889838066,1
9.5,-1072.5936,52.4007519868884,174.071613222291,1
9.51,-1072.459488,32.6615480949298,108.507128755408,1
9.52,-1072.325376,45.0355200354076,149.605211770505,1
9.53,-1072.191264,39.3330941960109,130.663392722067,1
9.54,-1072.057152,42.1101232414835,139.887688935196,1
9.55,-1071.92304,54.1372628684849,179.840150150848,1
9.56,-1071.788928,48.5262452127767,161.200899868582,1
9.57,-1071.654816,53.0753546333122,176.312582764605,1
9.58,-1071.520704,60.7209407316685,201.710611184775,1
9.59,-1071.386592,33.9185715609438,112.680906796179,1
9.6,-1071.25248,50.6578308455659,168.281795502773,1
9.61,-1071.118368,53.9866912174226,179.33996391605,1
9.62,-1070.984256,49.5798913016043,164.700992777893,1
9.63,-1070.850144,55.2768246332016,183.625679549892,1
9.64,-1070.716032,38.5068899166964,127.919153948036,1
9.65,-1070.58192,55.7612546352127,185.234916665631,1
9.66,-1070.447808,43.4742598307442,144.41901338062,1
9.67,-1070.313696,45.398894862477,150.812280498183,1
9.68,-1070.179584,38.2373238274613,127.023805054844,1
9.69,-1070.045472,42.8570432862523,142.368763394429,1
9.7,-1069.91136,47.9036290256052,159.132644887631,1
9.71,-1069.777248,44.4137194570816,147.539704612266,1
9.72,-1069.643136,46.6051621486641,154.819312757328,1
9.73,-1069.509024,43.7996298089044,145.499822261987,1
9.74,-1069.374912,42.201861970664,140.192419847843,1
9.75,-1069.2408,40.638085557461,134.998043645816,1
9.76,-1069.106688,47.9756762320652,159.371976680655,1
9.77,-1068.972576,51.6158962668027,171.46439539659,1
9.78,-1068.838464,55.3020047598724,183.709325872652,1
9.79,-1068.704352,46.1920291217396,153.446946009394,1
9.8,-1068.57024,49.2027647004933,163.448219743371,1
9.81,-1068.436128,56.2143700901914,186.740129832483,1
9.82,-1068.302016,56.827966117228,188.778447168792,1
9.83,-1068.167904,43.177400954144,143.432915396907,1
9.84,-1068.033792,54.0576662159125,179.57573682371,1
9.85,-1067.89968,45.6077472532915,151.506053582796,1
9.86,-1067.765568,43.3921843398972,144.146376868785,1
9.87,-1067.631456,45.5436227340213,151.293042440468,1
9.88,-1067.497344,46.3635760812715,154.016799245866,1
9.89,-1067.363232,50.9973728194057,169.409720200458,1
9.9,-1067.22912,57.5315494806207,191.115696031505,1
9.91,-1067.095008,44.5022571500953,147.833809925276,1
9.92,-1066.960896,45.0070601175296,149.510672944693,1
9.93,-1066.826784,39.8835695760305,132.491832118415,1
9.94,-1066.692672,52.7632836097499,175.275910558065,1
9.95,-1066.55856,52.9838674019952,176.008670273418,1
9.96,-1066.424448,40.6253158839659,134.955627376106,1
9.97,-1066.290336,45.0968163395103,149.808827343632,1
9.98,-1066.156224,49.6619614581886,164.973620961819,1
9.99,-1066.022112,50.4895985142078,167.722944692008,1
10,-1065.888,50.1651099313244,166.645026950934,1
10.01,-1065.753888,49.4494177984484,164.26757402896,1
10.02,-1065.619776,50.6213097336085,168.160476041973,1
10.03,-1065.485664,43.7938948894193,145.480772066564,1
10.04,-1065.351552,48.2031066564265,160.127472465771,1
10.05,-1065.21744,47.3928993452137,157.436066787558,1
10.06,-1065.083328,51.8078441474165,172.102028154445,1
10.07,-1064.949216,50.7199095270877,168.488014659285,1
10.08,-1064.815104,42.6269356869215,141.604403153732,1
10.09,-1064.680992,46.4510153783938,154.307259660567,1
10.1,-1064.54688,55.766828781636,185.25343353013,1
10.11,-1064.412768,56.7409742453601,188.489467031546,1
10.12,-1064.278656,56.1906462385671,186.661321092193,1
10.13,-1064.144544,43.6621712147457,145.043214036851,1
10.14,-1064.010432,54.2477827949188,180.207288001251,1
10.15,-1063.87632,52.6101451864881,174.767198467883,1
10.16,-1063.742208,46.4072277726144,154.161803692669,1
10.17,-1063.608096,44.7875537032939,148.781512032569,1
10.18,-1063.473984,47.2776981988879,157.053383931427,1
10.19,-1063.339872,53.7349017328632,178.503540792098,1
10.2,-1063.20576,58.0598047839998,192.870519248094,1
10.21,-1063.071648,52.0432043049105,172.883872654996,1
10.22,-1062.937536,46.0149193710124,152.85861458385,1
10.23,-1062.803424,45.9934516961441,152.787302301133,1
10.24,-1062.669312,42.5044278739485,141.19746354913,1
10.25,-1062.5352,59.0505833720688,196.161809875292,1
10.26,-1062.401088,57.2701176404885,190.247239837138,1
10.27,-1062.266976,47.5484697350007,157.952851183516,1
10.28,-1062.132864,47.498508648099,157.786886980691,1
10.29,-1061.998752,55.7249842067958,185.114429231552,1
10.3,-1061.86464,52.1551227043531,173.255655237542,1
10.31,-1061.730528,55.5000480067557,184.367209401403,1
10.32,-1061.596416,61.9798826420746,205.89272261158,1
10.33,-1061.462304,60.2242397823043,200.06060782701,1
10.34,-1061.328192,58.6713876031554,194.902150434995,1
10.35,-1061.19408,58.7924218822141,195.304217068624,1
10.36,-1061.059968,59.3772111928392,197.246842709045,1
10.37,-1060.925856,61.6768385712047,204.886032659487,1
10.38,-1060.791744,63.2533599966634,210.12312048979,1
10.39,-1060.657632,61.9303616625827,205.728217583394,1
10.4,-1060.52352,57.3141548928689,190.393528150145,1
10.41,-1060.389408,60.7121961377673,201.681562297247,1
10.42,-1060.255296,51.935816278155,172.527139608197,1
10.43,-1060.121184,52.2439996319138,173.550896220979,1
10.44,-1059.987072,50.9644273347215,169.300278542446,1
10.45,-1059.85296,69.635533860779,231.324237903595,1
10.46,-1059.718848,41.1937240814309,136.843685296259,1
10.47,-1059.584736,56.1922321830146,186.666589472947,1
10.48,-1059.450624,65.0305068168581,216.026672149952,1
10.49,-1059.316512,51.3728972094913,170.657175723878,1
10.5,-1059.1824,46.8600312336712,155.665951563286,1
10.51,-1059.048288,60.159594396499,199.845860709164,1
10.52,-1058.914176,48.4886320089062,161.075953271809,1
10.53,-1058.780064,60.1899146730746,199.946582391016,1
10.54,-1058.645952,46.5789881183304,154.732366416261,1
10.55,-1058.51184,50.2535234701851,166.938727570787,1
10.56,-1058.377728,50.2366286706182,166.882604791883,1
10.57,-1058.243616,53.4762333631636,177.644266814149,1
10.58,-1058.109504,54.2539897148898,180.227906865608,1
10.59,-1057.975392,47.251811690723,156.967392426963,1
10.6,-1057.84128,40.0595894856102,133.076498746753,1
10.61,-1057.707168,52.8430970789667,175.54104377337,1
10.62,-1057.573056,55.4473493753716,184.192148833634,1
10.63,-1057.438944,58.0722128416456,192.911737859049,1
10.64,-1057.304832,60.2701975071647,200.213275940179,1
10.65,-1057.17072,49.0925470029876,163.082088932828,1
10.66,-1057.036608,47.4211769512426,157.53000125492,1
10.67,-1056.902496,55.9725799956093,185.936922499084,1
10.68,-1056.768384,46.1696994553311,153.372770250414,1
10.69,-1056.634272,59.621985271038,198.059963683772,1
10.7,-1056.50016,62.147150490142,206.448374029923,1
10.71,-1056.366048,53.9822369669385,179.325167275343,1
10.72,-1056.231936,58.8225815544173,195.404405199203,1
10.73,-1056.097824,49.0729202957672,163.016891228005,1
10.74,-1055.963712,55.8069265925925,185.386635223473,1
10.75,-1055.8296,62.5993571011232,207.950571005478,1
10.76,-1055.695488,61.5733593661938,204.542282417577,1
10.77,-1055.561376,67.7642301464144,225.107902365866,1
10.78,-1055.427264,59.3138714731231,197.036432959232,1
10.79,-1055.293152,69.0050714145626,229.22988723587,1
10.8,-1055.15904,59.804079103797,198.664865656451,1
10.81,-1055.024928,48.9084716650828,162.470611593983,1
10.82,-1054.890816,64.7136381223391,214.974057474132,1
10.83,-1054.756704,66.4502369991934,220.742912466557,1
10.84,-1054.622592,64.9084806907986,215.621310262579,1
10.85,-1054.48848,48.0757944670724,159.70455701832,1
10.86,-1054.354368,59.0152623952831,196.044476276768,1
10.87,-1054.220256,58.1114874768253,193.042205170619,1
10.88,-1054.086144,64.3402645406376,213.733737720683,1
10.89,-1053.952032,53.5335407866548,177.834637104887,1
10.9,-1053.81792,74.676621264613,248.070366701668,1
10.91,-1053.683808,61.0561843914725,202.824265609087,1
10.92,-1053.549696,57.4639636332788,190.891181105864,1
10.93,-1053.415584,63.8822156191358,212.21213273023,1
10.94,-1053.281472,76.431792499357,253.900919174307,1
10.95,-1053.14736,57.4744123265583,190.925890851461,1
10.96,-1053.013248,65.3496990276303,217.087005401567,1
10.97,-1052.879136,68.1782525046497,226.48325465009,1
10.98,-1052.745024,60.337602337031,200.43718972946,1
10.99,-1052.610912,67.397506847599,223.889674149183,1
11,-1052.4768,54.8956721618634,182.359522373386,1
11.01,-1052.342688,58.1688200663455,193.232659618232,1
11.02,-1052.208576,58.2717579216645,193.574611256679,1
11.03,-1052.074464,59.2871425353312,196.947641454143,1
11.04,-1051.940352,56.8269468392519,188.775061207677,1
11.05,-1051.80624,55.1453192246408,183.188829354522,1
11.06,-1051.672128,52.9560680239222,175.916323204421,1
11.07,-1051.538016,52.6564270196476,174.920942551298,1
11.08,-1051.403904,64.7459790496689,215.081491673089,1
11.09,-1051.269792,46.5763651406692,154.723653264682,1
11.1,-1051.13568,65.9543206841868,219.095514522214,1
11.11,-1051.001568,67.5155522196013,224.281812316472,1
11.12,-1050.867456,51.8105719061973,172.111089513234,1
11.13,-1050.733344,56.8259317480921,188.771689154837,1
11.14,-1050.599232,67.9304560250254,225.660092691469,1
11.15,-1050.46512,49.1116546375509,163.145562340394,1
11.16,-1050.331008,65.3467189260605,217.077105721326,1
11.17,-1050.196896,55.9108467990399,185.731849781097,1
11.18,-1050.062784,58.4960733158084,194.319769785403,1
11.19,-1049.928672,55.4722864005581,184.274987602562,1
11.2,-1049.79456,59.7719683065131,198.55819600881,1
11.21,-1049.660448,51.6213771715612,171.48260244267,1
11.22,-1049.526336,41.231889587281,136.970458773932,1
11.23,-1049.392224,56.2226210492757,186.767538859804,1
11.24,-1049.258112,55.0113112632057,182.743665925119,1
11.25,-1049.124,55.2868679338035,183.659042573453,1
11.26,-1048.989888,53.9700737459423,179.284762091533,1
11.27,-1048.855776,52.2975768176409,173.728874724396,1
11.28,-1048.721664,51.659948762969,171.610733617639,1
11.29,-1048.587552,49.8316456916191,165.537293808609,1
11.3,-1048.45344,49.4262810867279,164.19071641106,1
11.31,-1048.319328,57.7672284734255,191.898603353761,1
11.32,-1048.185216,65.4698487672287,217.486134082277,1
11.33,-1048.051104,53.3814891510382,177.329534783164,1
11.34,-1047.916992,59.6651727733345,198.203429305262,1
11.35,-1047.78288,57.6922644104533,191.64957854689,1
11.36,-1047.648768,63.9403128953322,212.405127625844,1
11.37,-1047.514656,38.2707241526058,127.134741949878,1
11.38,-1047.380544,60.5259130577377,201.062743836744,1
11.39,-1047.246432,56.6300195412678,188.120884273435,1
11.4,-1047.11232,68.1293539310836,226.320817129609,1
11.41,-1046.978208,66.6755786125926,221.491480937863,1
11.42,-1046.844096,41.8255634813843,138.942461967217,1
11.43,-1046.709984,47.7170100852262,158.512720451104,1
11.44,-1046.575872,48.571834668357,161.352342646729,1
11.45,-1046.44176,53.4814591103532,177.661626292634,1
11.46,-1046.307648,67.7354504528314,225.012298309241,1
11.47,-1046.173536,59.9610269210769,199.186234484414,1
11.48,-1046.039424,56.538022715428,187.815278104108,1
11.49,-1045.905312,65.690855053757,218.220300871497,1
11.5,-1045.7712,65.4742727329298,217.500830174062,1
11.51,-1045.637088,63.1625685151012,209.821517860506,1
11.52,-1045.502976,58.2697940470066,193.568087415993,1
11.53,-1045.368864,63.4132710743528,210.654333344868,1
11.54,-1045.234752,58.859548486003,195.527206527458,1
11.55,-1045.10064,54.0593185610285,179.581225773814,1
11.56,-1044.966528,53.6410824207198,178.191881116429,1
11.57,-1044.832416,49.0623341577638,162.981725274628,1
11.58,-1044.698304,53.1378466052645,176.520175586728,1
11.59,-1044.564192,57.8699411709733,192.239806985594,1
11.6,-1044.43008,49.9490568641565,165.927321281192,1
11.61,-1044.295968,60.6147573570118,201.357877951756,1
11.62,-1044.161856,57.4592586499104,190.875551517467,1
11.63,-1044.027744,52.0971128033515,173.062951698708,1
11.64,-1043.893632,65.1685385245687,216.48520341606,1
11.65,-1043.75952,52.4505948841069,174.237186795726,1
11.66,-1043.625408,60.3365537726914,200.433706477344,1
11.67,-1043.491296,55.5216573321116,184.438993824603,1
11.68,-1043.357184,61.5125566901006,204.340300441205,1
11.69,-1043.223072,53.2869531925956,177.015494584213,1
11.7,-1043.08896,50.3925353844358,167.400510867257,1
11.71,-1042.954848,56.135139576917,186.47693239952,1
11.72,-1042.820736,56.7540673118632,188.532961165034,1
11.73,-1042.686624,22.1373439468841,73.6265905485393,1
11.74,-1042.552512,41.1761118308687,136.785183119588,1
11.75,-1042.4184,60.4455611849226,200.795820931644,1
11.76,-1042.284288,57.8060824015174,192.027673094224,1
11.77,-1042.150176,52.6771712151539,174.989852904246,1
11.78,-1042.016064,62.8582289958016,208.810524366549,1
11.79,-1041.881952,55.3391007702019,183.832555789612,1
11.8,-1041.74784,49.339860071544,163.903635321792,1
11.81,-1041.613728,64.5192872101682,214.328437941756,1
11.82,-1041.479616,49.2832404926982,163.715551356043,1
11.83,-1041.345504,48.8730840010801,162.353057836329,1
11.84,-1041.211392,51.9772349443086,172.66472856208,1
11.85,-1041.07728,59.8174592956602,198.709313645289,1
11.86,-1040.943168,55.7626898725868,185.239684408336,1
11.87,-1040.809056,61.875732601192,205.546743886651,1
11.88,-1040.674944,65.5330386657434,217.696046322324,1
11.89,-1040.540832,55.4416176412744,184.173108479457,1
11.9,-1040.40672,47.8058677381807,158.807894242459,1
11.91,-1040.272608,55.12367704848,183.116935821913,1
11.92,-1040.138496,61.8011083215016,205.29884755773,1
11.93,-1040.004384,55.3303498033407,183.803485792047,1
11.94,-1039.870272,50.1394574868216,166.559812197624,1
11.95,-1039.73616,55.8733351609509,185.607239137528,1
11.96,-1039.602048,51.5142475038631,171.126727870176,1
11.97,-1039.467936,51.6330792651433,171.521475688853,1
11.98,-1039.333824,63.946332081655,212.425122921933,1
11.99,-1039.199712,51.1749840809984,169.999727445478,1
12,-1039.0656,48.5742876416104,161.360491134315,1
12.01,-1038.931488,55.4438300490504,184.180457918017,1
12.02,-1038.797376,51.9319447184317,172.514278647573,1
12.03,-1038.663264,44.455752000067,147.67932866863,1
12.04,-1038.529152,49.2124168718193,163.480283177661,1
12.05,-1038.39504,55.4183412384684,184.095786164494,1
12.06,-1038.260928,54.6357982335222,181.496242751361,1
12.07,-1038.126816,58.9370930767373,195.784803750043,1
12.08,-1037.992704,59.8870270294201,198.940412415464,1
12.09,-1037.858592,45.5401551948633,151.281523846241,1
12.1,-1037.72448,60.8385215419409,202.101205855427,1
12.11,-1037.590368,52.0134755739441,172.785116567431,1
12.12,-1037.456256,46.7502747266373,155.301355947626,1
12.13,-1037.322144,53.4191670976262,177.45469764043,1
12.14,-1037.188032,47.408925169931,157.489302456403,1
12.15,-1037.05392,59.6202524639121,198.054207429379,1
12.16,-1036.919808,49.2454205516657,163.589917719625,1
12.17,-1036.785696,58.1014396232711,193.008826975224,1
12.18,-1036.651584,31.4669796749664,104.54133162464,1
12.19,-1036.517472,56.7244756335185,188.434659945638,1
12.2,-1036.38336,64.9231556423258,215.670059380631,1
12.21,-1036.249248,52.5201753842696,174.468326909881,1
12.22,-1036.115136,66.8448350304856,222.05373846914,1
12.23,-1035.981024,44.7478308393062,148.649559936664,1
12.24,-1035.846912,48.3428521121951,160.591689911991,1
12.25,-1035.7128,50.714931168704,168.471477050898,1
12.26,-1035.578688,39.7754401121301,132.132671169494,1
12.27,-1035.444576,39.4484593487224,131.046583373025,1
12.28,-1035.310464,50.2702418449555,166.99426428677,1
12.29,-1035.176352,30.2557011117001,100.520859197245,1
12.3,-1035.04224,49.2203547941935,163.506652069181,1
12.31,-1034.908128,46.155977537361,153.327188128429,1
12.32,-1034.774016,53.7773928134249,178.644692512005,1
12.33,-1034.639904,53.3586584359039,177.253693138194,1
12.34,-1034.505792,48.507948230388,161.140119463907,1
12.35,-1034.37168,50.3795846776143,167.357489944035,1
12.36,-1034.237568,53.0964940978959,176.38280620086,1
12.37,-1034.103456,36.951033274822,122.751586471494,1
12.38,-1033.969344,47.7210575761028,158.526165697427,1
12.39,-1033.835232,49.6355605515027,164.885919999055,1
12.4,-1033.70112,53.6380220442776,178.18171480992,1
12.41,-1033.567008,66.9010269635269,222.240403991865,1
12.42,-1033.432896,50.4559574274293,167.611192422954,1
12.43,-1033.298784,54.7815421703452,181.980391992436,1
12.44,-1033.164672,43.63968565141,144.968521834702,1
12.45,-1033.03056,51.573163579873,171.322441466631,1
12.46,-1032.896448,52.4201210280132,174.135955414813,1
12.47,-1032.762336,34.0914895014345,113.255099420162,1
12.48,-1032.628224,46.9913755612743,156.102259119228,1
12.49,-1032.494112,49.96359909172,165.975629027538,1
12.5,-1032.36,52.6063102954878,174.754459305602,1
12.51,-1032.225888,52.9368416731241,175.852454973614,1
12.52,-1032.091776,47.3625144550881,157.335132213553,1
12.53,-1031.957664,38.0636483256886,126.44695584277,1
12.54,-1031.823552,48.6979573053654,161.771307240769,1
12.55,-1031.68944,52.1826275475973,173.347023794549,1
12.56,-1031.555328,47.2897959471558,157.093571030158,1
12.57,-1031.421216,41.4026973140324,137.537827865047,1
12.58,-1031.287104,50.0679636783758,166.322317225671,1
12.59,-1031.152992,45.4708804040043,151.051404449698,1
12.6,-1031.01888,51.3714924130965,170.65250912529,1
12.61,-1030.884768,35.7988441328917,118.924981274986,1
12.62,-1030.750656,54.3967174455016,180.702036372463,1
12.63,-1030.616544,48.980771567182,162.710783607601,1
12.64,-1030.482432,40.8480665045674,135.695526468172,1
12.65,-1030.34832,59.7400949527434,198.452315131443,1
12.66,-1030.214208,52.5618207617491,174.606669088704,1
12.67,-1030.080096,32.9270527843717,109.388652932517,1
12.68,-1029.945984,49.5383855373186,164.563115139508,1
12.69,-1029.811872,65.8361256157655,218.702879104785,1
12.7,-1029.67776,64.3864772811744,213.887253065604,1
12.71,-1029.543648,63.3203798694671,210.345755583722,1
12.72,-1029.409536,46.1741114697118,153.387426291085,1
12.73,-1029.275424,55.953293704412,185.87285498882,1
12.74,-1029.141312,55.3329536698982,183.812135624177,1
12.75,-1029.0072,36.5532340850356,121.430405357383,1
12.76,-1028.873088,55.1548044535984,183.220338506826,1
12.77,-1028.738976,61.5955691633964,204.61606171566,1
12.78,-1028.604864,55.4004978227306,184.036511791025,1
12.79,-1028.470752,59.3519773459664,197.163017781209,1
12.8,-1028.33664,39.6809063790893,131.818670334688,1
12.81,-1028.202528,45.1562912182407,150.006392546046,1
12.82,-1028.068416,57.0461328569251,189.503179923463,1
12.83,-1027.934304,61.4759731042063,204.218772485559,1
12.84,-1027.800192,60.0094718206632,199.347164795925,1
12.85,-1027.66608,60.7677409817916,201.866078119527,1
12.86,-1027.531968,54.3467421610531,180.536022677703,1
12.87,-1027.397856,48.8617662296447,162.315461501408,1
12.88,-1027.263744,54.261279464419,180.252122798521,1
12.89,-1027.129632,59.4156753896554,197.37461785827,1
12.9,-1026.99552,47.892859613931,159.096870256856,1
12.91,-1026.861408,65.36675074884,217.143649976825,1
12.92,-1026.727296,68.3151508111841,226.93802091261,1
12.93,-1026.593184,57.697395177871,191.666622558344,1
12.94,-1026.459072,50.8796806050761,169.018758277015,1
12.95,-1026.32496,61.3566374803236,203.822348409979,1
12.96,-1026.190848,55.4759003393372,184.286992813288,1
12.97,-1026.056736,52.2499706021738,173.570731236608,1
12.98,-1025.922624,61.1081535064796,202.996903137734,1
12.99,-1025.788512,57.9250909365101,192.423010243865,1
13,-1025.6544,48.5510439200947,161.28327823782,1
13.01,-1025.520288,60.377947010945,200.57121171179,1
13.02,-1025.386176,60.5269793049739,201.066285830257,1
13.03,-1025.252064,58.3934249974499,193.978779940594,1
13.04,-1025.117952,58.65845548001,194.859190910213,1
13.05,-1024.98384,66.4468151667044,220.731545387651,1
13.06,-1024.849728,54.6891740380502,181.67355272999,1
13.07,-1024.715616,58.9019700247809,195.668127646605,1
13.08,-1024.581504,61.8906501375301,205.596298837599,1
13.09,-1024.447392,59.2273017232275,196.748854815063,1
13.1,-1024.31328,45.6889090804245,151.775659993071,1
13.11,-1024.179168,58.6799575508977,194.930619146553,1
13.12,-1024.045056,48.565040707301,161.329773910429,1
13.13,-1023.910944,60.7543545432524,201.821609370573,1
13.14,-1023.776832,66.7233358346829,221.650126961736,1
13.15,-1023.64272,52.3930076304955,174.045887175357,1
13.16,-1023.508608,51.8258832024454,172.16195220377,1
13.17,-1023.374496,59.8692059356767,198.881212084362,1
13.18,-1023.240384,46.4923553331063,154.444584923117,1
13.19,-1023.106272,44.1534433965105,146.675118503142,1
13.2,-1022.97216,60.072580734803,199.55680786317,1
13.21,-1022.838048,53.8523351473732,178.893644522373,1
13.22,-1022.703936,50.757961771121,168.614420411525,1
13.23,-1022.569824,49.3673290742668,163.99488431474,1
13.24,-1022.435712,44.5893777755486,148.123208217963,1
13.25,-1022.3016,51.2230779206301,170.159490510338,1
13.26,-1022.167488,49.4012712288171,164.107636412283,1
13.27,-1022.033376,46.9870088267405,156.087753431245,1
13.28,-1021.899264,40.4403683638153,134.341299356503,1
13.29,-1021.765152,60.2728961718666,200.22224070185,1
13.3,-1021.63104,42.9375950249837,142.636336746939,1
13.31,-1021.496928,57.7927857036316,191.983502493262,1
13.32,-1021.362816,49.7286472693742,165.195144055273,1
13.33,-1021.228704,43.0788581856585,143.105579334789,1
13.34,-1021.094592,49.94007906736,165.897497987848,1
13.35,-1020.96048,52.2821012691282,173.677466368432,1
13.36,-1020.826368,53.4742748304718,177.637760738603,1
13.37,-1020.692256,54.3371609355407,180.504194652606,1
13.38,-1020.558144,63.9441033184309,212.417719133747,1
13.39,-1020.424032,56.1431473993628,186.503533745169,1
13.4,-1020.28992,57.7529977451667,191.851329976925,1
13.41,-1020.155808,62.3125983787643,206.997979690458,1
13.42,-1020.021696,39.695213265913,131.866191677953,1
13.43,-1019.887584,58.1484598345202,193.165024495463,1
13.44,-1019.753472,64.3932512606941,213.909755730295,1
13.45,-1019.61936,51.3154147235435,170.466224440076,1
13.46,-1019.485248,48.1111922847224,159.822144199323,1
13.47,-1019.351136,61.4585454267068,204.160879035341,1
13.48,-1019.217024,51.3531817753295,170.591682947741,1
13.49,-1019.082912,43.3634303579971,144.05086259669,1
13.5,-1018.9488,47.9942303931325,159.433611289348,1
13.51,-1018.814688,54.3774743144253,180.638112307493,1
13.52,-1018.680576,63.0583206558722,209.47521413731,1
13.53,-1018.546464,60.1261467848129,199.734750255712,1
13.54,-1018.412352,39.9508664228555,132.715364620934,1
13.55,-1018.27824,53.5068244305911,177.745887685678,1
13.56,-1018.144128,48.5220733152946,161.187041319799,1
13.57,-1018.010016,55.719066080422,185.094769693929,1
13.58,-1017.875904,51.3053361468899,170.432744380733,1
13.59,-1017.741792,52.2285602728558,173.499608086828,1
13.6,-1017.60768,50.3183274799829,167.153999816018,1
13.61,-1017.473568,57.7026245316869,191.683994066202,1
13.62,-1017.339456,48.1289439653211,159.881113096726,1
13.63,-1017.205344,49.3274748774404,163.862493077185,1
13.64,-1017.071232,47.1019967312037,156.469727437748,1
13.65,-1016.93712,31.4883641135911,104.612318678027,1
13.66,-1016.803008,53.0265654518098,176.150509414665,1
13.67,-1016.668896,64.3152783157731,213.650735308962,1
13.68,-1016.534784,42.1302532086622,139.954555134897,1
13.69,-1016.400672,62.8422075722906,208.757302377278,1
13.7,-1016.26656,41.4277063975379,137.62090024513,1
13.71,-1016.132448,42.4288540053046,140.946426817506,1
13.72,-1015.998336,54.544518748879,181.193019920628,1
13.73,-1015.864224,44.6572500153483,148.3486671425,1
13.74,-1015.730112,46.9150504045888,155.848717550567,1
13.75,-1015.596,52.8328917861106,175.50714270068,1
13.76,-1015.461888,41.4949279757242,137.84418954503,1
13.77,-1015.327776,39.1749159274633,130.137998276914,1
13.78,-1015.193664,51.6120686427888,171.451680392525,1
13.79,-1015.059552,52.4984750503288,174.396240365398,1
13.8,-1014.92544,59.9234677391453,199.061465709174,1
13.81,-1014.791328,51.1441282781521,169.897227471931,1
13.82,-1014.657216,50.748850743879,168.584154488613,1
13.83,-1014.523104,60.4041317631133,200.658195496182,1
13.84,-1014.388992,64.2597162150963,213.466162074487,1
13.85,-1014.25488,52.9484263642117,175.89093828897,1
13.86,-1014.120768,46.2547856761535,153.655413796683,1
13.87,-1013.986656,53.8441687490581,178.866516446215,1
13.88,-1013.852544,61.9400612753499,205.760438978919,1
13.89,-1013.718432,49.0721274412355,163.01425745487,1
13.9,-1013.58432,37.2777087406472,123.836567973991,1
13.91,-1013.450208,51.1023548389108,169.758460181927,1
13.92,-1013.316096,56.5160227664987,187.742196018269,1
13.93,-1013.181984,51.3400692555971,170.548124419504,1
13.94,-1013.047872,65.2897980416575,216.888018691812,1
13.95,-1012.91376,51.6897071109659,171.709588037683,1
13.96,-1012.779648,51.9351822126313,172.525033301608,1
13.97,-1012.645536,42.6346982580921,141.630188450004,1
13.98,-1012.511424,42.6503564494593,141.682201005371,1
13.99,-1012.377312,67.5519214711056,224.402628333516,1
14,-1012.2432,59.6199796040479,198.053301009519,1
14.01,-1012.109088,58.8081220641819,195.356371875449,1
14.02,-1011.974976,61.567214216099,204.521868685049,1
14.03,-1011.840864,60.1704875913073,199.882047084204,1
14.04,-1011.706752,56.5006413923029,187.69110031336,1
14.05,-1011.57264,53.9314988371304,179.156619534153,1
14.06,-1011.438528,44.9123032356211,149.195907443293,1
14.07,-1011.304416,47.3634497101919,157.33823900674,1
14.08,-1011.170304,49.5555186916855,164.620029614629,1
14.09,-1011.036192,55.4195757148655,184.099886994545,1
14.1,-1010.90208,61.9522603001937,205.80096323639,1
14.11,-1010.767968,57.121778268378,189.754468049226,1
14.12,-1010.633856,60.1673813252277,199.871728301569,1
14.13,-1010.499744,64.4555352436043,214.116658568284,1
14.14,-1010.365632,61.8943322616513,205.608530581256,1
14.15,-1010.23152,58.6175812383424,194.723409804257,1
14.16,-1010.097408,47.6561648894847,158.310600529066,1
14.17,-1009.963296,43.7645541398138,145.383308288582,1
14.18,-1009.829184,48.4742596161665,161.028209893857,1
14.19,-1009.695072,61.8946931498617,205.609729425166,1
14.2,-1009.56096,60.2077342396932,200.005777653458,1
14.21,-1009.426848,54.9318864099374,182.479823113445,1
14.22,-1009.292736,44.9498885186609,149.320759039671,1
14.23,-1009.158624,48.2576074592284,160.308517492634,1
14.24,-1009.024512,48.542739821472,161.25569300477,1
14.25,-1008.8904,60.4658590770098,200.863249008925,1
14.26,-1008.756288,56.560555492097,187.890130202298,1
14.27,-1008.622176,47.9179251812201,159.180134920327,1
14.28,-1008.488064,61.2005650858268,203.303887524124,1
14.29,-1008.353952,55.3434914382319,183.847141230459,1
14.3,-1008.21984,51.6542266445008,171.591725281325,1
14.31,-1008.085728,58.6392428091685,194.795367886282,1
14.32,-1007.951616,63.8211917005978,212.009415744286,1
14.33,-1007.817504,54.0102122691188,179.418098847329,1
14.34,-1007.683392,41.2953283190719,137.181181926665,1
14.35,-1007.54928,55.1582119355968,183.231657882481,1
14.36,-1007.415168,54.7736503920763,181.954176159744,1
14.37,-1007.281056,61.1439703220002,203.115883931675,1
14.38,-1007.146944,53.5806827053001,177.991238478505,1
14.39,-1007.012832,55.4354553114086,184.152637721263,1
14.4,-1006.87872,67.4569120280779,224.087013851512,1
14.41,-1006.744608,65.4932572272701,217.563895281338,1
14.42,-1006.610496,66.8816475386075,222.176026948933,1
14.43,-1006.476384,73.4481814774771,243.98957822058,1
14.44,-1006.342272,64.253183552571,213.444461047454,1
14.45,-1006.20816,61.3867225390604,203.922288738959,1
14.46,-1006.074048,65.7920149022953,218.55634652484,1
14.47,-1005.939936,58.8929352495402,195.638114811588,1
14.48,-1005.805824,69.5296236582688,230.972411865075,1
14.49,-1005.671712,63.9945241527459,212.585213452672,1
14.5,-1005.5376,62.0781312446628,206.21909720024,1
14.51,-1005.403488,69.7508598480456,231.707342499651,1
14.52,-1005.269376,69.8658521687666,232.089338680626,1
14.53,-1005.135264,69.9673306702299,232.426442931299,1
14.54,-1005.001152,70.69533454487,234.844819231317,1
14.55,-1004.86704,71.2598928893531,236.720241307213,1
14.56,-1004.732928,70.5518912735393,234.36831103954,1
14.57,-1004.598816,74.0240377527131,245.902531278917,1
14.58,-1004.464704,67.3131043626076,223.609295214561,1
14.59,-1004.330592,73.7056308928783,244.844806629077,1
14.6,-1004.19648,73.9410718064152,245.626924382008,1
14.61,-1004.062368,75.0466169798105,249.299465822833,1
14.62,-1003.928256,65.634447842951,218.032920224037,1
14.63,-1003.794144,82.3011573478247,273.398526920414,1
14.64,-1003.660032,80.3952162674219,267.067127745015,1
14.65,-1003.52592,80.8743765127251,268.658863612081,1
14.66,-1003.391808,77.99978214793,259.109667940966,1
14.67,-1003.257696,78.725234828519,261.519569546949,1
14.68,-1003.123584,78.7748386163751,261.684349761244,1
14.69,-1002.989472,67.797921339104,225.219822066757,1
14.7,-1002.85536,87.8426880246764,291.807093303307,1
14.71,-1002.721248,70.7056695666049,234.879151427458,1
14.72,-1002.587136,83.1990790458589,276.381358220259,1
14.73,-1002.453024,87.1354348364904,289.457649071466,1
14.74,-1002.318912,90.7784454831068,301.559468472593,1
14.75,-1002.1848,85.800523354666,285.023169125846,1
14.76,-1002.050688,93.4934607011946,310.578553798,1
14.77,-1001.916576,89.9047445944618,298.657096946762,1
14.78,-1001.782464,70.0759072777315,232.787126578316,1
14.79,-1001.648352,92.6752554554087,307.860534805977,1
14.8,-1001.51424,101.562048886801,337.381823572396,1
14.81,-1001.380128,87.2993843748177,290.002277647946,1
14.82,-1001.246016,90.7645802619421,301.513409204902,1
14.83,-1001.111904,105.641155529989,350.93232253183,1
14.84,-1000.977792,96.735079739568,321.3469791511,1
14.85,-1000.84368,94.0704246208554,312.495186451655,1
14.86,-1000.709568,95.7867792690011,318.196793176275,1
14.87,-1000.575456,98.262011502374,326.419336672034,1
14.88,-1000.441344,88.1364605869065,292.782984629735,1
14.89,-1000.307232,89.3061221370901,296.668516189568,1
14.9,-1000.17312,95.9019591685831,318.579412520564,1
14.91,-1000.039008,97.4435320732669,323.700406861842,1
14.92,-999.904896,96.0168094655908,318.960936948803,1
14.93,-999.770784,72.0392786164223,239.309304473395,1
14.94,-999.636672,100.960369320777,335.38308731805,1
14.95,-999.50256,111.863578786891,371.602765166912,1
14.96,-999.368448,115.233088743367,382.796034957281,1
14.97,-999.234336,86.6272556857967,287.769514477004,1
14.98,-999.100224,102.795180847951,341.478199278592,1
14.99,-998.966112,97.4948086353392,323.870743913969,1
15,-998.832,95.048453099792,315.744126732294,1
15.01,-998.697888,94.8748126995435,315.167305808486,1
15.02,-998.563776,102.723665190874,341.240629408138,1
15.03,-998.429664,80.9624353649282,268.95138878485,1
15.04,-998.295552,90.5094290313266,300.665815164208,1
15.05,-998.16144,97.0778132980402,322.485515387817,1
15.06,-998.027328,89.3451750033533,296.798247003042,1
15.07,-997.893216,82.4122217397664,273.767474842202,1
15.08,-997.759104,88.2453039367667,293.144554411029,1
15.09,-997.624992,98.585877680914,327.495196829355,1
15.1,-997.49088,87.2416069903473,289.810345331584,1
15.11,-997.356768,75.254680190263,249.990636826034,1
15.12,-997.222656,80.1416347102953,266.22474805397,1
15.13,-997.088544,71.5978028184783,237.842753713515,1
15.14,-996.954432,80.8264950650874,268.499804887257,1
15.15,-996.82032,85.322285997155,283.434499016323,1
15.16,-996.686208,73.0082813357492,242.528261650349,1
15.17,-996.552096,76.9715109140532,255.693824901073,1
15.18,-996.417984,74.9136094136928,248.857624266151,1
15.19,-996.283872,57.2926303587336,190.322025328513,1
15.2,-996.14976,76.5177088386333,254.186327069132,1
15.21,-996.015648,80.3563133872801,266.937895175685,1
15.22,-995.881536,56.0750924935364,186.277460795294,1
15.23,-995.747424,78.6295503751454,261.201712677353,1
15.24,-995.613312,73.4791708294661,244.092522614958,1
15.25,-995.4792,76.1665434929576,253.019781068471,1
15.26,-995.345088,71.3469907186522,237.009574011934,1
15.27,-995.210976,73.7974164312835,245.149711574956,1
15.28,-995.076864,71.129592345092,236.287392301329,1
15.29,-994.942752,54.240986238938,180.184710415955,1
15.3,-994.80864,69.6595738198744,231.404096910453,1
15.31,-994.674528,75.0996933504739,249.475781704232,1
15.32,-994.540416,79.5535250014868,264.271089909653,1
15.33,-994.406304,70.3370441123426,233.654604283088,1
15.34,-994.272192,66.3625971031793,220.451779100352,1
15.35,-994.13808,70.4805712964208,234.13139122486,1
15.36,-994.003968,77.2463725335261,256.606895419236,1
15.37,-993.869856,85.8730739150772,285.264176870148,1
15.38,-993.735744,72.9111357148881,242.20555089944,1
15.39,-993.601632,72.9407034272084,242.303772708691,1
15.4,-993.46752,75.362537616004,250.348931428292,1
15.41,-993.333408,63.9925568821399,212.578678323781,1
15.42,-993.199296,65.1917502662417,216.562311129462,1
15.43,-993.065184,67.2251424565027,223.317092142191,1
15.44,-992.931072,67.9446659866219,225.707297154534,1
15.45,-992.79696,64.8444688919917,215.408667738902,1
15.46,-992.662848,65.3606682510448,217.123444362389,1
15.47,-992.528736,67.8398906752373,225.359241160544,1
15.48,-992.394624,64.4582236623402,214.125589298813,1
15.49,-992.260512,78.1779320064086,259.701468951756,1
15.5,-992.1264,63.4777059620015,210.868381311618,1
15.51,-991.992288,72.4973938955893,240.831130399648,1
15.52,-991.858176,71.4362533543894,237.30609804789,1
15.53,-991.724064,73.4824927273758,244.103557720457,1
15.54,-991.589952,76.9423858923952,255.597073675312,1
15.55,-991.45584,76.150041587155,252.964962925294,1
15.56,-991.321728,80.6275846460953,267.839038783631,1
15.57,-991.187616,81.6180816173614,271.129398474918,1
15.58,-991.053504,73.785007554298,245.108490179594,1
15.59,-990.919392,64.5799725878576,214.530030332136,1
15.6,-990.78528,62.1359334212809,206.411111756488,1
15.61,-990.651168,56.7881087538494,188.646044149716,1
15.62,-990.517056,68.9611522994839,229.083991112026,1
15.63,-990.382944,69.0751510342198,229.46268666425,1
15.64,-990.248832,82.2873303651281,273.352594678398,1
15.65,-990.11472,72.9652024580124,242.385156723293,1
15.66,-989.980608,72.5673887721909,241.06364833375,1
15.67,-989.846496,69.4235655844895,230.620094609843,1
15.68,-989.712384,73.0389808549595,242.63024324063,1
15.69,-989.578272,69.9898322238519,232.501191466943,1
15.7,-989.44416,72.0389663392121,239.308267111022,1
15.71,-989.310048,78.2145108010146,259.822981075394,1
15.72,-989.175936,76.5335514482742,254.238955078023,1
15.73,-989.041824,65.8418272817359,218.721819624222,1
15.74,-988.907712,65.5644923540611,217.800533184115,1
15.75,-988.7736,70.9608560671837,235.726862563185,1
15.76,-988.639488,74.4692459950396,247.381480991526,1
15.77,-988.505376,69.0991681367675,229.542469742116,1
15.78,-988.371264,70.3351917679406,233.648450928747,1
15.79,-988.237152,65.5658878996209,217.805169084831,1
15.8,-988.10304,63.0475644589086,209.439482842114,1
15.81,-987.968928,80.1871885254302,266.37607455084,1
15.82,-987.834816,69.9223366168378,232.276975936371,1
15.83,-987.700704,71.7232628973543,238.259523045884,1
15.84,-987.566592,76.6958851304027,254.778215885674,1
15.85,-987.43248,74.3512131311723,246.989384319128,1
15.86,-987.298368,72.5010763086954,240.843363110514,1
15.87,-987.164256,70.7463458682694,235.014275165321,1
15.88,-987.030144,66.2635929099085,220.122894366082,1
15.89,-986.896032,71.8741210284149,238.760662876675,1
15.9,-986.76192,73.7560230798851,245.012205843767,1
15.91,-986.627808,70.9762785898376,235.778095070384,1
15.92,-986.493696,70.0795546909735,232.799243021648,1
15.93,-986.359584,71.6433588681187,237.994087624287,1
15.94,-986.225472,69.7930494313432,231.847493246948,1
15.95,-986.09136,67.1701028636998,223.134254607386,1
15.96,-985.957248,61.6821486330312,204.903672291072,1
15.97,-985.823136,57.3754830107525,190.597255372483,1
15.98,-985.689024,68.3932399048575,227.197427228895,1
15.99,-985.554912,69.5082468618779,230.901399692498,1
16,-985.4208,78.3175813206018,260.165373925061,1
16.01,-985.286688,53.9166693433028,179.10735722155,1
16.02,-985.152576,69.5342077214795,230.987639791747,1
16.03,-985.018464,65.8602396759335,218.782984257902,1
16.04,-984.884352,62.7535115013936,208.462660562168,1
16.05,-984.75024,67.5201336445755,224.297031478113,1
16.06,-984.616128,77.653883252622,257.960616701608,1
16.07,-984.482016,76.0516650805446,252.638163252128,1
16.08,-984.347904,60.2730110667803,200.222622374133,1
16.09,-984.213792,73.1820965825265,243.105663373625,1
16.1,-984.07968,68.670130674357,228.117238326306,1
16.11,-983.945568,68.7468762771296,228.372181665991,1
16.12,-983.811456,59.1362794093649,196.446485598443,1
16.13,-983.677344,73.2935609519399,243.475939976389,1
16.14,-983.543232,71.6692471050564,238.080086480025,1
16.15,-983.40912,62.7406845066938,208.420050230738,1
16.16,-983.275008,66.2954143526012,220.228602885685,1
16.17,-983.140896,69.4206617708398,230.6104483508,1
16.18,-983.006784,55.8925428465552,185.671045523321,1
16.19,-982.872672,50.762175433148,168.628417776294,1
16.2,-982.73856,64.4648726672642,214.147676807167,1
16.21,-982.604448,68.3318784372231,226.993588875335,1
16.22,-982.470336,57.123078840058,189.758788446448,1
16.23,-982.336224,63.355019152313,210.460824737237,1
16.24,-982.202112,70.9920964240656,235.830640774117,1
16.25,-982.068,70.3774507569819,233.788832238773,1
16.26,-981.933888,56.5899566099528,187.987798386829,1
16.27,-981.799776,61.4369986611869,204.089302280892,1
16.28,-981.665664,63.0441900430863,209.428273280949,1
16.29,-981.531552,70.1537842849947,233.045828371494,1
16.3,-981.39744,71.0065394564823,235.878619485466,1
16.31,-981.263328,68.1562401281283,226.410131129239,1
16.32,-981.129216,66.0341178880929,219.360595029088,1
16.33,-980.995104,54.9598079235593,182.572576077006,1
16.34,-980.860992,64.9291704429139,215.690040109263,1
16.35,-980.72688,68.7304187601739,228.317510985354,1
16.36,-980.592768,67.8786577524409,225.488022582381,1
16.37,-980.458656,69.7002703421986,231.539287816773,1
16.38,-980.324544,52.7614165174266,175.269708244454,1
16.39,-980.190432,55.9948064502168,186.010756996933,1
16.4,-980.05632,57.5506790154366,191.179242858713,1
16.41,-979.922208,51.7306944375885,171.845744071153,1
16.42,-979.788096,53.0054843850998,176.080479976577,1
16.43,-979.653984,57.722417434423,191.749744554541,1
16.44,-979.519872,52.1066017142857,173.094472984254,1
16.45,-979.38576,55.5188451876713,184.429652109186,1
16.46,-979.251648,59.3039281875219,197.003402118166,1
16.47,-979.117536,49.2593947827415,163.636338559033,1
16.48,-978.983424,52.7297622696886,175.164555668378,1
16.49,-978.849312,57.090544703089,189.650712593209,1
16.5,-978.7152,53.6359334310594,178.17477661702,1
16.51,-978.581088,53.2456849407036,176.878405065036,1
16.52,-978.446976,59.8972250816146,198.974289576833,1
16.53,-978.312864,60.4079480958332,200.670873067517,1
16.54,-978.178752,61.4337368866079,204.078466908065,1
16.55,-978.04464,53.9366245437184,179.173646694051,1
16.56,-977.910528,48.6115346289851,161.484221237379,1
16.57,-977.776416,57.9738404054443,192.584952214662,1
16.58,-977.642304,62.2879004870049,206.915935118246,1
16.59,-977.508192,57.0341916819292,189.463512277177,1
16.6,-977.37408,53.9027227797869,179.061027928695,1
16.61,-977.239968,51.5953699380596,171.396208879578,1
16.62,-977.105856,44.2598819770415,147.028686392183,1
16.63,-976.971744,49.5760606422157,164.688267743085,1
16.64,-976.837632,53.0888301208695,176.357347145161,1
16.65,-976.70352,51.9665451516553,172.629218065048,1
16.66,-976.569408,52.1354366577527,173.190260005304,1
16.67,-976.435296,49.6809494439112,165.036697004727,1
16.68,-976.301184,53.2939432839991,177.038715056383,1
16.69,-976.167072,56.9173202016864,189.075274402464,1
16.7,-976.03296,57.2382600462207,190.141411398856,1
16.71,-975.898848,57.9028213506045,192.349032400377,1
16.72,-975.764736,51.9003982771263,172.409484312003,1
16.73,-975.630624,55.4061360351379,184.05524147325,1
16.74,-975.496512,47.6264869445136,158.212014226879,1
16.75,-975.3624,52.1150223663187,173.122445612771,1
16.76,-975.228288,67.0309221735698,222.671906452722,1
16.77,-975.094176,59.4049118531609,197.338862204945,1
16.78,-974.960064,57.0562116978548,189.53666104229,1
16.79,-974.825952,47.8176449924791,158.847016786876,1
16.8,-974.69184,62.4263104669093,207.375722851886,1
16.81,-974.557728,52.4905626758062,174.369956174168,1
16.82,-974.423616,58.0422512123799,192.812207636703,1
16.83,-974.289504,36.7744568745913,122.165133144956,1
16.84,-974.155392,50.9733298527409,169.329851830571,1
16.85,-974.02128,50.686649114256,168.377526899148,1
16.86,-973.887168,44.3426905071505,147.30376015776,1
16.87,-973.753056,58.1883995728021,193.297701231884,1
16.88,-973.618944,59.6006657546878,197.989141860892,1
16.89,-973.484832,55.8370570484787,185.486726169456,1
16.9,-973.35072,61.0229112769699,202.713734802218,1
16.91,-973.216608,53.3152705752303,177.109562453284,1
16.92,-973.082496,72.8053312231063,241.854076003825,1
16.93,-972.948384,59.754774586935,198.501079769002,1
16.94,-972.814272,47.5004299652068,157.79326934446,1
16.95,-972.68016,52.8948175292703,175.712854502837,1
16.96,-972.546048,59.9152679466058,199.034226615715,1
16.97,-972.411936,59.3766318791217,197.244918272753,1
16.98,-972.277824,49.1191239018047,163.170374394992,1
16.99,-972.143712,64.3959864589934,213.918841859067,1
17,-972.0096,57.8368719612001,192.129953628657,1
17.01,-971.875488,56.801487435666,188.690487075749,1
17.02,-971.741376,52.6396886935823,174.865339337881,1
17.03,-971.607264,58.6441108989816,194.811539308491,1
17.04,-971.473152,54.1453956780467,179.86716665531,1
17.05,-971.33904,41.6817787337827,138.464851269848,1
17.06,-971.204928,40.662668273265,135.079698630252,1
17.07,-971.070816,50.6890885437102,168.385630439222,1
17.08,-970.936704,63.3787513256382,210.539661274248,1
17.09,-970.802592,40.0745828567179,133.12630074361,1
17.1,-970.66848,52.7920876255382,175.371594922611,1
17.11,-970.534368,56.3145871329341,187.073042855505,1
17.12,-970.400256,58.0955052936738,192.989113589553,1
17.13,-970.266144,48.9087048074617,162.471386066245,1
17.14,-970.132032,53.5034098439449,177.734544724973,1
17.15,-969.99792,49.7707109427322,165.334875073354,1
17.16,-969.863808,57.5339218745068,191.123576939498,1
17.17,-969.729696,45.4734929784185,151.060082987879,1
17.18,-969.595584,54.517477167902,181.103190049512,1
17.19,-969.461472,58.2760253467428,193.588787314845,1
17.2,-969.32736,60.5632947694096,201.186923085438,1
17.21,-969.193248,45.1755944802894,150.070514642865,1
17.22,-969.059136,56.9404272807515,189.152034301916,1
17.23,-968.925024,46.6408530006723,154.937872621235,1
17.24,-968.790912,39.2461805505258,130.374705840646,1
17.25,-968.6568,43.3093766943331,143.871308541058,1
17.26,-968.522688,55.1070544859265,183.061717034397,1
17.27,-968.388576,38.3091003993091,127.262206184732,1
17.28,-968.254464,40.1866927352108,133.498685562676,1
17.29,-968.120352,51.2775954231316,170.340592375585,1
17.3,-967.98624,40.6857445528058,135.15634980864,1
17.31,-967.852128,42.2204632271411,140.254208170775,1
17.32,-967.718016,41.6614586864614,138.397354127053,1
17.33,-967.583904,31.7121133876561,105.355083781347,1
17.34,-967.449792,58.9301543656327,195.761753880147,1
17.35,-967.31568,65.4472349839385,217.411012741609,1
17.36,-967.181568,51.1214508079796,169.821895127011,1
17.37,-967.047456,42.6771814770453,141.771306992784,1
17.38,-966.913344,26.7042635391443,88.7404244510513,1
17.39,-966.779232,48.3518858012267,160.621698738337,1
17.4,-966.64512,52.5100449629295,174.434674567202,1
17.41,-966.511008,18.8393510673475,62.7702179568993,1
17.42,-966.376896,49.4039412282534,164.11650585665,1
17.43,-966.242784,44.9913825484477,149.458594834651,1
17.44,-966.108672,46.9304717824215,155.899945218383,1
17.45,-965.97456,47.6399198957261,158.256636755365,1
17.46,-965.840448,48.5497315684851,161.278918761007,1
17.47,-965.706336,41.1826789445114,136.806996936283,1
17.48,-965.572224,55.2603728088057,183.571027934677,1
17.49,-965.438112,48.3582230572075,160.642750339571,1
17.5,-965.304,41.7057192872613,138.544374682862,1
17.51,-965.169888,50.8479686764932,168.913414393944,1
17.52,-965.035776,50.2737406961993,167.005887109844,1
17.53,-964.901664,59.1254042290029,196.410359075392,1
17.54,-964.767552,47.5200418638892,157.858417505897,1
17.55,-964.63344,37.0162102034037,122.968056186703,1
17.56,-964.499328,42.0281469784786,139.615386594033,1
17.57,-964.365216,33.7063267124372,111.976137655769,1
17.58,-964.231104,40.376469876339,134.129052495564,1
17.59,-964.096992,42.8454653186528,142.330304213266,1
17.6,-963.96288,49.6017206163993,164.77350739521,1
17.61,-963.828768,34.5762103316145,114.864713471029,1
17.62,-963.694656,40.2560069100493,133.728920387782,1
17.63,-963.560544,50.1441094720593,166.575265608512,1
17.64,-963.426432,41.1726993692255,136.773848032319,1
17.65,-963.29232,51.7459561355126,171.896441994515,1
17.66,-963.158208,42.9587383727798,142.706569865742,1
17.67,-963.024096,35.7605649099837,118.797854043563,1
17.68,-962.889984,38.7164206247283,128.615104074112,1
17.69,-962.755872,48.5343622316866,161.227863643521,1
17.7,-962.62176,35.0069082430721,116.294986239955,1
17.71,-962.487648,39.278356398045,130.481579026398,1
17.72,-962.353536,38.228755015068,126.995344351271,1
17.73,-962.219424,37.0829467524667,123.18970648051,1
17.74,-962.085312,36.6134998645726,121.630559986144,1
17.75,-961.9512,26.4848884228826,88.0132690883135,1
17.76,-961.817088,44.8271632088307,148.91308761232,1
17.77,-961.682976,40.9817186746653,136.139473403712,1
17.78,-961.548864,48.2792092461482,160.380276006367,1
17.79,-961.414752,33.863526897746,112.498126998034,1
17.8,-961.28064,41.8888536629379,139.152693691225,1
17.81,-961.146528,41.0143657542831,136.247916036902,1
17.82,-961.012416,46.7736648870576,155.379054741032,1
17.83,-960.878304,34.5129580487942,114.654667702192,1
17.84,-960.744192,43.1906126942661,143.476801739318,1
17.85,-960.61008,44.7534002424923,148.668060473964,1
17.86,-960.475968,57.3703578958104,190.580230140342,1
17.87,-960.341856,34.8013648674351,115.612406614447,1
17.88,-960.207744,36.894856171674,122.565008068212,1
17.89,-960.073632,38.7669293613146,128.782868050478,1
17.9,-959.93952,22.6760561027695,75.4059239028784,1
17.91,-959.805408,43.9419362365931,145.972534593984,1
17.92,-959.671296,42.5424150379957,141.323647118942,1
17.93,-959.537184,46.8005053151741,155.468214844902,1
17.94,-959.403072,47.6078678887767,158.150164133116,1
17.95,-959.26896,30.4262967258498,101.087042099274,1
17.96,-959.134848,34.7082771644645,115.303279392693,1
17.97,-959.000736,35.9081143149211,119.287874677604,1
17.98,-958.866624,37.0284976310837,123.008866037093,1
17.99,-958.732512,32.3449280640987,107.455930601845,1
18,-958.5984,39.6451158740364,131.699789697704,1
18.01,-958.464288,30.8391476647943,102.457318284816,1
18.02,-958.330176,36.2130826505543,120.300706621626,1
18.03,-958.196064,41.3777016855279,137.454800212888,1
18.04,-958.061952,38.417392775123,127.621893236603,1
18.05,-957.92784,32.1872389137801,106.93240928929,1
18.06,-957.793728,39.8605776557258,132.415462477674,1
18.07,-957.659616,42.710499282846,141.88198039597,1
18.08,-957.525504,38.5474094768227,128.053738121096,1
18.09,-957.391392,25.7349916710234,85.5282595559814,1
18.1,-957.25728,39.8919830022207,132.519778047502,1
18.11,-957.123168,39.2735279837733,130.465541276113,1
18.12,-956.989056,36.4297085731414,121.02015451635,1
18.13,-956.854944,39.6467241925444,131.705131836548,1
18.14,-956.720832,36.5328794578439,121.362803734285,1
18.15,-956.58672,40.8580851148844,135.728804836903,1
18.16,-956.452608,20.1266617136771,66.9987695603949,1
18.17,-956.318496,37.1565499532618,123.434163571456,1
18.18,-956.184384,36.3394318680624,120.7203307248,1
18.19,-956.050272,40.4421610733286,134.347254070661,1
18.2,-955.91616,37.355500363115,124.094938222374,1
18.21,-955.782048,34.5909778190414,114.913752934251,1
18.22,-955.647936,40.0581781715787,133.071810925491,1
18.23,-955.513824,29.5859048534544,98.298110083201,1
18.24,-955.379712,43.665950995773,145.05576965759,1
18.25,-955.2456,47.9973445570623,159.443956153884,1
18.26,-955.111488,47.0782134367699,156.390722587767,1
18.27,-954.977376,42.5435107111791,141.32728666382,1
18.28,-954.843264,35.5971574397286,118.25517296305,1
18.29,-954.709152,26.3585191538377,87.5944342088489,1
18.3,-954.57504,39.0783073978064,129.817110925455,1
18.31,-954.440928,40.1730816026812,133.45347469677,1
18.32,-954.306816,37.1042216953245,123.260366512916,1
18.33,-954.172704,35.5033340464509,117.943585205863,1
18.34,-954.038592,24.1758564911607,80.3655072398217,1
18.35,-953.90448,33.8017008318119,112.292830194999,1
18.36,-953.770368,36.9015026071567,122.587082540054,1
18.37,-953.636256,33.4927655010346,111.267012275607,1
18.38,-953.502144,32.1245700388996,106.724354439057,1
18.39,-953.368032,35.7914950833225,118.900574687483,1
18.4,-953.23392,42.1605941358384,140.055339363648,1
18.41,-953.099808,46.4981210294715,154.463737722611,1
18.42,-952.965696,36.6921623337072,121.891814586408,1
18.43,-952.831584,43.6341905507817,144.950268295588,1
18.44,-952.697472,45.5052891641199,151.165704646361,1
18.45,-952.56336,34.210974684616,113.651868051617,1
18.46,-952.429248,35.5048912100902,117.948756535405,1
18.47,-952.295136,28.9352197552594,96.1391430679022,1
18.48,-952.161024,37.8019944541973,125.577900400209,1
18.49,-952.026912,26.2174476697324,87.126903965113,1
18.5,-951.8928,36.6058522516642,121.605160710355,1
18.51,-951.758688,35.2922047662096,117.242431256983,1
18.52,-951.624576,43.0835788769082,143.121260360327,1
18.53,-951.490464,30.9678100966612,102.884378769486,1
18.54,-951.356352,30.6839502695216,101.942195990521,1
18.55,-951.22224,38.1032076326296,126.578348587712,1
18.56,-951.088128,37.4796197041554,124.507179033159,1
18.57,-950.954016,37.4698507543023,124.474733087644,1
18.58,-950.819904,38.3961184911854,127.551231792913,1
18.59,-950.685792,26.9124475479055,89.4305575005728,1
18.6,-950.55168,43.685989093082,145.122331920842,1
18.61,-950.417568,35.0956561810807,116.589708401698,1
18.62,-950.283456,30.9833931205004,102.936103136564,1
18.63,-950.149344,32.6800229774805,108.568467823411,1
18.64,-950.015232,35.370225726814,117.501535357585,1
18.65,-949.88112,22.723002352432,75.5610428362685,1
18.66,-949.747008,44.2697343366092,147.061413996392,1
18.67,-949.612896,34.1128788755009,113.326125764217,1
18.68,-949.478784,38.7348950005805,128.676466393495,1
18.69,-949.344672,32.1783868039631,106.90302099541,1
18.7,-949.21056,29.5338859028402,98.1254978921862,1
18.71,-949.076448,27.9801388555715,92.9709610785628,1
18.72,-948.942336,35.1120601951193,116.644184537006,1
18.73,-948.808224,41.096695745172,136.521388899633,1
18.74,-948.674112,29.8129321785067,99.0514710919125,1
18.75,-948.54,43.5394068411481,144.635417413472,1
18.76,-948.405888,46.3692248338039,154.0355635624,1
18.77,-948.271776,33.7084999001113,111.983353755969,1
18.78,-948.137664,39.9141031693763,132.593252138946,1
18.79,-948.003552,29.6476479516357,98.5029924309323,1
18.8,-947.86944,32.0039107829037,106.323782107659,1
18.81,-947.735328,29.2932148801113,97.326920210387,1
18.82,-947.601216,36.5169864539595,121.310020067321,1
18.83,-947.467104,29.0152981206107,96.404821254927,1
18.84,-947.332992,31.5614562628839,104.854954749514,1
18.85,-947.19888,36.6829289059463,121.861148378467,1
18.86,-947.064768,31.6689349597661,105.211745269448,1
18.87,-946.930656,38.6281112143126,128.321786384249,1
18.88,-946.796544,38.8474083243516,129.050178198114,1
18.89,-946.662432,34.5919410456964,114.916951592662,1
18.9,-946.52832,38.7985935252268,128.888040206616,1
18.91,-946.394208,34.9366287927445,116.061597245638,1
18.92,-946.260096,30.4472478233394,101.156577256457,1
18.93,-946.125984,29.9671839008356,99.563359182472,1
18.94,-945.991872,32.5564395994704,108.158157273353,1
18.95,-945.85776,31.1445741621963,103.471116182553,1
18.96,-945.723648,35.0239047372381,116.351429585682,1
18.97,-945.589536,27.5822070786822,91.6512607685438,1
18.98,-945.455424,16.0858036854234,53.7868778149931,1
18.99,-945.321312,24.0090117501078,79.8134127801465,1
19,-945.1872,36.3991514364718,120.918669077447,1
19.01,-945.053088,31.4238906438157,104.398295503999,1
19.02,-944.918976,25.3851511427557,84.3693367627155,1
19.03,-944.784864,30.0808284738768,99.940503206746,1
19.04,-944.650752,23.1939316449307,77.117556254997,1
19.05,-944.51664,23.6689745904192,78.6884825371171,1
19.06,-944.382528,30.3034797306819,100.679427651448,1
19.07,-944.248416,29.2708504329426,97.2527146704533,1
19.08,-944.114304,33.0165943585953,109.685953627768,1
19.09,-943.980192,30.7766647126942,102.24992659941,1
19.1,-943.84608,34.2799161013114,113.880800348134,1
19.11,-943.711968,35.3104769238798,117.303112148216,1
19.12,-943.577856,29.62118131119,98.4151676924424,1
19.13,-943.443744,32.5465314160582,108.125261281279,1
19.14,-943.309632,26.7134620754184,88.7709162696686,1
19.15,-943.17552,28.0626598535888,93.2446582451923,1
19.16,-943.041408,17.3040109589903,57.7486085303719,1
19.17,-942.907296,41.0295738410415,136.298432215177,1
19.18,-942.773184,24.286130412631,80.7304516276031,1
19.19,-942.639072,25.3844236556943,84.366927077003,1
19.2,-942.50496,29.9708322074255,99.575466400705,1
19.21,-942.370848,24.2171899660721,80.5022936056875,1
19.22,-942.236736,33.7772880853246,112.211766681354,1
19.23,-942.102624,24.2104878274629,80.4801136407499,1
19.24,-941.968512,29.3301997738248,97.44963757528,1
19.25,-941.8344,23.9541837951599,79.6320035308893,1
19.26,-941.700288,26.2294675801935,87.1667382023971,1
19.27,-941.566176,19.8939317636049,66.2332949156698,1
19.28,-941.432064,27.9187349111915,92.7673081412724,1
19.29,-941.297952,25.0426802463287,83.2350883669725,1
19.3,-941.16384,36.3858610963014,120.874529652269,1
19.31,-941.029728,33.9885347115822,112.913225868547,1
19.32,-940.895616,25.0277371943509,83.1856038431619,1
19.33,-940.761504,16.4865104793582,55.0874020256149,1
19.34,-940.627392,40.7216618612502,135.275654378814,1
19.35,-940.49328,27.0567308302131,89.9088983376432,1
19.36,-940.359168,32.902654837633,109.307646111262,1
19.37,-940.225056,27.079678713094,89.984980116628,1
19.38,-940.090944,40.491281437281,134.510413734151,1
19.39,-939.956832,33.3336682493629,110.738743390642,1
19.4,-939.82272,34.2121307398002,113.65570692819,1
19.41,-939.688608,20.9947989622293,69.8574933552921,1
19.42,-939.554496,30.300630044345,100.669970020543,1
19.43,-939.420384,35.0804258291769,116.53912994116,1
19.44,-939.286272,28.6873840498025,95.3169318897733,1
19.45,-939.15216,29.4548057723265,97.8630941943036,1
19.46,-939.018048,29.184972922925,96.9677761395877,1
19.47,-938.883936,21.4664290443696,71.4124958633869,1
19.48,-938.749824,36.0170107925975,119.649529313813,1
19.49,-938.615712,32.9238231400925,109.377929753836,1
19.5,-938.4816,31.0428345974129,103.133407195846,1
19.51,-938.347488,28.6091535136858,95.0574099591939,1
19.52,-938.213376,26.4776685696501,87.9893390591264,1
19.53,-938.079264,43.7214788142701,145.24022119813,1
19.54,-937.945152,19.0973282608162,63.6164665177546,1
19.55,-937.81104,24.53172182586,81.5433428835671,1
19.56,-937.676928,32.1459375356991,106.795292340614,1
19.57,-937.542816,24.1173388022681,80.1718610217569,1
19.58,-937.408704,13.2143637351478,44.5694913095928,1
19.59,-937.274592,27.2782944444956,90.6435063035477,1
19.6,-937.14048,29.9205760438173,99.4086879164658,1
19.61,-937.006368,31.2190516217883,103.718336622824,1
19.62,-936.872256,28.0346318947034,93.151697073815,1
19.63,-936.738144,27.5034662791311,91.390149272371,1
19.64,-936.604032,26.8051951034984,89.0750054708178,1
19.65,-936.46992,24.2417464192036,80.583561494326,1
19.66,-936.335808,36.8171117836821,122.306800058572,1
19.67,-936.201696,20.8813465339956,69.4836250222506,1
19.68,-936.067584,29.909623542527,99.3723415586132,1
19.69,-935.933472,30.0860536362781,99.9578438099079,1
19.7,-935.79936,31.155227169274,103.506477570465,1
19.71,-935.665248,28.9466846972538,96.177180239328,1
19.72,-935.531136,22.1850448687249,73.7840920180222,1
19.73,-935.397024,35.5430014774641,118.075320628718,1
19.74,-935.262912,34.1824136051787,113.557026284771,1
19.75,-935.1288,31.1796770354383,103.587636239435,1
19.76,-934.994688,32.8922033777442,109.272944920468,1
19.77,-934.860576,22.3299549847047,74.2626273376063,1
19.78,-934.726464,26.6649563683464,88.6101284138949,1
19.79,-934.592352,32.713330344848,108.679053069435,1
19.8,-934.45824,25.3954313239418,84.4033883597294,1
19.81,-934.324128,23.6378028637594,78.5853768770695,1
19.82,-934.190016,30.5166087633696,101.386783282779,1
19.83,-934.055904,33.1217084134304,110.034962799678,1
19.84,-933.921792,20.1212937361048,66.9811091586904,1
19.85,-933.78768,42.928622201721,142.606531190255,1
19.86,-933.653568,27.3498171079732,90.8806592712384,1
19.87,-933.519456,43.2502313228711,143.674841102293,1
19.88,-933.385344,30.5463513664869,101.48549872671,1
19.89,-933.251232,41.4712975306338,137.765696484129,1
19.9,-933.11712,41.6357416062936,138.311929680094,1
19.91,-932.983008,27.5657241735729,91.5966013014244,1
19.92,-932.848896,28.5038045130465,94.7079354338139,1
19.93,-932.714784,28.8295081336825,95.7884303173891,1
19.94,-932.580672,30.6892944941841,101.95993397652,1
19.95,-932.44656,36.7960365894176,122.236804380703,1
19.96,-932.312448,30.1499925716169,100.170037848565,1
19.97,-932.178336,36.616318318504,121.639920646572,1
19.98,-932.044224,32.1843263507278,106.922739809801,1
19.99,-931.910112,23.7675204734933,79.0144601220291,1
20,-931.776,30.2891472006711,100.63186044735,1
