time_s,ue_x_m,SINR_dB,throughput_Mbps,serving_idx
0,-1200,31.2115248770962,103.693352204189,1
0.01,-1199.32944,32.6527488111657,108.477914012277,1
0.02,-1198.65888,34.0922144075184,113.257506567801,1
0.03,-1197.98832,29.8416548585253,99.1467865871507,1
0.04,-1197.31776,28.0963157548912,93.3562870178347,1
0.05,-1196.6472,31.4228310532898,104.394778154886,1
0.06,-1195.97664,30.7247009291219,102.077451744398,1
0.07,-1195.30608,28.9128198721825,96.0648274760822,1
0.08,-1194.63552,31.9024603063779,105.986985731537,1
0.09,-1193.96496,36.534068520497,121.366752837613,1
0.1,-1193.2944,25.4276424818802,84.5100846105576,1
0.11,-1192.62384,38.0770144538628,126.491350236459,1
0.12,-1191.95328,40.0112971206779,132.916090893406,1
0.13,-1191.28272,37.9556965139295,126.088404388008,1
0.14,-1190.61216,27.9828128860121,92.9798298991942,1
0.15,-1189.9416,33.9014881969432,112.624180145375,1
0.16,-1189.27104,31.5466692130575,104.805867554431,1
0.17,-1188.60048,9.9510035434447,34.446426202966,1
0.18,-1187.92992,34.52451308439,114.693039143478,1
0.19,-1187.25936,19.7564787878846,65.7813908390093,1
0.2,-1186.5888,30.6444616666526,101.811130169938,1
0.21,-1185.91824,35.9573387676639,119.451353064945,1
0.22,-1185.24768,34.9154107771178,115.991135188308,1
0.23,-1184.57712,45.6097992902016,151.512870114496,1
0.24,-1183.90656,20.9468386918173,69.6994367444781,1
0.25,-1183.236,21.172840075375,70.4443602741139,1
0.26,-1182.56544,32.981346149816,109.568920282419,1
0.27,-1181.89488,0.817356567992284,11.4213820192068,1
0.28,-1181.22432,24.187061465911,80.4025877807772,1
0.29,-1180.55376,27.9953836543419,93.0215228427171,1
0.3,-1179.8832,27.8395647802526,92.5047385522787,1
0.31,-1179.21264,6.2546466524387,23.8445859857848,1
0.32,-1178.54208,30.6350945952505,101.780040263578,1
0.33,-1177.87152,22.6798881898863,75.4185854782834,1
0.34,-1177.20096,7.57581698181117,27.4898624726755,1
0.35,-1176.5304,32.3415280049009,107.444642430806,1
0.36,-1175.85984,19.4745776064113,64.8550579096816,1
0.37,-1175.18928,25.0008579813616,83.0965935808409,1
0.38,-1174.51872,30.4188673522041,101.062384625493,1
0.39,-1173.84816,23.9581640501019,79.6451726924874,1
0.4,-1173.1776,20.4155694871286,67.9495662302699,1
0.41,-1172.50704,11.3563568273638,38.7438579131502,1
0.42,-1171.83648,6.64188133825523,24.8933087759711,1
0.43,-1171.16592,19.0758972034451,63.5461419394193,1
0.44,-1170.49536,34.1572295685103,113.473398741872,1
0.45,-1169.8248,18.6922231225776,62.2878785623007,1
0.46,-1169.15424,23.0862931628766,76.7617158092102,1
0.47,-1168.48368,29.5553535205841,98.1967326648588,1
0.48,-1167.81312,44.68450433092,148.439200930774,1
0.49,-1167.14256,11.3685477844217,38.7815976528882,1
0.5,-1166.472,15.932762961556,53.2909194560559,1
0.51,-1165.80144,33.9915395075874,112.923203603485,1
0.52,-1165.13088,21.4880730833192,71.4838877338224,1
0.53,-1164.46032,22.9375970988633,76.2702148692997,1
0.54,-1163.78976,13.5456311278896,45.6216137998046,1
0.55,-1163.1192,23.6383505536784,78.5871884249331,1
0.56,-1162.44864,29.9086532085966,99.3691214672393,1
0.57,-1161.77808,30.0769463500792,99.9276197222105,1
0.58,-1161.10752,25.8906233486213,86.0439044358871,1
0.59,-1160.43696,23.4335611795413,77.9098935460509,1
0.6,-1159.7664,27.0367849652478,89.8427701387229,1
0.61,-1159.09584,41.4502408298126,137.695752634668,1
0.62,-1158.42528,23.9281542546882,79.5458827984248,1
0.63,-1157.75472,36.0580719532391,119.785897577496,1
0.64,-1157.08416,27.4836333583025,91.3243828604503,1
0.65,-1156.4136,30.880195981339,102.593566060858,1
0.66,-1155.74304,24.7108345600513,82.1362964236422,1
0.67,-1155.07248,32.1623104129692,106.849648760795,1
0.68,-1154.40192,25.8709202951398,85.978620858342,1
0.69,-1153.73136,29.2222312265908,97.0913970430526,1
0.7,-1153.0608,27.0996122776378,90.0510688143113,1
0.71,-1152.39024,26.8017843463219,89.0636987847699,1
0.72,-1151.71968,27.4941625389019,91.3592977938548,1
0.73,-1151.04912,27.0771904331375,89.9767303952814,1
0.74,-1150.37856,14.1919989635972,47.6841021061388,1
0.75,-1149.708,20.4349459494389,68.0133550569025,1
0.76,-1149.03744,30.4827430416107,101.274383973933,1
0.77,-1148.36688,26.3642038772774,87.6132749040978,1
0.78,-1147.69632,19.8754086341976,66.1723878735172,1
0.79,-1147.02576,26.2141955607634,87.1161264523997,1
0.8,-1146.3552,29.7221136199485,98.7500963233856,1
0.81,-1145.68464,25.7598566590849,85.6106399365185,1
0.82,-1145.01408,25.832714338965,85.8520324325894,1
0.83,-1144.34352,28.5074842364423,94.7201419905182,1
0.84,-1143.67296,29.8043441737284,99.0229721403338,1
0.85,-1143.0024,22.7181378500101,75.5449692215472,1
0.86,-1142.33184,16.69553664358,55.7668745412899,1
0.87,-1141.66128,5.55293355423563,21.9901097848612,1
0.88,-1140.99072,14.8732888098541,49.8702382150826,1
0.89,-1140.32016,27.7767236167608,92.2963299529481,1
0.9,-1139.6496,23.9336996776232,79.5642300818221,1
0.91,-1138.97904,20.4415470289823,68.0350869093986,1
0.92,-1138.30848,32.2801959883834,107.24102148441,1
0.93,-1137.63792,12.5387284064523,42.4352301768436,1
0.94,-1136.96736,30.6334296897154,101.774514342162,1
0.95,-1136.2968,24.7697624698801,82.3313957211794,1
0.96,-1135.62624,24.7507277617567,82.2683743919238,1
0.97,-1134.95568,21.7482322895431,72.3422037105847,1
0.98,-1134.28512,18.3830843084203,61.2751265701671,1
0.99,-1133.61456,13.9570813445409,46.933114568119,1
1,-1132.944,33.8255574458279,112.37204723162,1
1.01,-1132.27344,16.1064263134648,53.8537419131205,1
1.02,-1131.60288,17.9928406336496,59.9981528938047,1
1.03,-1130.93232,3.91093443425899,17.9114602155735,1
1.04,-1130.26176,24.2812955584596,80.7144502637753,1
1.05,-1129.5912,13.7146864777245,46.1598690670841,1
1.06,-1128.92064,29.7873173540265,98.9664694919999,1
1.07,-1128.25008,17.3873850728191,58.0205602941415,1
1.08,-1127.57952,30.5353526693802,101.448994075992,1
1.09,-1126.90896,15.5486578167691,52.0480988721476,1
1.1,-1126.2384,17.363926263128,57.9440322267202,1
1.11,-1125.56784,24.6005931204309,81.7713316583229,1
1.12,-1124.89728,29.3147891024622,97.3985041992654,1
1.13,-1124.22672,20.8181713201805,69.2754731280802,1
1.14,-1123.55616,24.5927481373228,81.7453613063841,1
1.15,-1122.8856,31.3985507583358,104.314179006366,1
1.16,-1122.21504,23.4279387255009,77.8913005448147,1
1.17,-1121.54448,27.2998985040144,90.7151397127322,1
1.18,-1120.87392,24.272382607498,80.6849522630852,1
1.19,-1120.20336,20.7128809976211,68.9286143554182,1
1.2,-1119.5328,11.6856500302382,39.7657368170126,1
1.21,-1118.86224,22.4697475998776,74.7243512054977,1
1.22,-1118.19168,22.3130045638117,74.2066472672031,1
1.23,-1117.52112,30.0770721267532,99.9280371332026,1
1.24,-1116.85056,23.4759265133204,78.0499957670036,1
1.25,-1116.18,25.4510281641777,84.5875487706011,1
1.26,-1115.50944,18.4400230364442,61.4615849289444,1
1.27,-1114.83888,27.2293818232188,90.4813273127892,1
1.28,-1114.16832,7.60820911109471,27.5815107999794,1
1.29,-1113.49776,35.874085462629,119.174862385436,1
1.3,-1112.8272,33.3083492531606,110.65467463803,1
1.31,-1112.15664,13.6548289466507,45.9691893176095,1
1.32,-1111.48608,14.3749849531643,48.2701116690992,1
1.33,-1110.81552,25.6476111020155,85.2387683398271,1
1.34,-1110.14496,34.2733991107266,113.859159457701,1
1.35,-1109.4744,38.6072535648462,128.252508296684,1
1.36,-1108.80384,29.4990477037476,98.0098971155301,1
1.37,-1108.13328,33.0734550397663,109.874747076408,1
1.38,-1107.46272,38.930731251198,129.326935226149,1
1.39,-1106.79216,27.974578815104,92.952520403193,1
1.4,-1106.1216,29.8355028978796,99.1263714045093,1
1.41,-1105.45104,31.368967921318,104.215978355701,1
1.42,-1104.78048,36.9134588669308,122.626792281569,1
1.43,-1104.10992,8.16800406162772,29.1808809087756,1
1.44,-1103.43936,30.112120873614,100.044352740328,1
1.45,-1102.7688,31.3045633503326,104.002188152204,1
1.46,-1102.09824,26.4561698013103,87.9180824401894,1
1.47,-1101.42768,32.2381130875463,107.101308160828,1
1.48,-1100.75712,42.307865805764,140.544536014558,1
1.49,-1100.08656,36.2881104674345,120.549884552401,1
1.5,-1099.416,31.5069168010602,104.673905747731,1
1.51,-1098.74544,30.8110378263237,102.364016580675,1
1.52,-1098.07488,33.9068053973324,112.641836316822,1
1.53,-1097.40432,41.5351109202394,137.977664980602,1
1.54,-1096.73376,30.300909970501,100.67089904824,1
1.55,-1096.0632,40.3430843201003,134.018158286133,1
1.56,-1095.39264,39.9418901976391,132.685549264779,1
1.57,-1094.72208,42.1410385916391,139.99038121066,1
1.58,-1094.05152,35.2700723455291,117.168930732893,1
1.59,-1093.38096,43.0722302033259,143.083562738482,1
1.6,-1092.7104,33.2045309329586,110.309960507504,1
1.61,-1092.03984,32.7671397805749,108.857709085942,1
1.62,-1091.36928,38.7239042787063,128.639960896951,1
1.63,-1090.69872,24.2062906145359,80.4662235081093,1
1.64,-1090.02816,43.8995679884955,145.831796026401,1
1.65,-1089.3576,41.4014374034565,137.533642835742,1
1.66,-1088.68704,39.3164090715627,130.607972412714,1
1.67,-1088.01648,38.8243043907526,128.973438625068,1
1.68,-1087.34592,32.0114805991373,106.348912664639,1
1.69,-1086.67536,35.5284904686475,118.027129571603,1
1.7,-1086.0048,42.7781198126895,142.10659899344,1
1.71,-1085.33424,45.7964364452667,152.132848647211,1
1.72,-1084.66368,42.0375283324435,139.646548825944,1
1.73,-1083.99312,42.0665289839238,139.742880899094,1
1.74,-1083.32256,38.9892431654882,129.521282904543,1
1.75,-1082.652,35.2568699980298,117.125086532456,1
1.76,-1081.98144,43.2463048010851,143.661798096635,1
1.77,-1081.31088,38.4683893269222,127.791275871995,1
1.78,-1080.64032,37.7398408757132,125.371465171847,1
1.79,-1079.96976,28.1534429009324,93.5457674930349,1
1.8,-1079.2992,27.5479547155938,91.5376758632204,1
1.81,-1078.62864,40.9343356599328,135.982083059286,1
1.82,-1077.95808,25.3972238621469,84.4093259042024,1
1.83,-1077.28752,43.9468266391833,145.988779504687,1
1.84,-1076.61696,42.5731288771219,141.425670622636,1
1.85,-1075.9464,45.8083555573713,152.172442039739,1
1.86,-1075.27584,33.4951890541212,111.275059545122,1
1.87,-1074.60528,41.9606046247431,139.391029926,1
1.88,-1073.93472,50.3725681921937,167.334181897735,1
1.89,-1073.26416,34.3311906488521,114.051067528379,1
1.9,-1072.5936,46.0360340149113,152.928754161108,1
1.91,-1071.92304,26.8051532008432,89.0748665630838,1
1.92,-1071.25248,42.9663780486441,142.731947036747,1
1.93,-1070.58192,43.0025761659762,142.852188531748,1
1.94,-1069.91136,46.3025103077402,153.813947856433,1
1.95,-1069.2408,48.9570018780381,162.631823410625,1
1.96,-1068.57024,41.9149225936515,139.23928721604,1
1.97,-1067.89968,38.1610068443663,126.770323898378,1
1.98,-1067.22912,51.3649681569398,170.630836173624,1
1.99,-1066.55856,51.3424784153167,170.556127416095,1
2,-1065.888,48.4082802125426,160.809034197395,1
2.01,-1065.21744,48.4583158399577,160.975246569688,1
2.02,-1064.54688,15.2656367523989,51.1342402735453,1
2.03,-1063.87632,34.514828073431,114.660877593256,1
2.04,-1063.20576,40.5601023617382,134.73901164277,1
2.05,-1062.5352,48.2267449105737,160.205995861913,1
2.06,-1061.86464,42.1397091804229,139.985965271957,1
2.07,-1061.19408,37.5470778811923,124.731230525948,1
2.08,-1060.52352,40.8393229364744,135.666483355193,1
2.09,-1059.85296,40.6148916313145,134.921001760194,1
2.1,-1059.1824,50.7638455757042,168.633965823233,1
2.11,-1058.51184,44.7915719619776,148.794859955928,1
2.12,-1057.84128,47.7127347947831,158.498518484027,1
2.13,-1057.17072,45.3065393791173,150.505491168219,1
2.14,-1056.50016,53.1525832722083,176.569129497391,1
2.15,-1055.8296,48.7675599854141,162.002519243542,1
2.16,-1055.15904,52.3027382925212,173.746020671853,1
2.17,-1054.48848,43.4608667235084,144.374524443562,1
2.18,-1053.81792,46.6526099402593,154.976927483876,1
2.19,-1053.14736,43.8449816864248,145.650471690109,1
2.2,-1052.4768,47.5491333978864,157.955055785136,1
2.21,-1051.80624,46.0265809352543,152.897352493321,1
2.22,-1051.13568,52.9584764000475,175.924323616241,1
2.23,-1050.46512,36.488784966531,121.216357708413,1
2.24,-1049.79456,46.7960708198401,155.453484078156,1
2.25,-1049.124,47.7291570831256,158.553071223073,1
2.26,-1048.45344,47.2206924691594,156.864018563938,1
2.27,-1047.78288,39.5152916918007,131.268570599358,1
2.28,-1047.11232,45.1957617047248,150.137506682501,1
2.29,-1046.44176,50.2883948549138,167.054566715095,1
2.3,-1045.7712,34.2826894646771,113.890009825407,1
2.31,-1045.10064,54.4814077734384,180.983370539869,1
2.32,-1044.43008,42.1459553598123,140.006713363994,1
2.33,-1043.75952,41.1404998407225,136.666891708915,1
2.34,-1043.08896,49.4620123961848,164.309411902784,1
2.35,-1042.4184,40.4794967749963,134.471269433916,1
2.36,-1041.74784,42.4717005257174,141.088751781721,1
2.37,-1041.07728,49.3472524943425,163.928192133137,1
2.38,-1040.40672,41.9514493344614,139.360618648346,1
2.39,-1039.73616,51.76787963577,171.969269799992,1
2.4,-1039.0656,51.1356675988653,169.869121919879,1
2.41,-1038.39504,53.8452375570142,178.870066934743,1
2.42,-1037.72448,52.6556211360992,174.918265478621,1
2.43,-1037.05392,37.8686007222171,125.799125215889,1
2.44,-1036.38336,47.5512624156547,157.962128104754,1
2.45,-1035.7128,58.4225165554054,194.075419864859,1
2.46,-1035.04224,50.8000494623395,168.754231526894,1
2.47,-1034.37168,58.8668383881972,195.551423026904,1
2.48,-1033.70112,60.964988637768,202.521320112778,1
2.49,-1033.03056,53.4853783269469,177.674645589969,1
2.5,-1032.36,40.2180056686358,133.602694948484,1
2.51,-1031.68944,55.7271677042739,185.121682633764,1
2.52,-1031.01888,54.2200943849071,180.115309441101,1
2.53,-1030.34832,53.8390146260303,178.849394890819,1
2.54,-1029.67776,54.3373203325807,180.504724156161,1
2.55,-1029.0072,54.9280737497157,182.46715777104,1
2.56,-1028.33664,50.3570481347766,167.28262585699,1
2.57,-1027.66608,57.6624767741604,191.550626329931,1
2.58,-1026.99552,52.769703099593,175.297235528948,1
2.59,-1026.32496,55.4434988703733,184.179357769407,1
2.6,-1025.6544,55.8624192941436,185.570977506799,1
2.61,-1024.98384,58.2148377806989,193.385526924594,1
2.62,-1024.31328,50.7864463508985,168.709043345264,1
2.63,-1023.64272,52.6568165243045,174.922236450743,1
2.64,-1022.97216,47.5868859273537,158.080464777948,1
2.65,-1022.3016,44.8525229464362,148.997328073157,1
2.66,-1021.63104,51.2874691528348,170.373391951561,1
2.67,-1020.96048,55.5256880248969,184.452383458677,1
2.68,-1020.28992,56.4306901872668,187.458727964431,1
2.69,-1019.61936,57.2217275631929,190.086491782935,1
2.7,-1018.9488,57.2850085099793,190.296706142269,1
2.71,-1018.27824,53.5992778937943,178.053010087327,1
2.72,-1017.60768,49.4448002103484,164.252234907536,1
2.73,-1016.93712,60.4862612665428,200.931023554793,1
2.74,-1016.26656,49.595159021825,164.751710488931,1
2.75,-1015.596,56.9434482675442,189.162069782524,1
2.76,-1014.92544,58.85760962688,195.520765785242,1
2.77,-1014.25488,56.921904349109,189.090502579626,1
2.78,-1013.58432,66.9007783935484,222.239578260439,1
2.79,-1012.91376,59.4551908218502,197.505885133169,1
2.8,-1012.2432,61.8319210320979,205.401205099369,1
2.81,-1011.57264,70.5900710590074,234.495141530423,1
2.82,-1010.90208,66.5898150025357,221.206580453958,1
2.83,-1010.23152,63.1252308570811,209.69748490547,1
2.84,-1009.56096,78.6790027945642,261.365990056542,1
2.85,-1008.8904,65.8056030281396,218.601485289963,1
2.86,-1008.21984,68.1852203102591,226.506401195785,1
2.87,-1007.54928,69.8117732468199,231.909692409114,1
2.88,-1006.87872,81.1995559179795,269.739086205764,1
2.89,-1006.20816,63.0990579684138,209.610540493746,1
2.9,-1005.5376,79.2670204235148,263.319342313678,1
2.91,-1004.86704,76.6895212036359,254.757075379006,1
2.92,-1004.19648,86.1512598175711,286.188290432929,1
2.93,-1003.52592,91.3515909004051,303.463416335281,1
2.94,-1002.85536,89.0922126962236,295.957924409047,1
2.95,-1002.1848,91.0749358427056,302.544388127211,1
2.96,-1001.51424,103.591175084063,344.122434894777,1
2.97,-1000.84368,96.948128782639,322.05471275272,1
2.98,-1000.17312,93.2229953378332,309.680087309171,1
2.99,-999.50256,113.828626546022,378.130512525733,1
3,-998.832,90.9758800552542,302.215331924175,1
3.01,-998.16144,95.4095612797239,316.943702140144,1
3.02,-997.49088,84.4360352639875,280.490437816289,1
3.03,-996.82032,86.9219403051863,288.748435591228,1
3.04,-996.14976,96.5887449634884,320.860865547287,1
3.05,-995.4792,80.6529221862779,267.923208269492,1
3.06,-994.80864,79.1288871949003,262.860473666226,1
3.07,-994.13808,79.2841030597148,263.376089602135,1
3.08,-993.46752,84.3961232857902,280.357853095072,1
3.09,-992.79696,75.7787948763528,251.731708077788,1
3.1,-992.1264,59.11811762222,196.386153521234,1
3.11,-991.45584,65.266158604468,216.809490204558,1
3.12,-990.78528,77.4509556849714,257.286505925248,1
3.13,-990.11472,70.8477172986924,235.351023740033,1
3.14,-989.44416,71.0197036716464,235.922350058203,1
3.15,-988.7736,59.175921180974,196.578172553351,1
3.16,-988.10304,63.1245269581981,209.695146605133,1
3.17,-987.43248,74.3109371252934,246.855590328584,1
3.18,-986.76192,63.608130760795,211.301642923366,1
3.19,-986.09136,66.2619421520739,220.11741066855,1
3.2,-985.4208,65.9428037291091,219.057256035298,1
3.21,-984.75024,59.7212629034593,198.389756484403,1
3.22,-984.07968,66.3949784753408,220.559347665523,1
3.23,-983.40912,61.1307771061081,203.072057050869,1
3.24,-982.73856,62.6036377795091,207.964791103462,1
3.25,-982.068,54.9207639858436,182.442875339203,1
3.26,-981.39744,62.6950159704739,208.268342718355,1
3.27,-980.72688,60.3659309951734,200.53129540805,1
3.28,-980.05632,52.8203542601941,175.465494158337,1
3.29,-979.38576,46.7235853548006,155.21269765292,1
3.3,-978.7152,39.752493653954,132.056452732954,1
3.31,-978.04464,55.2722715974552,183.610554737427,1
3.32,-977.37408,58.6174248847836,194.722890409691,1
3.33,-976.70352,57.4855729970435,190.96296573007,1
3.34,-976.03296,58.8868578696558,195.617926218676,1
3.35,-975.3624,57.3783632694286,190.606823367197,1
3.36,-974.69184,51.9531306945882,172.584656487016,1
3.37,-974.02128,67.9107552024762,225.594647986114,1
3.38,-973.35072,45.6603782160171,151.680885078866,1
3.39,-972.68016,55.8232839382492,185.440973007141,1
3.4,-972.0096,66.6968218063734,221.562049284973,1
3.41,-971.33904,49.2127028814403,163.481233269667,1
3.42,-970.66848,51.2853228366238,170.366262096459,1
3.43,-969.99792,51.1770398630681,170.006556553601,1
3.44,-969.32736,37.9526889696297,126.078415142078,1
3.45,-968.6568,50.6893897766021,168.386631104691,1
3.46,-967.98624,39.4451015767617,131.035430362831,1
3.47,-967.31568,53.9464033345101,179.20613100284,1
3.48,-966.64512,61.3336089421172,203.745849318051,1
3.49,-965.97456,44.8559579035411,149.008738380528,1
3.5,-965.304,53.7578972369231,178.579929880693,1
3.51,-964.63344,42.4298915599979,140.949873302604,1
3.52,-963.96288,54.5909743629023,181.347341590936,1
3.53,-963.29232,54.1498570961632,179.881987108465,1
3.54,-962.62176,52.7477107819226,175.224179018076,1
3.55,-961.9512,43.970987259098,146.069036121318,1
3.56,-961.28064,44.016084606225,146.218840293022,1
3.57,-960.61008,53.8476855613554,178.878198995601,1
3.58,-959.93952,48.8382734075928,162.237421052799,1
3.59,-959.26896,49.2198495854541,163.50497382216,1
3.6,-958.5984,50.7174215630196,168.479749891591,1
3.61,-957.92784,35.6761413406418,118.51748016325,1
3.62,-957.25728,57.9415655633322,192.477737681479,1
3.63,-956.58672,43.2688409074642,143.736657885731,1
3.64,-955.91616,46.0602570062788,153.009219197765,1
3.65,-955.2456,47.8551493134092,158.971601393912,1
3.66,-954.57504,49.6313210593346,164.871836864148,1
3.67,-953.90448,50.7779024434422,168.680661336088,1
3.68,-953.23392,49.8547005061555,165.613879450722,1
3.69,-952.56336,45.5685364350625,151.375801661355,1
3.7,-951.8928,35.1162436933628,116.658077537975,1
3.71,-951.22224,43.0746246406526,143.09151649516,1
3.72,-950.55168,38.9115154552175,129.26310991602,1
3.73,-949.88112,38.4591405529435,127.760556485457,1
3.74,-949.21056,43.4679822199872,144.398160546754,1
3.75,-948.54,40.9303927948069,135.968986201499,1
3.76,-947.86944,49.3182808720989,163.831951609482,1
3.77,-947.19888,54.5491034618865,181.208249954116,1
3.78,-946.52832,38.2950595560876,127.215570407796,1
3.79,-945.85776,45.4136538257539,150.861307301036,1
3.8,-945.1872,23.8292244902893,79.2185851681222,1
3.81,-944.51664,48.9043718798364,162.456992577378,1
3.82,-943.84608,50.5779833096536,168.016550030636,1
3.83,-943.17552,34.0269223224047,113.040696094684,1
3.84,-942.50496,50.8139505853554,168.800409674517,1
3.85,-941.8344,52.9380482044683,175.856462963604,1
3.86,-941.16384,39.222551471933,130.296221102193,1
3.87,-940.49328,30.348664527148,100.829389181084,1
3.88,-939.82272,43.1385229884687,143.303771831801,1
3.89,-939.15216,37.4270332149479,124.33252189195,1
3.9,-938.4816,40.5225975204565,134.614434254616,1
3.91,-937.81104,40.6967564291476,135.192927350504,1
3.92,-937.14048,35.3383944735861,117.395825032884,1
3.93,-936.46992,23.9869361346147,79.7403700969872,1
3.94,-935.79936,37.4410592461733,124.379106948243,1
3.95,-935.1288,43.2631736833027,143.71783266201,1
3.96,-934.45824,44.1914226800986,146.801278125304,1
3.97,-933.78768,42.9790695332969,142.774105109959,1
3.98,-933.11712,45.0208419197217,149.556453657522,1
3.99,-932.44656,27.697240310908,92.0327359834079,1
4,-931.776,49.9223219834527,165.838510831224,1
4.01,-931.10544,40.8097925233911,135.568393559083,1
4.02,-930.43488,41.3556284636569,137.381479909528,1
4.03,-929.76432,27.9724242525787,92.9453744962211,1
4.04,-929.09376,54.9082278340851,182.401231278783,1
4.05,-928.4232,21.799951211555,72.5128758771884,1
4.06,-927.75264,47.734267427279,158.570047132696,1
4.07,-927.08208,41.1769716046309,136.788039008389,1
4.08,-926.41152,40.1994517613677,133.54106607636,1
4.09,-925.74096,41.9425277095681,139.330983544774,1
4.1,-925.0704,43.6779201655915,145.095528672048,1
4.11,-924.39984,31.3588042140158,104.182239896315,1
4.12,-923.72928,43.4036454715562,144.184448183011,1
4.13,-923.05872,39.9062437075147,132.567146236926,1
4.14,-922.38816,20.2339477008292,67.351779271047,1
4.15,-921.7176,38.9221944129631,129.298580094034,1
4.16,-921.04704,43.4323031793586,144.27964269443,1
4.17,-920.37648,41.7071638093864,138.549172957571,1
4.18,-919.70592,36.7012849607356,121.922112814897,1
4.19,-919.03536,25.0872798787312,83.3827850152497,1
4.2,-918.3648,39.4907954689905,131.187205031569,1
4.21,-917.69424,39.7973068995058,132.205303435381,1
4.22,-917.02368,22.2913246724169,74.1350496154653,1
4.23,-916.35312,25.7215261477493,85.4836473524748,1
4.24,-915.68256,38.5892694189498,128.192774506034,1
4.25,-915.012,34.3941388587501,114.260100404177,1
4.26,-914.34144,26.1045840961335,86.7528846143614,1
4.27,-913.67088,22.3531952077927,74.3393820279885,1
4.28,-913.00032,39.0044727068957,129.571867973122,1
4.29,-912.32976,32.3271774924068,107.396998893746,1
4.3,-911.6592,30.1449344555854,100.153251376873,1
4.31,-910.98864,27.2697319228871,90.615115406071,1
4.32,-910.31808,29.2313731655248,97.1217296633678,1
4.33,-909.64752,18.0890863469688,60.3129320565291,1
4.34,-908.97696,22.0813378325871,73.4416799715137,1
4.35,-908.3064,25.5739202073359,84.9946432062268,1
4.36,-907.63584,16.5009042110877,55.1341684784199,1
4.37,-906.96528,30.1684276000934,100.231218708931,1
4.38,-906.29472,30.8473231805602,102.484454413062,1
4.39,-905.62416,28.7083909150978,95.386621131752,1
4.4,-904.9536,29.0970620396406,96.6760979819628,1
4.41,-904.28304,25.9189152720031,86.1376474783504,1
4.42,-903.61248,27.0459312223901,89.8730934178174,1
4.43,-902.94192,33.0380311031036,109.757129502777,1
4.44,-902.27136,33.7774153514199,112.212189273085,1
4.45,-901.6008,35.1911477508849,116.906827503625,1
4.46,-900.93024,46.2922479760634,153.779857928145,1
4.47,-900.25968,26.2018952513985,87.0753633121603,1
4.48,-899.58912,43.6352266384689,144.953709955347,1
4.49,-898.91856,27.9082424736782,92.7325092804552,1
4.5,-898.248,36.9460495353173,122.735034189196,1
4.51,-897.57744,15.217351741828,50.9784995348968,1
4.52,-896.90688,32.3741461114344,107.552934511637,1
4.53,-896.23632,46.2067902656336,153.495980291597,1
4.54,-895.56576,37.7038919095274,125.252065466293,1
4.55,-894.8952,24.244340583487,80.5921468030138,1
4.56,-894.22464,26.1667410512235,86.9588640608754,1
4.57,-893.55408,26.2285798398353,87.163796203118,1
4.58,-892.88352,25.0607308181564,83.294864277651,1
4.59,-892.21296,35.8076783997828,118.954320363195,1
4.6,-891.5424,26.5458790877658,88.2154247180199,1
4.61,-890.87184,29.604887925278,98.3611013409705,1
4.62,-890.20128,18.6519961015784,62.1560372459357,1
4.63,-889.53072,35.0932301800393,116.581651893567,1
4.64,-888.86016,36.2408883176689,120.393053033233,1
4.65,-888.1896,19.4583150792054,64.8016389829021,1
4.66,-887.51904,32.2997239597268,107.305853736602,1
4.67,-886.84848,30.6486930863835,101.825174540374,1
4.68,-886.17792,29.630531044136,98.4461930163293,1
4.69,-885.50736,26.9656277782776,89.6068616539938,1
4.7,-884.8368,39.3629541206751,130.762573720092,1
4.71,-884.16624,43.1661386270573,143.395504558417,1
4.72,-883.49568,29.675553568504,98.595592779184,1
4.73,-882.82512,24.3153596302431,80.8271896319925,1
4.74,-882.15456,16.6769135166258,55.7063088389396,1
4.75,-881.484,29.2647852041668,97.2325902365902,1
4.76,-880.81344,29.0481325843763,96.5137588358575,1
4.77,-880.14288,31.062314414208,103.198067003403,1
4.78,-879.47232,27.0048420686574,89.7368684250391,1
4.79,-878.80176,34.2231145086103,113.692180407709,1
4.8,-878.1312,25.3706614297022,84.3213421019776,1
4.81,-877.46064,29.478692191952,97.9423535486786,1
4.82,-876.79008,26.3665344907892,87.6209991975994,1
4.83,-876.11952,35.4901655179567,117.899852635835,1
4.84,-875.44896,31.9729251692329,106.220915205157,1
4.85,-874.7784,28.1842136843183,93.6478302315718,1
4.86,-874.10784,10.6978792185128,36.7166018218672,1
4.87,-873.43728,34.6334540552164,115.05480716505,1
4.88,-872.76672,12.9130698870686,43.6157285497777,1
4.89,-872.09616,29.5764746709913,98.2668181549913,1
4.9,-871.4256,23.0696736740437,76.7067775062154,1
4.91,-870.75504,25.5021712096976,84.7569622359739,1
4.92,-870.08448,31.6402915727055,105.11665895895,1
4.93,-869.41392,35.3458697544649,117.420650122781,1
4.94,-868.74336,33.8806876645109,112.555110467751,1
4.95,-868.0728,29.922592378372,99.4153792216515,1
4.96,-867.40224,25.377734552493,84.3447705363177,1
4.97,-866.73168,30.7325355794788,102.103455901771,1
4.98,-866.06112,25.5247595658883,84.8317888934678,1
4.99,-865.39056,25.7500546445514,85.5781646583158,1
5,-864.72,31.2193727094422,103.71940244798,1
5.01,-864.04944,27.9838358340386,92.9832226611313,1
5.02,-863.37888,20.3509088632648,67.7367170189968,1
5.03,-862.70832,23.6306984166699,78.561878184429,1
5.04,-862.03776,28.8043355771718,95.7049185566707,1
5.05,-861.3672,30.7461598478472,102.148676599706,1
5.06,-860.69664,24.7021478682229,82.1075371615567,1
5.07,-860.02608,-0.726896885516095,8.84311133840306,1
5.08,-859.35552,26.713765533021,88.7719221901152,1
5.09,-858.68496,20.1653262329176,67.1259802550117,1
5.1,-858.0144,19.2406541232129,64.0868882349238,1
5.11,-857.34384,17.7272520954912,59.1300973351257,1
5.12,-856.67328,23.4753610798878,78.0481258374419,1
5.13,-856.00272,8.702273156021,30.7330329718683,1
5.14,-855.33216,25.4645122785457,84.6322149125524,1
5.15,-854.6616,23.6118961174652,78.4996884387603,1
5.16,-853.99104,34.6490374179189,115.10655620172,1
5.17,-853.32048,32.6200051217245,108.369201074418,1
5.18,-852.64992,24.3630530462538,80.9850425192621,1
5.19,-851.97936,15.7502023405081,52.6998657845617,1
5.2,-851.3088,18.0831437969756,60.2934933665323,1
5.21,-850.63824,20.1657237313187,67.1272881264994,1
5.22,-849.96768,23.9839211330408,79.7303943262843,1
5.23,-849.29712,20.529145513597,68.3235035297836,1
5.24,-848.62656,21.959894190175,73.0407705925837,1
5.25,-847.956,22.5653471991135,75.0401574168852,1
5.26,-847.28544,19.5476595886558,65.0951440457199,1
5.27,-846.61488,28.6309195674055,95.1296160111452,1
5.28,-845.94432,23.2735857777112,77.380910805191,1
5.29,-845.27376,27.8913630318562,92.6765277839774,1
5.3,-844.6032,25.77796595747,85.6706387767116,1
5.31,-843.93264,30.6550133562388,101.846151968643,1
5.32,-843.26208,23.6608511332807,78.6616125483006,1
5.33,-842.59152,28.2744242093715,93.9470532559141,1
5.34,-841.92096,20.0648937788368,66.7955686253939,1
5.35,-841.2504,19.7591791427468,65.7902673680711,1
5.36,-840.57984,16.2288183925386,54.2507250727881,1
5.37,-839.90928,25.9509164121426,86.2436825944693,1
5.38,-839.23872,20.9073867606608,69.5694304240159,1
5.39,-838.56816,33.4507658805695,111.127555256114,1
5.4,-837.8976,21.8902476577425,72.8108855542119,1
5.41,-837.22704,25.1604096339296,83.6249724620823,1
5.42,-836.55648,20.0796769374403,66.8441989391219,1
5.43,-835.88592,28.8885758560291,95.9843941993075,1
5.44,-835.21536,26.7527437543415,88.9011309015289,1
5.45,-834.5448,22.9082014617734,76.1730603253279,1
5.46,-833.87424,25.8785868250671,86.0040228456603,1
5.47,-833.20368,6.34153323618717,24.078384557434,1
5.48,-832.53312,27.5883360939759,91.6715854763582,1
5.49,-831.86256,15.1459322360532,50.7482325550019,1
5.5,-831.192,27.2185111380351,90.445283979793,1
5.51,-830.52144,27.0003381637202,89.7219365519335,1
5.52,-829.85088,26.4330752011695,87.8415374014056,1
5.53,-829.18032,7.45993178199107,27.1628198255561,1
5.54,-828.50976,23.8854949284363,79.4047456484405,1
5.55,-827.8392,16.4883463011969,55.0933665769937,1
5.56,-827.16864,21.869816663664,72.7434526511637,1
5.57,-826.49808,19.8122112106569,65.9646045163284,1
5.58,-825.82752,27.8751196996576,92.622656309538,1
5.59,-825.15696,23.5794076022823,78.3922334563632,1
5.6,-824.4864,31.6814048330149,105.253141144208,1
5.61,-823.81584,14.3315820825748,48.1310346652937,1
5.62,-823.14528,14.4383907574721,48.4733725310194,1
5.63,-822.47472,20.8377956982565,69.340129565755,1
5.64,-821.80416,28.6704323274815,95.2606957170144,1
5.65,-821.1336,23.0110501226861,76.5129965125212,1
5.66,-820.46304,36.8596792065454,122.448176698614,1
5.67,-819.79248,21.7129186276958,72.2256765605301,1
5.68,-819.12192,24.3628899431069,80.9845026791599,1
5.69,-818.45136,26.456974381309,87.9207491670359,1
5.7,-817.7808,22.813111562926,75.8588049125738,1
5.71,-817.11024,25.8887985129033,86.0378580413382,1
5.72,-816.43968,33.0067275381333,109.653193134786,1
5.73,-815.76912,21.5951596987365,71.837144690732,1
5.74,-815.09856,15.2875484459531,51.204931811913,1
5.75,-814.428,9.13032642709329,31.9932104355365,1
5.76,-813.75744,12.4149318728745,42.0459931535101,1
5.77,-813.08688,24.6914810575748,82.0722225329707,1
5.78,-812.41632,14.3132947017012,48.0724506869611,1
5.79,-811.74576,12.2500766812409,41.5285970452401,1
5.8,-811.0752,16.3653374122434,54.6938364943639,1
5.81,-810.40464,6.60783683473657,24.8004210481283,1
5.82,-809.73408,22.7948651827914,75.7985079027362,1
5.83,-809.06352,20.8658262264495,69.4324858871065,1
5.84,-808.39296,22.1975933111685,73.8255268721986,1
5.85,-807.7224,18.4441235512549,61.4750143022284,1
5.86,-807.05184,25.9536770620602,86.2528300438599,1
5.87,-806.38128,23.5060786826539,78.1497127613491,1
5.88,-805.71072,33.187471575305,110.253317683985,1
5.89,-805.04016,6.82417956037137,25.3928866903048,1
5.9,-804.3696,17.587371646512,58.6732597186844,1
5.91,-803.69904,16.6566615591631,55.6404520947537,1
5.92,-803.02848,37.1958073253315,123.564548757548,1
5.93,-802.35792,12.2212971727991,41.438384929568,1
5.94,-801.68736,27.3682161801694,90.9416675965024,1
5.95,-801.0168,27.5499122392995,91.5441672021338,1
5.96,-800.34624,17.3986917249281,58.0574478590785,1
5.97,-799.67568,23.9412418980736,79.5891840117562,1
5.98,-799.00512,13.2541144073096,44.6955538162492,1
5.99,-798.33456,20.1605396594708,67.1102312928001,1
6,-797.664,21.6217667009764,71.9249251280989,1
6.01,-796.99344,12.9668322780593,43.785686619945,1
6.02,-796.32288,13.1626991587171,44.4057244450848,1
6.03,-795.65232,18.0217485656676,60.0926872091804,1
6.04,-794.98176,28.3806728243512,94.2994855128655,1
6.05,-794.3112,25.4684099451781,84.6451260103228,1
6.06,-793.64064,22.2724518968462,74.072724145652,1
6.07,-792.97008,3.50619798036328,16.9684777064321,1
6.08,-792.29952,17.7883586207307,59.3297431478503,1
6.09,-791.62896,10.8604217646793,37.2149076830821,1
6.1,-790.9584,21.6937669175663,72.162482869988,1
6.11,-790.28784,3.487948303958,16.9265808527203,1
6.12,-789.61728,14.627876471632,49.0814185492358,1
6.13,-788.94672,11.5320456988392,39.2884301183308,1
6.14,-788.27616,10.5960328945407,36.4051138940854,1
6.15,-787.6056,9.34627982039293,32.6341988172836,1
6.16,-786.93504,13.8549779764947,46.6071937526883,1
6.17,-786.26448,5.53024821642996,21.9311965015998,1
6.18,-785.59392,9.90255921188426,34.3003533227399,1
6.19,-784.92336,4.98330401481675,20.5316138196577,1
6.2,-784.2528,8.09370753263443,28.9669698254937,1
6.21,-783.58224,13.2777263191424,44.7704596739625,1
6.22,-782.91168,11.65224310998,39.6618363842569,1
6.23,-782.24112,2.73499703484969,15.2464201069949,1
6.24,-781.57056,14.3963231568838,48.3385042446643,1
6.25,-780.9,0.334989445868293,10.5671322347745,2
6.26,-780.22944,13.4184696580957,45.2173267639383,1
6.27,-779.55888,10.1459322505797,35.0356890280326,1
6.28,-778.88832,7.28356201080537,26.6676336232609,1
6.29,-778.21776,8.09346469013728,28.9662714461904,1
6.3,-777.5472,14.7504208626403,49.4751278072611,1
6.31,-776.87664,0.834847262855078,11.4531881689893,1
6.32,-776.20608,2.73549852791949,15.2475070345629,1
6.33,-775.53552,9.52021058913528,33.1528824678646,1
6.34,-774.86496,1.72701168234869,13.1518166655217,1
6.35,-774.1944,1.16410664880239,12.0627223581597,1
6.36,-773.52384,1.79657680615218,13.2904820093488,2
6.37,-772.85328,1.08372262072913,11.9120270448755,1
6.38,-772.18272,1.4631437142953,12.6339551792225,1
6.39,-771.51216,0.241089013116908,10.4059968581999,1
6.4,-770.8416,2.68725496244606,15.1431447212792,2
6.41,-770.17104,2.08118545026792,13.8670020078594,2
6.42,-769.50048,6.33020746759817,24.0478583497941,2
6.43,-768.82992,4.08304944686583,18.3203246732805,2
6.44,-768.15936,6.5088518353079,24.5310915707631,2
6.45,-767.4888,-1.49979915472265,7.7228983560439,2
6.46,-766.81824,0.271097273612765,10.4573086239897,3
6.47,-766.14768,3.78013961754357,17.6038620184207,2
6.48,-765.47712,1.13396032309529,12.0060648838982,1
6.49,-764.80656,7.8461900230534,28.2579050582994,2
6.5,-764.136,8.35672483126454,29.7264022044635,2
6.51,-763.46544,11.1920532722159,38.2359325926459,2
6.52,-762.79488,13.6124650137283,45.8343020033001,1
6.53,-762.12432,0.718153497007851,11.2420828165628,2
6.54,-761.45376,8.08129333182212,28.9312751323519,1
6.55,-760.7832,3.3768041490783,16.6725990080758,2
6.56,-760.11264,1.18017132665398,12.092984293706,1
6.57,-759.44208,9.93920939990731,34.4108498002691,1
6.58,-758.77152,-0.281268972972185,9.54038516706834,1
6.59,-758.10096,-1.01413262325883,8.41367395774882,2
6.6,-757.4304,6.54788761041512,24.6371717843732,1
6.61,-756.75984,3.96827011836043,18.0471496395233,1
6.62,-756.08928,2.88674257751336,15.5772940735524,2
6.63,-755.41872,6.41727767336722,24.2829221714143,1
6.64,-754.74816,-0.575132950117606,9.07632835821933,1
6.65,-754.0776,1.4614383229168,12.6306501660665,1
6.66,-753.40704,6.54350029576,24.6252405542223,3
6.67,-752.73648,-0.317188362097996,9.48277885096029,2
6.68,-752.06592,9.00400598288382,31.6198644375154,3
6.69,-751.39536,2.10860840030421,13.923327940704,1
6.7,-750.7248,1.76035636679056,13.2181723360523,1
6.71,-750.05424,3.22587380660348,16.3309664660988,1
6.72,-749.38368,-1.27519680266663,8.03686712506359,3
6.73,-748.71312,-2.02976475894653,7.01901920206927,3
6.74,-748.04256,0.824866824088063,11.4350320260969,3
6.75,-747.372,3.0064216047089,15.8410372148799,1
6.76,-746.70144,6.71782194036083,25.1009732879109,1
6.77,-746.03088,0.784914077187121,11.362540150139,1
6.78,-745.36032,1.02912691541919,11.8103704670191,1
6.79,-744.68976,-1.07181051856191,8.3293214776924,3
6.8,-744.0192,7.28205727689634,26.6634223005359,1
6.81,-743.34864,1.42109223260279,12.55261806733,1
6.82,-742.67808,3.97392117057544,18.060551160069,1
6.83,-742.00752,15.9476167926989,53.3390373860584,1
6.84,-741.33696,2.49623020987791,14.733902713021,1
6.85,-740.6664,5.12336727336814,20.8861466829837,1
6.86,-739.99584,1.39961187247637,12.5111971917838,2
6.87,-739.32528,12.813139999756,43.3000947208505,1
6.88,-738.65472,4.61144935218373,19.6038001460992,1
6.89,-737.98416,-1.08332165860132,8.31256175775957,1
6.9,-737.3136,7.83288510623662,28.2199491155842,2
6.91,-736.64304,1.20553726478888,12.1408661753762,2
6.92,-735.97248,-1.21048322085637,8.1290782287556,3
6.93,-735.30192,-2.17924232585273,6.82974582477457,2
6.94,-734.63136,3.47905922098323,16.9061933698186,1
6.95,-733.9608,5.54685683394508,21.9743221028597,1
6.96,-733.29024,2.16866347508004,14.0471528376737,1
6.97,-732.61968,9.81907864055704,34.0489919319765,2
6.98,-731.94912,5.61216507371588,22.1442482580357,2
6.99,-731.27856,1.34467107273083,12.4056454443228,2
7,-730.608,3.73723979679915,17.5035631195625,2
7.01,-729.93744,13.6392387394537,45.9195435448369,2
7.02,-729.26688,9.54089711837367,33.2147127854209,1
7.03,-728.59632,2.25526703845471,14.2268580337524,2
7.04,-727.92576,7.12522290600091,26.2257581855206,2
7.05,-727.2552,7.58026100438524,27.5024301177879,1
7.06,-726.58464,3.64610091236409,17.2914596603493,1
7.07,-725.91408,0.0739244445361834,10.1233083452342,2
7.08,-725.24352,6.53465026172994,24.6011796875046,2
7.09,-724.57296,4.31795389414096,18.8857171820735,1
7.1,-723.9024,2.20247250526835,14.117147584802,1
7.11,-723.23184,6.22513039988956,23.7653651501851,1
7.12,-722.56128,7.42431016197521,27.0625562707473,2
7.13,-721.89072,-0.139319797096176,9.77045059089758,2
7.14,-721.22016,1.90522382926896,13.508823130259,1
7.15,-720.5496,12.9772815724994,43.8187315635931,1
7.16,-719.87904,-0.975557989046792,8.47043853991189,1
7.17,-719.20848,12.3835985071608,41.9475705638171,1
7.18,-718.53792,5.92151986846117,22.9565749779158,1
7.19,-717.86736,0.990844847961696,11.7394248730574,1
7.2,-717.1968,9.4167175702154,32.8439968715288,1
7.21,-716.52624,1.88395516020933,13.4659110509295,1
7.22,-715.85568,-0.383703563885805,9.37675451789568,1
7.23,-715.18512,1.5426712767531,12.7886778238615,2
7.24,-714.51456,1.46454245880429,12.6366663206805,1
7.25,-713.844,0.623946244259931,11.0735432166541,1
7.26,-713.17344,9.85239410701726,34.1492511040732,1
7.27,-712.50288,6.38585450459031,24.1979871621607,1
7.28,-711.83232,8.64940710524439,30.5783926294649,1
7.29,-711.16176,3.4081205868121,16.7439565758118,2
7.3,-710.4912,4.50330215466508,19.3377154326714,1
7.31,-709.82064,7.12093668481362,26.2138326387152,2
7.32,-709.15008,9.52935646504502,33.1802150899596,1
7.33,-708.47952,1.68372200142422,13.0659755485492,1
7.34,-707.80896,0.913786725014746,11.5974573191426,1
7.35,-707.1384,10.0982604987714,34.8913597676775,1
7.36,-706.46784,6.32847127560567,24.0431801403722,1
7.37,-705.79728,-2.20755694675662,6.79434620009824,3
7.38,-705.12672,1.0156696411665,11.7853994890295,2
7.39,-704.45616,4.86866633838093,20.2434793578332,2
7.4,-703.7856,6.98226707003754,25.8290514406341,1
7.41,-703.11504,2.90277503847291,15.6124836068034,3
7.42,-702.44448,3.47990011025463,16.9081214311924,1
7.43,-701.77392,6.67069152251379,24.9720164778646,1
7.44,-701.10336,1.86845736614075,13.4346943913436,2
7.45,-700.4328,-1.5411045702512,7.66617986259862,2
7.46,-699.76224,6.73140762191073,25.1381917489379,2
7.47,-699.09168,3.61125319778992,17.2107132202184,1
7.48,-698.42112,3.17356077819284,16.213441239223,1
7.49,-697.75056,3.13413220890274,16.1251653340057,1
7.5,-697.08,2.37828090012249,14.4844205292339,3
7.51,-696.40944,6.91169098285838,25.633999137071,2
7.52,-695.73888,3.43936233174466,16.815304761684,1
7.53,-695.06832,3.15911273023475,16.1810634414218,1
7.54,-694.39776,10.7472840719213,36.8679095469262,1
7.55,-693.7272,8.54464346435587,30.2726142153474,1
7.56,-693.05664,2.26777051855322,14.2529141581324,1
7.57,-692.38608,13.6978803515056,46.1063212627293,1
7.58,-691.71552,0.63548119686384,11.0940889380396,3
7.59,-691.04496,3.89796123219535,17.8808296772279,2
7.6,-690.3744,10.4621319489567,35.9964820644665,1
7.61,-689.70384,12.4894430527254,42.2801977037698,1
7.62,-689.03328,3.02526419734649,15.8827841191518,1
7.63,-688.36272,7.78587247108722,28.0859645371843,1
7.64,-687.69216,5.74115470603844,22.4814834629197,2
7.65,-687.0216,1.00170543566728,11.7595239782641,1
7.66,-686.35104,4.20958851492549,18.6238458072459,2
7.67,-685.68048,2.65138314306346,15.0658079195919,2
7.68,-685.00992,11.1134161443494,37.9933119781303,1
7.69,-684.33936,8.88380801611691,31.2657379791663,1
7.7,-683.6688,7.00576946344762,25.8941232608308,1
7.71,-682.99824,2.86119624653173,15.5213137546476,1
7.72,-682.32768,6.87605042631794,25.5357018775448,1
7.73,-681.65712,6.34750022876988,24.0944733573263,1
7.74,-680.98656,6.41364119330552,24.27308712027,1
7.75,-680.316,0.850370801686048,11.4814656739714,1
7.76,-679.64544,8.64987396332327,30.5797572668969,1
7.77,-678.97488,11.1414821747957,38.079868695487,1
7.78,-678.30432,6.97899974331466,25.8200097362636,1
7.79,-677.63376,14.2818093025477,47.9716072634995,1
7.8,-676.9632,13.7943053118197,46.4136655366457,1
7.81,-676.29264,0.167214327810957,10.2804102151894,1
7.82,-675.62208,6.05000634352862,23.2974826298812,1
7.83,-674.95152,12.5665442259852,42.5227689568706,1
7.84,-674.28096,10.3850060335773,35.7615826835969,1
7.85,-673.6104,15.5420546048869,52.026758676921,1
7.86,-672.93984,17.7014739613544,59.0458895606371,1
7.87,-672.26928,11.2087005446299,38.2873347207492,1
7.88,-671.59872,1.10439964085683,11.9506739865899,2
7.89,-670.92816,15.1788811665379,50.8544508956563,1
7.9,-670.2576,9.17290327458637,32.1193164750317,1
7.91,-669.58704,12.2083249654169,41.397733350593,1
7.92,-668.91648,2.14853316939265,14.0055746987681,1
7.93,-668.24592,5.40566614845419,21.6088639780844,1
7.94,-667.57536,19.6138112894655,65.3125013458382,1
7.95,-666.9048,22.21026485223,73.8673689250613,1
7.96,-666.23424,14.3543829881859,48.2040900956163,1
7.97,-665.56368,18.6827716760283,62.2569006222068,1
7.98,-664.89312,20.5361149122412,68.3464523701349,1
7.99,-664.22256,12.3528652068937,41.8510705266068,1
8,-663.552,12.4600453906417,42.1877687684002,1
8.01,-662.88144,15.8204175813828,52.9271181062303,1
8.02,-662.21088,8.79903986695982,31.0166669479657,1
8.03,-661.54032,14.669020366164,49.2135644386591,1
8.04,-660.86976,10.8086545660877,37.0560494272561,1
8.05,-660.1992,16.5987212577084,55.4520736847895,1
8.06,-659.52864,11.7313609424457,39.9079866869003,1
8.07,-658.85808,10.118624410124,34.9529956246128,1
8.08,-658.18752,5.17575110814128,21.0194382336387,1
8.09,-657.51696,5.38390589603006,21.5527739631681,1
8.1,-656.8464,10.6036597076746,36.4284196963327,1
8.11,-656.17584,20.4952366955346,68.2118531723407,1
8.12,-655.50528,16.9525132168859,56.6031538461793,1
8.13,-654.83472,17.5473235480193,58.5425121035254,1
8.14,-654.16416,11.6401583829912,39.6242636807634,1
8.15,-653.4936,16.1066698770513,53.854531657132,1
8.16,-652.82304,3.75630314572063,17.5480966062764,1
8.17,-652.15248,15.2743077237022,51.1622133450209,1
8.18,-651.48192,0.309744824336143,10.523646340749,2
8.19,-650.81136,21.143731460737,70.3483985206753,1
8.2,-650.1408,10.0687739434264,34.8021578548359,1
8.21,-649.47024,12.6935887673953,42.9229606483894,1
8.22,-648.79968,9.8034420715686,34.0019604269951,1
8.23,-648.12912,28.2046843607657,93.7157294456297,1
8.24,-647.45856,10.7304863137971,36.8164495215171,1
8.25,-646.788,18.2471133128774,60.8300019852911,1
8.26,-646.11744,2.78404223894306,15.3529260903198,2
8.27,-645.44688,24.7375012235115,82.2245836657024,1
8.28,-644.77632,4.12199522347331,18.4134793551375,1
8.29,-644.10576,11.1851477275189,38.2146142796205,1
8.3,-643.4352,10.2631633064892,35.3912053089083,1
8.31,-642.76464,16.9085142153564,56.4598967936957,1
8.32,-642.09408,8.60298212337702,30.4427794988627,1
8.33,-641.42352,4.74784227460535,19.9418134268781,1
8.34,-640.75296,14.6156844546606,49.0422682404816,1
8.35,-640.0824,9.79490955448492,33.9763031733136,1
8.36,-639.41184,8.74830570950629,30.8678667676263,1
8.37,-638.74128,14.6452940258104,49.1373551525218,1
8.38,-638.07072,4.94297354707027,20.4300348550025,1
8.39,-637.40016,12.1403586139062,41.1848571980881,1
8.4,-636.7296,20.835923467291,69.3339610231953,1
8.41,-636.05904,6.57679881051334,24.7158498976415,1
8.42,-635.38848,19.4774244000811,64.8644092483952,1
8.43,-634.71792,13.8218430287626,46.5014895332842,1
8.44,-634.04736,17.1737259327897,57.3238331435153,1
8.45,-633.3768,19.5263065284234,65.0249911695473,1
8.46,-632.70624,28.6100725397193,95.0604586984676,1
8.47,-632.03568,17.6959470082711,59.0278361026819,1
8.48,-631.36512,11.3216679264934,38.6365105060636,1
8.49,-630.69456,19.1432677316665,63.767228005317,1
8.5,-630.024,2.78259913477715,15.3497863183447,1
8.51,-629.35344,26.1639313748533,86.9495530325929,1
8.52,-628.68288,18.6869358936895,62.2705490977498,1
8.53,-628.01232,19.7434207840312,65.7384677588954,1
8.54,-627.34176,9.48038743330681,33.0339377437362,1
8.55,-626.6712,25.3206976839831,84.1558494273471,1
8.56,-626.00064,3.19843891543795,16.2692747326673,1
8.57,-625.33008,19.0572456819514,63.4849416723045,1
8.58,-624.65952,21.3928219006031,71.1697250082006,1
8.59,-623.98896,15.1766439835928,50.8472380766271,1
8.6,-623.3184,14.680146529801,49.2493065449407,1
8.61,-622.64784,17.3117802066789,57.7739464552356,1
8.62,-621.97728,16.1358766409027,53.9492409450633,1
8.63,-621.30672,19.0388406795452,63.424553457136,1
8.64,-620.63616,16.5639310470894,55.3389878230017,1
8.65,-619.9656,26.3104766364103,87.435210725423,1
8.66,-619.29504,12.3247394700268,41.7627909106955,1
8.67,-618.62448,11.2128061217427,38.300013729986,1
8.68,-617.95392,10.9281112121302,37.422843064365,1
8.69,-617.28336,14.6177299323741,49.04883630576,1
8.7,-616.6128,20.621398438097,68.6272999971152,1
8.71,-615.94224,18.7079287711455,62.339357181832,1
8.72,-615.27168,18.3078513084427,61.0288132945887,1
8.73,-614.60112,26.9582515771777,89.5824076659325,1
8.74,-613.93056,12.3052250490282,41.701558617519,1
8.75,-613.26,11.3617984462907,38.7607027280289,1
8.76,-612.58944,8.9832397188037,31.5586039753213,1
8.77,-611.91888,13.2229720661564,44.596786728738,1
8.78,-611.24832,11.9196306225681,40.4948553153715,1
8.79,-610.57776,17.4585772277795,58.2528507848798,1
8.8,-609.9072,17.8792080322796,59.6266490439768,1
8.81,-609.23664,16.425385206761,54.8888388950571,1
8.82,-608.56608,24.2013755226926,80.4499577127024,1
8.83,-607.89552,11.6088261536761,39.526879716293,1
8.84,-607.22496,13.2838618945694,44.7899270223015,1
8.85,-606.5544,7.21148717852779,26.4661757416897,1
8.86,-605.88384,9.37681980373014,32.7251186082798,1
8.87,-605.21328,19.951850036535,66.4237565052537,1
8.88,-604.54272,14.5604701988807,48.8650134639651,1
8.89,-603.87216,17.9083765273035,59.7219961237959,1
8.9,-603.2016,14.7254594306781,49.3949024726602,1
8.91,-602.53104,11.303114998911,38.579121222518,1
8.92,-601.86048,20.552199698465,68.3994175953896,1
8.93,-601.18992,9.5390515129075,33.2091952250899,1
8.94,-600.51936,20.906842209917,69.5676360271326,1
8.95,-599.8488,12.5152011094393,42.3612108417259,1
8.96,-599.17824,21.5736250326244,71.7661013482303,1
8.97,-598.50768,21.448044679791,71.3518578585632,1
8.98,-597.83712,20.4149458181545,67.9475131058319,1
8.99,-597.16656,10.3157632744651,35.5509903170425,1
9,-596.496,10.0883371688232,34.8613339457519,1
9.01,-595.82544,19.8816261441555,66.1928317563024,1
9.02,-595.15488,12.4148540327765,42.0457485987816,1
9.03,-594.48432,14.9465848429406,50.1061071562415,1
9.04,-593.81376,18.8239026588958,62.7195623804549,1
9.05,-593.1432,0.981827765810746,11.7227543605034,2
9.06,-592.47264,18.9526746301884,63.1418782419762,1
9.07,-591.80208,7.55740641066378,27.4378179801366,1
9.08,-591.13152,10.4705199881344,36.0220500413535,1
9.09,-590.46096,13.4157407057385,45.208656146238,1
9.1,-589.7904,16.6561775356832,55.6388781923581,1
9.11,-589.11984,5.83041923794556,22.7161003632072,1
9.12,-588.44928,5.05219742958942,20.7056590506918,1
9.13,-587.77872,14.7767134150975,49.5596474852826,1
9.14,-587.10816,21.7709988359786,72.4173315384577,1
9.15,-586.4376,7.61420642776597,27.5984903516845,1
9.16,-585.76704,15.0284355925769,50.3696513439126,1
9.17,-585.09648,11.561759965004,39.3806782459255,1
9.18,-584.42592,5.58948286949957,22.085168458222,1
9.19,-583.75536,3.82760713992804,17.7151813628174,1
9.2,-583.0848,8.51193636233782,30.1773347904103,1
9.21,-582.41424,9.48473722153816,33.0469244343723,1
9.22,-581.74368,18.2077534297455,60.7011886816004,1
9.23,-581.07312,17.5457739035661,58.5374532967384,1
9.24,-580.40256,16.9079812465821,56.4581616692302,1
9.25,-579.732,5.1255513955375,20.891696694567,1
9.26,-579.06144,9.2739568183857,32.4191540019996,1
9.27,-578.39088,17.0896890083612,57.0499696706748,1
9.28,-577.72032,17.385727306685,58.0151520335296,1
9.29,-577.04976,19.6841828443153,65.5437632748915,1
9.3,-576.3792,18.8636521134726,62.8499061720848,1
9.31,-575.70864,26.2101316790358,87.1026587459359,1
9.32,-575.03808,-0.290545055880328,9.52548489247346,1
9.33,-574.36752,15.3172325250706,51.300714977019,1
9.34,-573.69696,12.2809530092055,41.6254192124557,1
9.35,-573.0264,18.9957629055691,63.2832243504835,1
9.36,-572.35584,2.39081843288574,14.5108224468814,2
9.37,-571.68528,11.1462764042625,38.0946582843172,1
9.38,-571.01472,13.4620780712868,45.3559145416828,1
9.39,-570.34416,7.91463930201081,28.4534339935571,1
9.4,-569.6736,6.1222769013976,23.4901215202493,1
9.41,-569.00304,1.15635294327891,12.0481336107136,1
9.42,-568.33248,6.03974128663673,23.2701723621873,2
9.43,-567.66192,10.253230908602,35.3610518957152,1
9.44,-566.99136,1.83722704741401,13.3719215649158,1
9.45,-566.3208,-0.0811897889775334,9.86577692886638,3
9.46,-565.65024,10.948347825424,37.4850551634081,1
9.47,-564.97968,-0.252852707636326,9.58613283438017,2
9.48,-564.30912,4.91329158057974,20.3554219031136,1
9.49,-563.63856,-0.261820553963335,9.57167873672976,1
9.5,-562.968,4.07628730649936,18.3041741115349,1
9.51,-562.29744,1.64926558509851,12.9978970330927,1
9.52,-561.62688,8.93601509000053,31.4194138729296,1
9.53,-560.95632,6.78924318608948,25.2968620201044,1
9.54,-560.28576,3.45697368055336,16.8555952248215,1
9.55,-559.6152,10.6239896076651,36.4905592316026,2
9.56,-558.94464,4.22138564112032,18.6522677531622,1
9.57,-558.27408,8.74417710648126,30.855766799083,1
9.58,-557.60352,15.2713741917235,51.1527494152044,1
9.59,-556.93296,8.83927045406509,31.1348049408091,1
9.6,-556.2624,4.1921959616178,18.5819819323113,1
9.61,-555.59184,1.96811247414527,13.6361905924012,1
9.62,-554.92128,1.84392051344382,13.3853603953118,1
9.63,-554.25072,17.8684993291724,59.5916466034549,1
9.64,-553.58016,0.614438562793381,11.0566274418741,1
9.65,-552.9096,5.99616937987874,23.1543923323526,1
9.66,-552.23904,13.3230256376986,44.9142172598162,1
9.67,-551.56848,0.979704056003031,11.7188303425351,1
9.68,-550.89792,10.4030832765598,35.8166086663132,1
9.69,-550.22736,3.42222043444532,16.7761371741834,1
9.7,-549.5568,9.55346504263898,33.252291664047,1
9.71,-548.88624,0.409264290161151,10.6957822274882,1
9.72,-548.21568,1.23747276826904,12.2013206897891,1
9.73,-547.54512,6.54875033747691,24.6395182135894,2
9.74,-546.87456,2.59962926151888,14.9546263732211,1
9.75,-546.204,4.90777624493142,20.341571424126,2
9.76,-545.53344,9.39638432546004,32.7833984430131,2
9.77,-544.86288,12.806145959212,43.2780171013385,1
9.78,-544.19232,9.98676933145915,34.5543659697603,2
9.79,-543.52176,0.512468268645675,10.8762869986667,1
9.8,-542.8512,2.34894458137222,14.4227523243529,2
9.81,-542.18064,4.12537228951207,18.4215679941686,1
9.82,-541.51008,5.34925948940742,21.4635983226979,1
9.83,-540.83952,0.241982936772423,10.4075229110257,2
9.84,-540.16896,2.3833178827484,14.4950242071588,1
9.85,-539.4984,4.97543905232983,20.5117867137008,2
9.86,-538.82784,3.81424809961194,17.6838159986184,2
9.87,-538.15728,9.19168424375613,32.1749852934198,2
9.88,-537.48672,7.40310776297002,27.0029379863706,2
9.89,-536.81616,1.94470682716168,13.5887033788304,1
9.9,-536.1456,5.68406657151286,22.3319671134832,1
9.91,-535.47504,4.96526583871744,20.4861534922228,2
9.92,-534.80448,10.8430104161314,37.161461291755,2
9.93,-534.13392,3.54837130796014,17.0655052334752,2
9.94,-533.46336,5.59587457958506,22.1018100508194,2
9.95,-532.7928,1.81263140324976,13.3226099773433,2
9.96,-532.12224,3.23870917034713,16.3598720331869,1
9.97,-531.45168,0.0542903697928178,10.0904561638344,1
9.98,-530.78112,5.71781143875267,22.4202961686905,2
9.99,-530.11056,1.03534337586988,11.8219171055779,1
10,-529.44,8.60349137820531,30.444266145332,2
10.01,-528.76944,11.8340970666983,40.2280384045545,2
10.02,-528.09888,3.57368371626166,17.1238800112096,2
10.03,-527.42832,11.8400928477022,40.2467314261916,2
10.04,-526.75776,16.1418773971405,53.9687015809915,2
10.05,-526.0872,1.27221986958472,12.2673147060556,1
10.06,-525.41664,0.998710355567674,11.7539789216972,2
10.07,-524.74608,7.05005613972517,26.0169000890892,2
10.08,-524.07552,1.88086192626118,13.4596769565394,2
10.09,-523.40496,1.2333998732381,12.1935999850431,1
10.1,-522.7344,1.32521583299345,12.3684032884779,2
10.11,-522.06384,0.373983293562357,10.6345414130533,1
10.12,-521.39328,6.80462306845372,25.3391180977631,1
10.13,-520.72272,4.02150593743788,18.1735964119761,2
10.14,-520.05216,4.00575478097001,18.1361379564844,2
10.15,-519.3816,0.139912372965303,10.2342610055844,1
10.16,-518.71104,14.3212613884025,48.0979710408861,2
10.17,-518.04048,1.25179805901125,12.2285008425472,2
10.18,-517.36992,1.85927119864974,13.4162117234812,1
10.19,-516.69936,5.70305836522482,22.381661281281,2
10.2,-516.0288,13.3573917345124,45.0233227336964,2
10.21,-515.35824,3.23130319191205,16.343190222709,2
10.22,-514.68768,5.47574603377953,21.789930904252,2
10.23,-514.01712,7.13071306116745,26.2410362278465,2
10.24,-513.34656,8.16182594462865,29.163074602799,1
10.25,-512.676,3.6641900795304,17.333451670495,1
10.26,-512.00544,9.65501898975621,33.5563402484054,1
10.27,-511.33488,3.26512741617515,16.4194531157155,1
10.28,-510.66432,5.73013246620939,22.4525833599839,2
10.29,-509.99376,10.9030990401426,37.3459797135615,2
10.3,-509.3232,1.61085546699308,12.9222650431722,2
10.31,-508.65264,5.23964535231142,21.1825256833026,1
10.32,-507.98208,6.53020920784385,24.5891090104567,2
10.33,-507.31152,6.35825105328176,24.1234713021246,1
10.34,-506.64096,0.619934558358055,11.0664036509355,2
10.35,-505.9704,0.234662369424359,10.3950301725641,2
10.36,-505.29984,0.168007240405604,10.281752625358,1
10.37,-504.62928,1.04474927860977,11.8394017605446,1
10.38,-503.95872,7.99887688076943,28.6946517430864,2
10.39,-503.28816,2.80158769714819,15.391128650988,1
10.4,-502.6176,5.71700809851662,22.4181916914466,2
10.41,-501.94704,10.5337981749577,36.2150618546708,2
10.42,-501.27648,0.793973296411262,11.378951030197,2
10.43,-500.60592,11.3945862718125,38.8622295206125,2
10.44,-499.93536,1.08493422292301,11.9142894028513,1
10.45,-499.2648,8.98221471762698,31.5555810726033,2
10.46,-498.59424,6.36636971660733,24.1453785204776,2
10.47,-497.92368,9.856653755961,34.1620752519876,2
10.48,-497.25312,7.51461302362765,27.3169735563096,2
10.49,-496.58256,1.83150267779899,13.3604349425477,2
10.5,-495.912,2.7475637869392,15.2736702176658,2
10.51,-495.24144,6.62374889047374,24.8438196368131,2
10.52,-494.57088,6.13659422405937,23.5283596820359,1
10.53,-493.90032,6.94218872619589,25.7182208878876,2
10.54,-493.22976,4.64125693149358,19.6774396846103,1
10.55,-492.5592,7.79342794517351,28.1074834988761,2
10.56,-491.88864,6.67807893011948,24.9922133555282,1
10.57,-491.21808,1.54631437245822,12.7957936516976,2
10.58,-490.54752,15.1832152209281,50.8684244718943,2
10.59,-489.87696,6.82518379548613,25.3956488587975,1
10.6,-489.2064,0.839430757295713,11.4615326616319,1
10.61,-488.53584,15.5322297986806,51.995008595895,2
10.62,-487.86528,6.30597438717529,23.9825937321542,1
10.63,-487.19472,0.410704547124697,10.698287274163,1
10.64,-486.52416,12.4446066408495,42.1392413701977,1
10.65,-485.8536,1.8327819655611,13.3630014640605,2
10.66,-485.18304,2.09317123062608,13.8916037472302,1
10.67,-484.51248,1.51898892657713,12.7424805696195,1
10.68,-483.84192,4.57825476673423,19.5219457513305,1
10.69,-483.17136,20.4413152982531,68.0343240082592,2
10.7,-482.5008,11.6788671866665,39.7446370567835,1
10.71,-481.83024,1.90436908637688,13.5070969932824,1
10.72,-481.15968,9.49856288767269,33.0882109619102,1
10.73,-480.48912,19.3220159886568,64.3540144794795,1
10.74,-479.81856,9.31306904445828,32.5354034343556,1
10.75,-479.148,0.393751145564101,10.6688252234759,2
10.76,-478.47744,13.0590631217567,44.0774893583776,1
10.77,-477.80688,6.30360291390504,23.9762105770742,2
10.78,-477.13632,13.1278263407591,44.295234901304,2
10.79,-476.46576,8.97699762643186,31.540196224939,1
10.8,-475.7952,11.3107731035001,38.6028077908682,2
10.81,-475.12464,3.59883229183063,17.1819798717784,2
10.82,-474.45408,7.32493177756252,26.783505663174,1
10.83,-473.78352,5.82790320070874,22.7094736160686,2
10.84,-473.11296,9.05492116404005,31.7702024562018,2
10.85,-472.4424,7.30941144652161,26.7400146844756,1
10.86,-471.77184,8.54559289450993,30.2753813285396,1
10.87,-471.10128,0.861729740999938,11.502185909784,1
10.88,-470.43072,1.73177705891821,13.1612872160711,2
10.89,-469.76016,3.48852729269111,16.9279092356009,2
10.9,-469.0896,9.10364106459235,31.9142410319364,1
10.91,-468.41904,0.798905674412744,11.3878926335801,2
10.92,-467.74848,5.06612389006277,20.7409216175449,1
10.93,-467.07792,4.0878407172903,18.3317723247887,1
10.94,-466.40736,0.00444712637312001,10.0073884079404,1
10.95,-465.7368,11.3021203993389,38.5760451306891,1
10.96,-465.06624,1.79997244778399,13.2972733255777,1
10.97,-464.39568,3.68765916206579,17.3880109948952,1
10.98,-463.72512,7.76102795105988,28.0152418553002,1
10.99,-463.05456,2.03515360348924,13.7727594692539,1
11,-462.384,9.93209223400621,34.3893855521616,1
11.01,-461.71344,7.68227272477128,27.7914408834872,2
11.02,-461.04288,6.52404715692258,24.5723644236954,1
11.03,-460.37232,8.65158918491714,30.5847710522419,1
11.04,-459.70176,7.96698854855878,28.6032623036297,2
11.05,-459.0312,0.860695237418949,11.5002978245462,1
11.06,-458.36064,5.83441267508607,22.7266199235012,1
11.07,-457.69008,26.9130865696027,89.4326759720352,1
11.08,-457.01952,5.14323554932691,20.9366575450189,1
11.09,-456.34896,2.7068344383903,15.1854510287116,2
11.1,-455.6784,15.7818102052625,52.8021532566034,1
11.11,-455.00784,8.38303566913804,29.8026997950257,1
11.12,-454.33728,14.4559107651597,48.5295549035347,1
11.13,-453.66672,0.992759223973059,11.7429660895221,1
11.14,-452.99616,14.1778619391135,47.6388657445537,2
11.15,-452.3256,11.221949712786,38.3282543653391,2
11.16,-451.65504,3.81638585166022,17.6888332728116,2
11.17,-450.98448,4.99669444622184,20.5653902108079,2
11.18,-450.31392,6.14389328326421,23.5478632356442,2
11.19,-449.64336,16.9967987654447,56.7473728530709,1
11.2,-448.9728,0.0421652167737459,10.0702048989206,1
11.21,-448.30224,0.300770749888145,10.5082170968928,1
11.22,-447.63168,5.2422199862795,21.1891089635352,2
11.23,-446.96112,3.75693722432136,17.5495788604719,1
11.24,-446.29056,5.35019104498113,21.4659939363248,1
11.25,-445.62,4.26828410074802,18.7654661498791,1
11.26,-444.94944,8.14220975319874,29.1065599057461,1
11.27,-444.27888,3.76994771826816,17.5800069992065,2
11.28,-443.60832,10.0314477815874,34.6893176280918,2
11.29,-442.93776,0.924665863025418,11.6174323985538,1
11.3,-442.2672,1.32613438010025,12.37016002525,2
11.31,-441.59664,1.36263952192179,12.4401042930112,1
11.32,-440.92608,2.59825185494184,14.9516737245965,2
11.33,-440.25552,7.64131166892379,27.6752736129153,1
11.34,-439.58496,8.20652226525474,29.2919718862402,2
11.35,-438.9144,3.33860779078382,16.5857839653079,1
11.36,-438.24384,6.13463347092073,23.5231215170467,1
11.37,-437.57328,0.0207303416316439,10.0344734414051,2
11.38,-436.90272,10.9757333277656,37.5692789583895,1
11.39,-436.23216,9.1390300053014,32.0189781831012,1
11.4,-435.5616,2.10568008552558,13.9173067953893,1
11.41,-434.89104,9.61755874087283,33.4441040752099,1
11.42,-434.22048,9.84441927813579,34.1252451641407,1
11.43,-433.54992,2.88795680279158,15.5799576250641,2
11.44,-432.87936,2.64467550219153,15.0513716738847,1
11.45,-432.2088,5.1078299050723,20.8466840598297,1
11.46,-431.53824,0.994148587821819,11.7455365706588,1
11.47,-430.86768,7.51394209581975,27.3150803435241,1
11.48,-430.19712,2.74422027350291,15.2664173728062,2
11.49,-429.52656,4.14455147774157,18.4675386210872,1
11.5,-428.856,14.767085580284,49.5286960614678,1
11.51,-428.18544,16.7012541925906,55.7854701147285,1
11.52,-427.51488,7.4550735410233,27.1491380289399,2
11.53,-426.84432,2.55033087281835,14.8491559471249,2
11.54,-426.17376,9.15786894561719,32.0747718173407,1
11.55,-425.5032,8.92530108261401,31.3878591519011,1
11.56,-424.83264,1.22866283721444,12.1846242251032,1
11.57,-424.16208,1.14584422141973,12.0283792751455,1
11.58,-423.49152,8.30667606281968,29.5814307793174,2
11.59,-422.82096,2.69657468807519,15.1632739822649,1
11.6,-422.1504,3.8579399624842,17.7865039746463,1
11.61,-421.47984,3.3961135015346,16.7165781565969,2
11.62,-420.80928,3.65583274848575,17.3140444997106,2
11.63,-420.13872,11.8964573832103,40.4225361616016,2
11.64,-419.46816,4.77368254916445,20.0061543141471,2
11.65,-418.7976,7.61662887516013,27.6053497458827,2
11.66,-418.12704,1.23505871197506,12.1967441553904,1
11.67,-417.45648,9.31685736000001,32.5466689194788,2
11.68,-416.78592,3.65053959239171,17.3017586893989,2
11.69,-416.11536,4.34510771418392,18.9516142343101,1
11.7,-415.4448,5.48084189065479,21.80312246015,1
11.71,-414.77424,4.38864803411327,19.0575094059402,2
11.72,-414.10368,5.04701449032607,20.6925424307956,2
11.73,-413.43312,6.78718855282224,25.2912188954653,2
11.74,-412.76256,6.02414585134671,23.228705199186,1
11.75,-412.092,11.4293018809549,38.9697821591021,2
11.76,-411.42144,8.386666177896,29.8132323472705,1
11.77,-410.75088,10.5677540120224,36.3187287557151,2
11.78,-410.08032,4.52765382926382,19.3974800757629,2
11.79,-409.40976,7.30100787662774,26.7164764076662,1
11.8,-408.7392,7.03766258044578,25.982520317131,2
11.81,-408.06864,1.56595221271866,12.8341933469726,1
11.82,-407.39808,10.5479920550042,36.2583876745653,2
11.83,-406.72752,0.315751017601217,10.5339814594145,1
11.84,-406.05696,2.94025215277544,15.6949135888391,2
11.85,-405.3864,1.25047840400292,12.2259953817161,1
11.86,-404.71584,0.234390610759039,10.3945666064671,2
11.87,-404.04528,9.70107946664109,33.6944735359411,2
11.88,-403.37472,0.206729951217491,10.3474568600655,1
11.89,-402.70416,6.7934216255099,25.3083396813091,2
11.9,-402.0336,7.71519126772593,27.8849150609075,2
11.91,-401.36304,3.66629412290943,17.3383393944892,2
11.92,-400.69248,2.52740827930919,14.800259978128,2
11.93,-400.02192,6.23281597987107,23.785983082294,2
11.94,-399.35136,4.89564375789134,20.3111186284247,2
11.95,-398.6808,20.1388483631826,67.0388638612264,2
11.96,-398.01024,7.17451914909622,26.3630521287685,1
11.97,-397.33968,8.18189230322337,29.2209212382061,2
11.98,-396.66912,12.5771876056197,42.5562723822289,2
11.99,-395.99856,3.85725345720541,17.7848881620892,2
12,-395.328,6.59394170784388,24.7625467377735,2
12.01,-394.65744,16.3608446791112,54.6792489905386,2
12.02,-393.98688,15.2876344745119,51.2052093776167,2
12.03,-393.31632,2.61150491865376,14.98009714951,1
12.04,-392.64576,13.9215022217512,46.819509650379,2
12.05,-391.9752,15.3880413696887,51.5292728364097,2
12.06,-391.30464,19.3044920240767,64.2964750984427,2
12.07,-390.63408,4.27702122928743,18.7865917698014,2
12.08,-389.96352,22.7457426896051,75.6361842486668,2
12.09,-389.29296,23.8188621799447,79.1843044352067,2
12.1,-388.6224,2.30460623577192,14.3298388353389,1
12.11,-387.95184,6.69563678898978,25.0402402161085,2
12.12,-387.28128,5.45220091401932,21.7290244747512,2
12.13,-386.61072,4.33869275857011,18.9360363684226,2
12.14,-385.94016,11.1100319310933,37.9828776436649,2
12.15,-385.2696,6.90296350923578,25.6099159619971,2
12.16,-384.59904,23.6380405726263,78.5861631265674,2
12.17,-383.92848,12.9351715905534,43.685585943369,2
12.18,-383.25792,11.6150032172209,39.5460751180942,2
12.19,-382.58736,12.4029940674484,42.0084902410128,1
12.2,-381.9168,1.71970959675664,13.1373128450102,2
12.21,-381.24624,6.63961269358833,24.8871149161387,2
12.22,-380.57568,5.7954247180071,22.6240031806506,1
12.23,-379.90512,5.65951761553804,22.2678004744495,2
12.24,-379.23456,11.4574130019727,39.0569157091379,2
12.25,-378.564,18.1747096403961,60.5930595022518,2
12.26,-377.89344,14.6728512562959,49.2258705933924,2
12.27,-377.22288,24.0923254820657,80.0890902287339,2
12.28,-376.55232,20.0523055487611,66.7541599671888,2
12.29,-375.88176,18.7461924453717,62.4647848875669,2
12.3,-375.2112,4.69389518662675,19.807797914325,2
12.31,-374.54064,8.67322895188303,30.6480469140588,2
12.32,-373.87008,9.04165679692524,31.7310177050775,2
12.33,-373.19952,15.4152451850744,51.6171096675806,2
12.34,-372.52896,14.4525022576459,48.5186240395343,2
12.35,-371.8584,8.39888468334379,29.8486879205195,2
12.36,-371.18784,5.28651104526491,21.3025006344602,2
12.37,-370.51728,21.1926527907259,70.5096792221495,2
12.38,-369.84672,27.0030516346609,89.7309325648837,2
12.39,-369.17616,18.7083892094031,62.3408664039813,2
12.4,-368.5056,17.8718801104689,59.6026968671582,2
12.41,-367.83504,19.8471822995639,66.0795802169279,2
12.42,-367.16448,8.44236877461262,29.9749718030051,2
12.43,-366.49392,13.4775514996208,45.4051036361855,2
12.44,-365.82336,20.0011122525268,66.5857730726679,2
12.45,-365.1528,17.8323526275373,59.4735078474219,2
12.46,-364.48224,30.7296319078798,102.093818257972,2
12.47,-363.81168,6.43008423588993,24.3175703689933,1
12.48,-363.14112,20.2447951139086,67.3874757747503,2
12.49,-362.47056,27.5709681840341,91.6139910860567,2
12.5,-361.8,12.8711588804982,43.4833069580078,2
12.51,-361.12944,20.5266615762303,68.3153244973082,2
12.52,-360.45888,7.16079145620421,26.3247941290377,2
12.53,-359.78832,36.7193836424257,121.982222513393,2
12.54,-359.11776,18.4424466208102,61.4695222568068,2
12.55,-358.4472,15.4797962616929,51.8255962656084,2
12.56,-357.77664,12.8693796179125,43.4776866020274,2
12.57,-357.10608,23.4882802613552,78.0908507833856,2
12.58,-356.43552,10.1303619008385,34.9885333738645,2
12.59,-355.76496,20.7452362758201,69.0351951607377,2
12.6,-355.0944,19.9316097330445,66.3571942861895,2
12.61,-354.42384,0.517425000636877,10.8850074753739,2
12.62,-353.75328,16.0794580741721,53.7663051729485,2
12.63,-353.08272,14.177908251882,47.6390139296392,2
12.64,-352.41216,27.4224464257155,91.1214889975418,2
12.65,-351.7416,25.2132973522768,83.80013108203,2
12.66,-351.07104,14.9598921704658,50.1489438611001,2
12.67,-350.40048,20.6045303935118,68.5717479620154,2
12.68,-349.72992,29.1291602196307,96.7825952023125,2
12.69,-349.05936,19.4352943756466,64.7260247236552,2
12.7,-348.3888,31.2126523237834,103.697094669956,2
12.71,-347.71824,29.6150509381078,98.3948252460699,2
12.72,-347.04768,17.9330998806041,59.8028207465737,2
12.73,-346.37712,34.1781763924626,113.542955942527,2
12.74,-345.70656,20.9730489682856,69.7858129293364,2
12.75,-345.036,13.269850258192,44.7454718115056,2
12.76,-344.36544,21.8865922031722,72.7988205034745,2
12.77,-343.69488,12.6296687396216,42.7215361337403,2
12.78,-343.02432,24.2393690767987,80.5756937680182,2
12.79,-342.35376,12.3715840822537,41.9098418035327,2
12.8,-341.6832,15.5455427771493,52.0380316080381,2
12.81,-341.01264,17.7495022903361,59.2027872890752,2
12.82,-340.34208,15.5072333234407,51.9142382052524,2
12.83,-339.67152,17.0607768282643,56.9557726896383,2
12.84,-339.00096,14.9774421524173,50.2054440095183,2
12.85,-338.3304,31.1623637072129,103.530166495151,2
12.86,-337.65984,22.7870334084177,75.7726274174969,2
12.87,-336.98928,12.4724014549125,42.2266132822709,2
12.88,-336.31872,20.3089579451811,67.5986388596769,2
12.89,-335.64816,27.1695097336842,90.2828148454318,2
12.9,-334.9776,19.3468019733083,64.4354030509164,2
12.91,-334.30704,33.7529522727904,112.13095881999,2
12.92,-333.63648,22.6386467356273,75.2823230038598,2
12.93,-332.96592,24.1432604334517,80.2576394196236,2
12.94,-332.29536,27.751740703118,92.2134771489625,2
12.95,-331.6248,23.2427005235212,77.278794472202,2
12.96,-330.95424,41.1815811438603,136.803350399216,2
12.97,-330.28368,28.1259090579525,93.454442206506,2
12.98,-329.61312,32.3406132575322,107.441605477281,2
12.99,-328.94256,13.3109029747034,44.8757393750337,2
13,-328.272,15.8956313464776,53.1706521658342,2
13.01,-327.60144,29.1944197930254,96.9991201894278,2
13.02,-326.93088,22.6735699707264,75.3977095214199,2
13.03,-326.26032,32.823728747928,109.045594858183,2
13.04,-325.58976,29.0067622758812,96.3765013547186,2
13.05,-324.9192,38.8745678991747,129.140388626527,2
13.06,-324.24864,37.3480925431735,124.070334504299,2
13.07,-323.57808,40.6943306371609,135.18486973047,2
13.08,-322.90752,30.2322935133707,100.443174279538,2
13.09,-322.23696,26.6945458797501,88.7082119638248,2
13.1,-321.5664,35.2016140952937,116.941585441684,2
13.11,-320.89584,32.8393965542142,109.097615081145,2
13.12,-320.22528,33.5907341717128,111.592313235678,2
13.13,-319.55472,20.5879377308053,68.5171046659698,2
13.14,-318.88416,22.7908520345617,75.7852462256954,2
13.15,-318.2136,32.9945299838585,109.612694031254,2
13.16,-317.54304,25.8755091518382,85.9938253868915,2
13.17,-316.87248,19.4657824608528,64.8261674582169,2
13.18,-316.20192,26.122403150714,86.8119337335554,2
13.19,-315.53136,36.2506872341108,120.425596604273,2
13.2,-314.8608,24.2974581355582,80.7679419554034,2
13.21,-314.19024,30.3510307554883,100.837242376099,2
13.22,-313.51968,30.386273738488,100.95420958304,2
13.23,-312.84912,26.4701113988817,87.9642910947912,2
13.24,-312.17856,34.3997977409877,114.278891976495,2
13.25,-311.508,21.2618476948384,70.737819901172,2
13.26,-310.83744,33.3416534035167,110.7652572042,2
13.27,-310.16688,39.4573686626638,131.076176116758,2
13.28,-309.49632,44.4644564009817,147.70824302719,2
13.29,-308.82576,38.1073877987546,126.592232651239,2
13.3,-308.1552,23.0588083666783,76.6708611018025,2
13.31,-307.48464,26.7202274754892,88.7933426810238,2
13.32,-306.81408,19.2967967654469,64.2712088115842,2
13.33,-306.14352,28.5145860802514,94.7437006120005,2
13.34,-305.47296,28.6804990822906,95.2940914478118,2
13.35,-304.8024,26.1413655042307,86.8747721865176,2
13.36,-304.13184,26.8189674628822,89.120661135129,2
13.37,-303.46128,18.6833299931863,62.258730530353,2
13.38,-302.79072,33.2140021203512,110.341408091314,2
13.39,-302.12016,38.0731232779935,126.478426043261,2
13.4,-301.4496,19.4685142042149,64.8351406676942,2
13.41,-300.77904,30.6103141331379,101.697792611569,2
13.42,-300.10848,33.6530222071808,111.799139780513,2
13.43,-299.43792,29.4346406741323,97.7961832251484,2
13.44,-298.76736,20.1855756565823,67.1926074917801,2
13.45,-298.0968,31.7083967761377,105.342745786961,2
13.46,-297.42624,37.6487135384303,125.068798178865,2
13.47,-296.75568,41.3665576993811,137.417783391114,2
13.48,-296.08512,40.7804588136509,135.47095719809,2
13.49,-295.41456,30.7449622904735,102.144701748062,2
13.5,-294.744,31.9212344312242,106.049311892766,2
13.51,-294.07344,19.3321652574226,64.3873405085542,2
13.52,-293.40288,30.9826808131563,102.933738788204,2
13.53,-292.73232,35.8748524490476,119.177409600573,2
13.54,-292.06176,39.2328613142514,130.330465566135,2
13.55,-291.3912,30.1629834119039,100.213150898649,2
13.56,-290.72064,30.0333456253447,99.7829241202535,2
13.57,-290.05008,45.0194707180178,149.55189876743,2
13.58,-289.37952,29.7596282801511,98.8745851839059,2
13.59,-288.70896,31.656933485218,105.171904400582,2
13.6,-288.0384,34.702520127636,115.284161400282,2
13.61,-287.36784,44.7336359292841,148.602407049091,2
13.62,-286.69728,33.6024914677557,111.631353072914,2
13.63,-286.02672,38.0205453326831,126.30379327029,2
13.64,-285.35616,33.5805204208669,111.55839874308,2
13.65,-284.6856,47.5640558998912,158.0046263937,2
13.66,-284.01504,23.4090000586796,77.8286727052811,2
13.67,-283.34448,41.0641785786403,136.41337763278,2
13.68,-282.67392,34.5339781295746,114.724470265658,2
13.69,-282.00336,33.562726478724,111.499314507049,2
13.7,-281.3328,32.1951696576862,106.958738753048,2
13.71,-280.66224,41.8965770712305,139.178348639017,2
13.72,-279.99168,35.4245681255,117.682004819017,2
13.73,-279.32112,41.16701446284,136.75496462451,2
13.74,-278.65056,36.5163257907161,121.307825880868,2
13.75,-277.98,48.9447434698852,162.591102378663,2
13.76,-277.30944,39.8263368911757,132.301728910746,2
13.77,-276.63888,33.6843367213341,111.903119668028,2
13.78,-275.96832,32.8657664563664,109.185168604115,2
13.79,-275.29776,35.6900894921384,118.563802403214,2
13.8,-274.6272,42.748246148364,142.007366080784,2
13.81,-273.95664,40.8655073607615,135.753458982339,2
13.82,-273.28608,42.814797126672,142.228431994082,2
13.83,-272.61552,35.8462034792108,119.082264462182,2
13.84,-271.94496,38.5627457848396,128.104677128915,2
13.85,-271.2744,35.5013867781284,117.937118342133,2
13.86,-270.60384,42.752472714717,142.021405685018,2
13.87,-269.93328,56.8199896806599,188.751950075115,2
13.88,-269.26272,41.834835255059,138.973260111963,2
13.89,-268.59216,38.8859634655047,129.178238980197,2
13.9,-267.9216,41.7507535425055,138.693965192527,2
13.91,-267.25104,45.0606669764502,149.688745487974,2
13.92,-266.58048,40.4468149964186,134.362712673052,2
13.93,-265.90992,41.6250913916362,138.276552863204,2
13.94,-265.23936,28.3222472834842,94.1056833471821,2
13.95,-264.5688,43.6051045378088,144.853650850401,2
13.96,-263.89824,40.8753919761131,135.78629227677,2
13.97,-263.22768,48.0928626953576,159.761255564059,2
13.98,-262.55712,47.478657394887,157.72094372067,2
13.99,-261.88656,43.3435721089793,143.984897968987,2
14,-261.216,40.4690161315365,134.436456611097,2
14.01,-260.54544,48.7568460385144,161.966928755604,2
14.02,-259.87488,37.4441302462024,124.389306751574,2
14.03,-259.20432,45.9341250412744,152.590228411305,2
14.04,-258.53376,48.0113287834627,159.490410012939,2
14.05,-257.8632,44.8024285467777,148.830923554987,2
14.06,-257.19264,46.3958898812317,154.124140895243,2
14.07,-256.52208,27.2455429387346,90.534912149569,2
14.08,-255.85152,45.3879232263644,150.775834564643,2
14.09,-255.18096,45.2075122892193,150.176540100918,2
14.1,-254.5104,32.6651341300836,108.519034858179,2
14.11,-253.83984,41.3927190726535,137.504683267055,2
14.12,-253.16928,34.6176439744291,115.002305311058,2
14.13,-252.49872,36.5827096726102,121.528299564372,2
14.14,-251.82816,39.2887595077219,130.51613333353,2
14.15,-251.1576,49.3600708141852,163.970773175812,2
14.16,-250.48704,46.4545721473427,154.319074723868,2
14.17,-249.81648,45.839430274211,152.275667314438,2
14.18,-249.14592,46.2058772109118,153.492947262116,2
14.19,-248.47536,39.5375874426517,131.34262722164,2
14.2,-247.8048,59.8692607945568,198.881394321429,2
14.21,-247.13424,41.4494057769794,137.692978847851,2
14.22,-246.46368,40.5389033891941,134.668596384938,2
14.23,-245.79312,45.4518991059639,150.988351735398,2
14.24,-245.12256,44.3989576989495,147.490668890981,2
14.25,-244.452,28.9978974557205,96.347090066337,2
14.26,-243.78144,39.6632514317472,131.76002819325,2
14.27,-243.11088,37.5145055313567,124.623046624161,2
14.28,-242.44032,35.1701847280828,116.837210966905,2
14.29,-241.76976,41.060214686329,136.400210898546,2
14.3,-241.0992,41.5090452680698,137.891082856821,2
14.31,-240.42864,50.5689650436848,167.986592262067,2
14.32,-239.75808,44.7678291384115,148.71599062712,2
14.33,-239.08752,44.4707456494974,147.729134711714,2
14.34,-238.41696,42.8860715198635,142.465188121453,2
14.35,-237.7464,43.2096197272464,143.539938714328,2
14.36,-237.07584,53.9190493887582,179.115263529339,2
14.37,-236.40528,38.806929006193,128.915726427586,2
14.38,-235.73472,39.7783345083243,132.142285133451,2
14.39,-235.06416,29.468966265201,97.9100811484552,2
14.4,-234.3936,28.3818013920043,94.3032290989026,2
14.41,-233.72304,43.6872514215492,145.126525105818,2
14.42,-233.05248,24.3053897224173,80.7941926181267,2
14.43,-232.38192,40.1645123831419,133.425011103484,2
14.44,-231.71136,35.6729589741726,118.506911431997,2
14.45,-231.0408,38.8673729071626,129.116490479746,2
14.46,-230.37024,42.3546372920824,140.699898446132,2
14.47,-229.69968,34.6590560534226,115.139825995278,2
14.48,-229.02912,43.0369130656888,142.966247553018,2
14.49,-228.35856,37.2011070873841,123.582150830809,2
14.5,-227.688,36.3734884460337,120.83343805544,2
14.51,-227.01744,51.579828787921,171.344582654493,2
14.52,-226.34688,35.4123665770816,117.641483789333,2
14.53,-225.67632,43.8937120831946,145.812343923114,2
14.54,-225.00576,32.7660815714,108.854195649262,2
14.55,-224.3352,47.4317264338997,157.565045243921,2
14.56,-223.66464,33.2388646710348,110.423960424616,2
14.57,-222.99408,36.6820348568284,121.858179048981,2
14.58,-222.32352,23.8880224942236,79.4131078701752,2
14.59,-221.65296,34.8554704834365,115.792082471721,2
14.6,-220.9824,33.0758175798858,109.882591400319,2
14.61,-220.31184,58.0633934342786,192.88244046765,2
14.62,-219.64128,48.6609522448618,161.64838075673,2
14.63,-218.97072,34.3234087714488,114.025226231993,2
14.64,-218.30016,37.5787329880198,124.836368087084,2
14.65,-217.6296,48.4737773042728,161.026607711194,2
14.66,-216.95904,35.7288399873285,118.692494199323,2
14.67,-216.28848,52.4467027944136,174.224257627197,2
14.68,-215.61792,25.5872999316464,85.0389670639665,2
14.69,-214.94736,37.0007353016875,122.91665991085,2
14.7,-214.2768,44.5684797743818,148.05378897949,2
14.71,-213.60624,42.4891477958271,141.146707084685,2
14.72,-212.93568,46.3584461939905,153.999758523085,2
14.73,-212.26512,51.5005086473797,171.081088699385,2
14.74,-211.59456,41.8145657769264,138.905930786265,2
14.75,-210.924,32.9889396592545,109.594132695318,2
14.76,-210.25344,47.4931413009681,157.769057356827,2
14.77,-209.58288,36.7566965969143,122.106147201557,2
14.78,-208.91232,42.3560658541543,140.704643750728,2
14.79,-208.24176,37.3118031840347,123.949806151893,2
14.8,-207.5712,43.7902451672557,145.46864845829,2
14.81,-206.90064,51.3578274913205,170.607115569262,2
14.82,-206.23008,58.0373626140341,192.795968090016,2
14.83,-205.55952,50.8517617107379,168.926014477359,2
14.84,-204.88896,55.0721440810614,182.945747538912,2
14.85,-204.2184,49.9938232710129,166.076030568924,2
14.86,-203.54784,47.138335483953,156.590439818633,2
14.87,-202.87728,54.0550520194318,179.567052685102,2
14.88,-202.20672,44.8459456110146,148.975479353154,2
14.89,-201.53616,58.3589234954134,193.864168598239,2
14.9,-200.8656,46.4628112052027,154.346443663079,2
14.91,-200.19504,46.2296371844504,153.571874300143,2
14.92,-199.52448,38.5687401840193,128.124587321825,2
14.93,-198.85392,58.1382363305088,193.131062802337,2
14.94,-198.18336,43.1837158834665,143.453892129526,2
14.95,-197.5128,46.391885029335,154.110837370407,2
14.96,-196.84224,49.6849000778752,165.049820585509,2
14.97,-196.17168,44.8195773253419,148.887888682771,2
14.98,-195.50112,54.8400164072192,182.174638561114,2
14.99,-194.83056,50.9930014449084,169.395198924177,2
15,-194.16,53.0296807651368,176.160858209998,2
15.01,-193.48944,36.9230920218635,122.658786424647,2
15.02,-192.81888,26.8746096200763,89.3051191200908,2
15.03,-192.14832,43.1378349626468,143.30148637045,2
15.04,-191.47776,46.6873192517912,155.092226838838,2
15.05,-190.8072,38.4085235932462,127.592434697517,2
15.06,-190.13664,38.9972451892013,129.54786170065,2
15.07,-189.46608,41.2777857279444,137.122911033417,2
15.08,-188.79552,52.3533712930502,173.914218874786,2
15.09,-188.12496,34.8495279264741,115.772348180912,2
15.1,-187.4544,37.2894608113939,123.875600212308,2
15.11,-186.78384,51.1951097919813,170.06658310132,2
15.12,-186.11328,49.1575051763655,163.297872674474,2
15.13,-185.44272,39.1072285606574,129.913173110918,2
15.14,-184.77216,44.2365046076878,146.951031371926,2
15.15,-184.1016,52.5700368455472,174.633962177135,2
15.16,-183.43104,36.1798946265094,120.190484853949,2
15.17,-182.76048,38.1509338985351,126.736867412067,2
15.18,-182.08992,43.6159237744813,144.88959001166,2
15.19,-181.41936,44.8287967521874,148.918513947362,2
15.2,-180.7488,49.3910669541155,164.073738935002,2
15.21,-180.07824,44.7185439015583,148.552274106731,2
15.22,-179.40768,47.5877978025581,158.083493909015,2
15.23,-178.73712,43.9196199416361,145.898404465385,2
15.24,-178.06656,46.2328259393571,153.582466862378,2
15.25,-177.396,37.0458607249545,123.066533578323,2
15.26,-176.72544,49.1633998919405,163.317454258178,2
15.27,-176.05488,46.6128399378478,154.844817264101,2
15.28,-175.38432,51.9202507186555,172.475432270485,2
15.29,-174.71376,50.593040205805,168.066567519893,2
15.3,-174.0432,47.99672102935,159.441884872509,2
15.31,-173.37264,40.7920371236509,135.509416302335,2
15.32,-172.70208,39.3159938247266,130.606593154028,2
15.33,-172.03152,55.0288742292995,182.802008651971,2
15.34,-171.36096,29.8876813357536,99.2995256606698,2
15.35,-170.6904,50.3628395111872,167.301864215915,2
15.36,-170.01984,57.1884747153717,189.97602842376,2
15.37,-169.34928,48.4499982328609,160.947616471417,2
15.38,-168.67872,57.7932966398632,191.985199783863,2
15.39,-168.00816,48.2537996526996,160.295868422158,2
15.4,-167.3376,34.2941795106294,113.928164718175,2
15.41,-166.66704,46.4360149415315,154.25743041806,2
15.42,-165.99648,35.7514243964215,118.767497980533,2
15.43,-165.32592,43.2734048071967,143.751818118647,2
15.44,-164.65536,43.6147572299581,144.885715003188,2
15.45,-163.9848,49.3531670459669,163.947839620162,2
15.46,-163.31424,39.7449069199015,132.031252818066,2
15.47,-162.64368,44.9732831773198,149.398471934206,2
15.48,-161.97312,55.418917958031,184.097701979911,2
15.49,-161.30256,42.4697441520366,141.082253216939,2
15.5,-160.632,53.7207803212954,178.456630677101,2
15.51,-159.96144,47.5520291652483,157.964675147013,2
15.52,-159.29088,41.759739343786,138.723813385778,2
15.53,-158.62032,47.445099562457,157.609469014131,2
15.54,-157.94976,45.380612972392,150.751551129475,2
15.55,-157.2792,49.7082558476213,165.127405941207,2
15.56,-156.60864,44.0378768392764,146.291229660219,2
15.57,-155.93808,52.1033954775346,173.083822161909,2
15.58,-155.26752,44.4907246022372,147.795500990892,2
15.59,-154.59696,55.6669835398043,184.921755705422,2
15.6,-153.9264,56.9235228170313,189.095879002768,2
15.61,-153.25584,45.7953542539208,152.129253780019,2
15.62,-152.58528,47.5545931297749,157.973192303197,2
15.63,-151.91472,42.2403240314843,140.32018038721,2
15.64,-151.24416,41.4145538509876,137.577211580829,2
15.65,-150.5736,31.7285427300825,105.409624173874,2
15.66,-149.90304,48.7817544966784,162.049671764075,2
15.67,-149.23248,35.4677130580842,117.825288295853,2
15.68,-148.56192,37.432609706906,124.351043249987,2
15.69,-147.89136,49.7348004363389,165.215584216059,2
15.7,-147.2208,44.7991089208246,148.819896361349,2
15.71,-146.55024,46.2794179019683,153.737238346914,2
15.72,-145.87968,44.978640425758,149.416267762427,2
15.73,-145.20912,32.5634883325379,108.181559678079,2
15.74,-144.53856,27.2528391976388,90.5591042191465,2
15.75,-143.868,45.6135141710707,151.525210342657,2
15.76,-143.19744,40.3784903718674,134.135763821163,2
15.77,-142.52688,32.2429858261964,107.117485391093,2
15.78,-141.85632,36.1226909990328,120.000504604116,2
15.79,-141.18576,43.4471518377008,144.328966635737,2
15.8,-140.5152,39.5988129216822,131.545991398058,2
15.81,-139.84464,34.4302297894786,114.37994848851,2
15.82,-139.17408,32.4479304336093,107.797900117574,2
15.83,-138.50352,47.4801037772044,157.725748412879,2
15.84,-137.83296,47.0896943395989,156.428860575045,2
15.85,-137.1624,50.3151602531027,167.143478613874,2
15.86,-136.49184,38.5128501597906,127.938950657011,2
15.87,-135.82128,43.3238472442019,143.919376427494,2
15.88,-135.15072,42.6952411095265,141.831296561429,2
15.89,-134.48016,30.9331342748785,102.769280657423,2
15.9,-133.8096,35.9256622876961,119.346152859703,2
15.91,-133.13904,48.3605844855846,160.65059472039,2
15.92,-132.46848,46.6613391366918,155.00592462063,2
15.93,-131.79792,38.7381588354871,128.687307168236,2
15.94,-131.12736,48.0132149328721,159.496675566631,2
15.95,-130.4568,44.9986736158548,149.482814469543,2
15.96,-129.78624,43.8748780754722,145.749781261637,2
15.97,-129.11568,40.8442883304642,135.682976678277,2
15.98,-128.44512,50.1366195226288,166.550384775965,2
15.99,-127.77456,43.2896755239127,143.805865730864,2
16,-127.104,44.3843268896223,147.442068162411,2
16.01,-126.43344,38.5786705396677,128.157570668626,2
16.02,-125.76288,43.2827260450531,143.782781144979,2
16.03,-125.09232,39.5927332319799,131.52579732242,2
16.04,-124.42176,39.1599962585798,130.088442212449,2
16.05,-123.7512,36.5906307384779,121.554607002486,2
16.06,-123.08064,48.0727747695136,159.694525956447,2
16.07,-122.41008,42.5175854208495,141.241169522293,2
16.08,-121.73952,40.571454770845,134.776720219265,2
16.09,-121.06896,41.9432511339629,139.333386554968,2
16.1,-120.3984,48.6905981111521,161.746860856963,2
16.11,-119.72784,37.9618496104899,126.108841262422,2
16.12,-119.05728,22.4388611924403,74.6223285659425,2
16.13,-118.38672,30.5438261800134,101.477117631329,2
16.14,-117.71616,40.9358709739556,135.987182850884,2
16.15,-117.0456,32.0307340927667,106.412831251651,2
16.16,-116.37504,43.3195208284734,143.905005054387,2
16.17,-115.70448,35.898481538954,119.255883505245,2
16.18,-115.03392,26.6664676298628,88.6151379209563,2
16.19,-114.36336,34.8133889012091,115.652336390498,2
16.2,-113.6928,42.1461645706746,140.007408305038,2
16.21,-113.02224,36.0452051269499,119.743165512695,2
16.22,-112.35168,46.4187383523813,154.200040137653,2
16.23,-111.68112,42.1526985038229,140.029112238025,2
16.24,-111.01056,33.2519713797446,110.46747935573,2
16.25,-110.34,40.4631592746728,134.417002301193,2
16.26,-109.66944,31.5722219475746,104.890692665836,2
16.27,-108.99888,48.8921245001945,162.416308187185,2
16.28,-108.32832,36.649935016247,121.751568658882,2
16.29,-107.65776,36.8847627318048,122.531485247298,2
16.3,-106.9872,39.5836194529371,131.495525332075,2
16.31,-106.31664,48.7448182619428,161.926973879397,2
16.32,-105.64608,46.4539414289024,154.316979569963,2
16.33,-104.97552,35.9998772158308,119.592627069229,2
16.34,-104.30496,19.7334531464627,65.7057039606966,2
16.35,-103.6344,35.7232627367989,118.673971929615,2
16.36,-102.96384,32.5231745118238,108.047714584098,2
16.37,-102.29328,41.6212708784079,138.263862266275,2
16.38,-101.62272,37.2528016135943,123.753843816581,2
16.39,-100.95216,49.0632727026738,162.984843014647,2
16.4,-100.2816,40.5128726371398,134.582131758738,2
16.41,-99.61104,32.5949291544361,108.285946187606,2
16.42,-98.94048,42.4305318517213,140.952000184128,2
16.43,-98.26992,37.8162635437141,125.625293440788,2
16.44,-97.5993599999999,44.2409221361944,146.965705531037,2
16.45,-96.9288000000001,38.759987223495,128.759809833165,2
16.46,-96.2582399999999,31.7890526080231,105.610499654123,2
16.47,-95.5876800000001,43.8038558278929,145.51386020823,2
16.48,-94.9171200000001,39.3925163579499,130.860766014691,2
16.49,-94.24656,27.7979733866504,92.3668028633155,2
16.5,-93.576,40.5344356507116,134.653756190465,2
16.51,-92.9054400000002,41.9232896416294,139.267080161203,2
16.52,-92.23488,47.4131544888212,157.503351694642,2
16.53,-91.56432,35.7848812053418,118.878609653531,2
16.54,-90.8937600000002,40.3348464343704,133.990795152951,2
16.55,-90.2231999999999,46.2836998362584,153.751462289873,2
16.56,-89.5526400000001,45.0454399553357,149.638163998839,2
16.57,-88.8820800000001,30.8464928588007,102.481698411598,2
16.58,-88.2115200000001,30.2961952110568,100.655251564331,2
16.59,-87.54096,47.7377425265481,158.581590968166,2
16.6,-86.8704,46.8474766354333,155.624246951295,2
16.61,-86.19984,39.8457543774346,132.366225706054,2
16.62,-85.52928,40.1840118863576,133.489780828821,2
16.63,-84.8587200000002,39.2188908572384,130.28406225825,2
16.64,-84.1881599999999,41.2227376688411,136.940059050542,2
16.65,-83.5176000000001,48.8160353222174,162.163548699973,2
16.66,-82.8470400000001,36.2857923103461,120.54218561148,2
16.67,-82.1764799999999,33.8729030154767,112.529261010392,2
16.68,-81.5059200000001,46.1269348616205,153.230712793631,2
16.69,-80.83536,40.0833361389651,133.155375662721,2
16.7,-80.1648,46.0989523345557,153.137759125764,2
16.71,-79.49424,40.2801575229414,133.809139445546,2
16.72,-78.8236800000002,38.0770735176711,126.491546411638,2
16.73,-78.1531199999999,32.3375733563662,107.431513033809,2
16.74,-77.4825600000001,35.982727045258,119.535669771489,2
16.75,-76.8120000000001,44.5009213500954,147.82937265111,2
16.76,-76.1414400000001,46.1095166202313,153.172852062562,2
16.77,-75.4708800000001,55.6984980543282,185.02644437372,2
16.78,-74.8003200000001,44.6248967841371,148.241195726141,2
16.79,-74.12976,36.4593733501636,121.118676432752,2
16.8,-73.4592,34.0640572757987,113.164007160015,2
16.81,-72.7886400000002,45.5883627461557,151.44166141824,2
16.82,-72.11808,49.2881051494456,163.731711205476,2
16.83,-71.4475200000002,49.8662709239053,165.65231514961,2
16.84,-70.7769600000001,47.4473514421075,157.616949461728,2
16.85,-70.1063999999999,44.7723702985684,148.73107553167,2
16.86,-69.4358400000001,44.7971682558312,148.813449825341,2
16.87,-68.7652800000001,42.0288674518295,139.617779804686,2
16.88,-68.0947200000001,39.1447349040044,130.037751251529,2
16.89,-67.42416,32.7644646910206,108.848827328856,2
16.9,-66.7536000000002,38.7868481942706,128.84902821314,2
16.91,-66.08304,33.8330827990047,112.397035566979,2
16.92,-65.41248,46.9551754834508,155.982007477822,2
16.93,-64.7419200000002,46.6276243864542,154.893929069838,2
16.94,-64.0713599999999,37.573077576716,124.81758449976,2
16.95,-63.4008000000001,48.3357341162732,160.568044787946,2
16.96,-62.7302400000001,35.7052992604152,118.614314557021,2
16.97,-62.0596800000001,39.5150582534116,131.26779522051,2
16.98,-61.38912,56.622428794294,188.095668412636,2
16.99,-60.7185600000003,35.6207533023183,118.333535183594,2
17,-60.048,18.0841704788289,60.2968517189999,2
17.01,-59.3774400000002,57.260303197526,190.214637024522,2
17.02,-58.7068800000002,43.391978513905,144.145693160947,2
17.03,-58.0363199999999,47.2507459208683,156.963852082807,2
17.04,-57.3657600000001,50.8697134020482,168.985648215951,2
17.05,-56.6951999999999,25.3672124859802,84.3099181424896,2
17.06,-56.0246400000001,45.63929757648,151.610858616814,2
17.07,-55.3540800000001,42.4467322750932,141.005813756451,2
17.08,-54.6835200000003,39.3098804045208,130.586287190337,2
17.09,-54.01296,40.1724537933188,133.451389359612,2
17.1,-53.3424,34.6344367516605,115.058070489271,2
17.11,-52.67184,35.7408281251279,118.732307300852,2
17.12,-52.00128,36.6470508520117,121.741989745047,2
17.13,-51.3307200000002,45.5507559094263,151.316737675646,2
17.14,-50.6601599999999,17.1288930331006,57.1777170612999,2
17.15,-49.9896000000001,30.9831639303551,102.935342389995,2
17.16,-49.3190400000001,55.8018347826307,185.369720641351,2
17.17,-48.6484799999998,51.5870374167794,171.368529034922,2
17.18,-47.97792,49.7338315106683,165.212365548869,2
17.19,-47.30736,42.2853728185846,140.469820331526,2
17.2,-46.6368,48.3478882708593,160.608419424072,2
17.21,-45.96624,51.6278714588333,171.504175849607,2
17.22,-45.2956800000002,55.1839879240933,183.317283602529,2
17.23,-44.6251199999999,48.3319175444109,160.555366596719,2
17.24,-43.9545600000001,47.8110106164251,158.824978231214,2
17.25,-43.2840000000001,51.0292959403961,169.515765673184,2
17.26,-42.6134400000001,38.2846037674474,127.180842178481,2
17.27,-41.9428800000001,61.8002010414775,205.295833640718,2
17.28,-41.27232,45.410092327673,150.849476600771,2
17.29,-40.60176,42.3215446657139,140.589973537215,2
17.3,-39.9312,57.138527097955,189.810106349018,2
17.31,-39.2606400000002,57.0490154824529,189.512755779293,2
17.32,-38.5900799999999,54.1255114254562,179.801112852874,2
17.33,-37.9195200000001,54.4981547476257,181.039002586072,2
17.34,-37.2489600000001,57.4620610373927,190.884860830472,2
17.35,-36.5783999999999,34.1443019694781,113.430470694317,2
17.36,-35.9078400000001,53.3242924564002,177.139532354269,2
17.37,-35.2372800000001,49.3880290189914,164.06364724911,2
17.38,-34.56672,62.7738830531853,208.530333356588,2
17.39,-33.89616,48.545318257007,161.264258262448,2
17.4,-33.2256000000002,56.2319143949955,186.798410612454,2
17.41,-32.55504,53.7824464518923,178.661480265304,2
17.42,-31.8844799999999,39.2382696829796,130.348429636019,2
17.43,-31.2139200000001,48.8801136357982,162.376409474944,2
17.44,-30.5433599999999,46.1331022566934,153.25119993716,2
17.45,-29.8728000000001,45.1703113843464,150.052965111322,2
17.46,-29.2022400000001,48.5929481373117,161.422479100343,2
17.47,-28.5316800000001,43.3117784228576,143.879286538269,2
17.48,-27.86112,40.6095121967008,134.903133217134,2
17.49,-27.1905600000002,47.059780658358,156.329491425761,2
17.5,-26.52,47.2100813825876,156.828769966611,2
17.51,-25.8494400000002,46.0572170032031,152.999120776392,2
17.52,-25.1788800000002,49.5829530231988,164.711163484879,2
17.53,-24.5083199999999,57.8629177343203,192.216475672187,2
17.54,-23.8377600000001,48.8449637817259,162.259645704413,2
17.55,-23.1672000000001,48.8990319901416,162.439254076204,2
17.56,-22.4966400000001,51.4407133396543,170.882454402492,2
17.57,-21.82608,65.3717879887489,217.160383320739,2
17.58,-21.1555200000003,23.0216529554747,76.5480433703216,2
17.59,-20.48496,51.3203447528995,170.482601522196,2
17.6,-19.8144,44.9208619895257,149.224338091854,2
17.61,-19.1438400000002,61.4089511163561,203.996130420867,2
17.62,-18.4732799999999,32.1547729002431,106.824624908499,2
17.63,-17.8027200000001,52.5138487634704,174.447310448225,2
17.64,-17.1321600000001,51.525397381113,171.163766699646,2
17.65,-16.4616000000001,47.1216130806392,156.534890272931,2
17.66,-15.7910400000001,55.1000934617461,183.038593084005,2
17.67,-15.12048,51.7971039515682,172.066350231699,2
17.68,-14.44992,55.7621973343509,185.238048236073,2
17.69,-13.77936,67.1080576014724,222.928144747467,2
17.7,-13.1088000000002,58.1028062219756,193.013366710827,2
17.71,-12.43824,62.8664524753943,208.837842160313,2
17.72,-11.7676800000002,64.4677041467688,214.15708277512,2
17.73,-11.0971199999999,50.4490069191767,167.58810354236,2
17.74,-10.4265600000001,65.1051242813429,216.274545924422,2
17.75,-9.75600000000009,57.3777921152907,190.604926037689,2
17.76,-9.08544000000029,56.2956904058213,187.010269433789,2
17.77,-8.41488000000004,61.3907839008199,203.935780280893,2
17.78,-7.74432000000002,69.3894572554967,230.506789206482,2
17.79,-7.07375999999999,70.1359281285227,232.98651150938,2
17.8,-6.40319999999997,76.4628365571493,254.00404529973,2
17.81,-5.73264000000017,77.4549947193228,257.299923306695,2
17.82,-5.06207999999992,71.961535284416,239.051046730907,2
17.83,-4.39152000000013,77.1233845365643,256.198338144607,2
17.84,-3.7209600000001,69.845556917471,232.021919322124,2
17.85,-3.05039999999985,74.849543353779,248.644801428711,2
17.86,-2.37984000000006,83.540322706405,277.514945118211,2
17.87,-1.70928000000004,86.255757401137,286.535423890792,2
17.88,-1.03872000000001,91.9596640985815,305.48339177467,2
17.89,-0.368159999999989,97.2476219027727,323.049607362523,2
17.9,0.302399999999807,92.183532345937,306.227065994652,2
17.91,0.972960000000057,83.1597000331832,276.250543972332,2
17.92,1.64352000000008,89.526460708935,297.40046508093,2
17.93,2.31407999999988,94.2314609396889,313.030137523279,2
17.94,2.98464000000013,74.6199420325371,247.882082374695,2
17.95,3.65519999999992,84.63784939482,281.160849845087,2
17.96,4.32575999999995,77.4834175281549,257.394341832199,2
17.97,4.99631999999997,70.4680038241045,234.089642989234,2
17.98,5.66687999999999,77.8876102720566,258.737041041028,2
17.99,6.33743999999979,70.8250553214499,235.275742287355,2
18,7.00800000000004,65.2448131704863,216.738582228858,2
18.01,7.67856000000006,64.7289160432875,215.024809611849,2
18.02,8.34911999999986,67.8383800490846,225.354222969912,2
18.03,9.01968000000011,73.8025217061552,245.166670930278,2
18.04,9.6902399999999,51.4616948917923,170.952153111008,2
18.05,10.3607999999999,61.4305421322188,204.067854171335,2
18.06,11.0313599999999,47.2540679516473,156.974887422432,2
18.07,11.70192,56.4512086317775,187.526888607032,2
18.08,12.3724799999998,51.2483643224649,170.243489487033,2
18.09,13.04304,47.4087377503061,157.488679873192,2
18.1,13.7136,56.9050204438167,189.034415574445,2
18.11,14.3841599999998,45.9974318429768,152.800523730262,2
18.12,15.0547200000001,42.1322502889104,139.96118888578,2
18.13,15.7252799999999,43.2206002327325,143.576413424272,2
18.14,16.3958399999999,50.6294571938538,168.187541084711,2
18.15,17.0663999999999,47.1679370961284,156.688772351753,2
18.16,17.73696,53.0703412970334,176.29592890405,2
18.17,18.40752,52.0379149541916,172.866301922073,2
18.18,19.07808,46.3736530167791,154.05027332863,2
18.19,19.74864,43.0481421550765,143.003547929304,2
18.2,20.4191999999998,49.5457918903414,164.587718238306,2
18.21,21.0897600000001,41.3267775541056,137.285646299702,2
18.22,21.7603199999999,50.6840276912385,168.368818794746,2
18.23,22.4308799999999,42.3375351005822,140.643089505553,2
18.24,23.1014399999999,46.6365354031696,154.923530183783,2
18.25,23.7719999999999,46.0212828584177,152.879753102676,2
18.26,24.44256,50.5976928616908,168.08202317344,2
18.27,25.11312,46.8773152322542,155.72336658302,2
18.28,25.78368,38.9860911730957,129.510813534223,2
18.29,26.4542399999998,43.6266162924739,144.925108244732,2
18.3,27.1248000000001,41.9840735536112,139.468987069966,2
18.31,27.7953599999998,53.7046040715941,178.402894567307,2
18.32,28.4659199999999,48.2390012177538,160.24670982149,2
18.33,29.1364799999999,39.6325007464742,131.657887704626,2
18.34,29.8070399999999,53.6052567108609,178.072871201064,2
18.35,30.4775999999999,36.4395635827093,121.052884711014,2
18.36,31.14816,52.3836845912761,174.014916888139,2
18.37,31.81872,48.8898864821339,162.408873748085,2
18.38,32.4892799999998,47.9179490918633,159.180214348481,2
18.39,33.15984,50.3157132649008,167.145315662219,2
18.4,33.8303999999998,57.0806950900034,189.617992950786,2
18.41,34.5009599999998,54.9726954501349,182.615387377174,2
18.42,35.1715200000001,46.7507427098798,155.302910521455,2
18.43,35.8420799999999,54.5383393023452,181.17249231572,2
18.44,36.5126400000001,49.7100633397259,165.133410235809,2
18.45,37.1831999999999,56.5209766263223,187.758652347711,2
18.46,37.85376,38.1484188605991,126.728513915977,2
18.47,38.52432,34.2453629768636,113.766060351637,2
18.48,39.19488,44.7466134475613,148.64551598437,2
18.49,39.8654399999998,50.8571827552147,168.944022649392,2
18.5,40.5360000000001,46.6922894798431,155.108737225226,2
18.51,41.2065600000001,32.950225044763,109.465590406528,2
18.52,41.8771199999999,34.8348764989562,115.723693147613,2
18.53,42.5476800000001,50.5785826446709,168.018540961041,2
18.54,43.2182399999999,45.9484098341698,152.637680257988,2
18.55,43.8887999999999,43.7484953409315,145.329964359523,2
18.56,44.55936,42.7385240605835,141.975071721316,2
18.57,45.22992,43.4259110799247,144.258409563793,2
18.58,45.9004799999998,48.3483455950992,160.60993860009,2
18.59,46.57104,40.4957427729307,134.525232647674,2
18.6,47.2416000000001,29.6947816510839,98.6593984839178,2
18.61,47.9121599999999,37.0378017462258,123.039767519807,2
18.62,48.5827200000001,36.561327726056,121.457285911922,2
18.63,49.2532799999999,49.4757832512724,164.35515717623,2
18.64,49.9238399999999,38.0788583554417,126.497474591536,2
18.65,50.5944,41.0186411680971,136.262117530382,2
18.66,51.26496,34.5936008964389,114.922463583082,2
18.67,51.93552,34.9274331563519,116.031059811863,2
18.68,52.60608,28.79504206408,95.6740868214934,2
18.69,53.27664,23.3207937505601,77.5370017282565,2
18.7,53.9471999999998,24.740987332922,82.2361255134262,2
18.71,54.6177600000001,44.1895193419924,146.794955613878,2
18.72,55.2883199999999,24.710838187876,82.1363084344185,2
18.73,55.9588799999999,31.6260170507416,105.069272557474,2
18.74,56.6294399999999,21.6931380656039,72.1604079185456,2
18.75,57.3,32.5282526418008,108.064574341768,2
18.76,57.97056,45.0542898475933,149.667561785539,2
18.77,58.64112,39.1765683195097,130.143486740922,2
18.78,59.31168,28.7550701746511,95.5414788978264,2
18.79,59.9822399999998,40.1067832899312,133.233257792657,2
18.8,60.6528000000001,42.1420084812585,139.993602917477,2
18.81,61.3233599999999,40.7188192814012,135.266212332864,2
18.82,61.9939199999999,28.1101969157858,93.4023279806087,2
18.83,62.6644799999999,41.6586270347407,138.387948225441,2
18.84,63.3350399999999,37.3442566086533,124.057594152921,2
18.85,64.0056,38.0745619973376,126.483204620886,2
18.86,64.67616,35.4279031814669,117.69308046012,2
18.87,65.34672,40.2124806333879,133.584342925134,2
18.88,66.0172799999998,42.4307645497517,140.952773146087,2
18.89,66.6878400000001,28.6907655610089,95.3281498561167,2
18.9,67.3583999999998,23.6881999532346,78.7520751957049,2
18.91,68.0289599999999,37.8296578695603,125.669781083945,2
18.92,68.6995200000001,33.4272389644492,111.049435920697,2
18.93,69.3700799999999,38.2377863290735,127.025341221438,2
18.94,70.0406399999999,22.0075338547209,73.1980301590813,2
18.95,70.7112,30.8140068880965,102.373871417098,2
18.96,71.38176,32.014478010498,106.358863589777,2
18.97,72.0523199999998,43.9216017496227,145.904987622099,2
18.98,72.72288,30.3966724556209,100.988721836219,2
18.99,73.3934399999998,41.7273222680014,138.616133398447,2
19,74.0639999999999,33.2730251124627,110.537385360852,2
19.01,74.7345600000001,22.6951257353389,75.4689323508691,2
19.02,75.4051199999999,33.4218446802718,111.031524637439,2
19.03,76.0756799999999,34.5565642751964,114.799473481146,2
19.04,76.7462399999999,34.2661180414189,113.83498131481,2
19.05,77.4168,34.3297023534646,114.046125341486,2
19.06,78.0873599999998,44.4145283281824,147.542391526661,2
19.07,78.75792,19.6330793347852,65.375817892051,2
19.08,79.4284799999998,19.4167474419822,64.6651083793409,2
19.09,80.0990399999998,20.1603349593769,67.1095577846207,2
19.1,80.7696000000001,24.2446658543016,80.5932232783503,2
19.11,81.4401599999999,24.6391564110762,81.8989954990514,2
19.12,82.1107200000001,25.8672784092833,85.9665540134391,2
19.13,82.7812799999999,22.6460375479895,75.306741861433,2
19.14,83.4518399999999,18.0261738551905,60.1071595929617,2
19.15,84.1223999999997,30.9027034495737,102.668273407782,2
19.16,84.79296,25.0649424564667,83.3088115656295,2
19.17,85.46352,28.7368448747134,95.4810164650192,2
19.18,86.13408,28.0849132638995,93.3184674649503,2
19.19,86.8046400000001,30.2305986988189,100.437549560275,2
19.2,87.4751999999999,26.4858310011681,88.0163932478621,2
19.21,88.1457600000001,27.921077086225,92.7750761377164,2
19.22,88.8163199999999,24.9730306512028,83.0044454667136,2
19.23,89.4868799999999,20.6409582045843,68.6917190812244,2
19.24,90.15744,20.1325080180265,67.0180038742728,2
19.25,90.828,15.8641345729538,53.0686560310153,2
19.26,91.49856,26.714560774381,88.7745583071629,2
19.27,92.16912,21.5013632025048,71.5277258264068,2
19.28,92.83968,34.5769109997544,114.867040229069,2
19.29,93.5102399999998,33.8371591870067,112.410571437566,2
19.3,94.1808000000001,32.4982192969375,107.96486163174,2
19.31,94.8513599999999,30.3090068690357,100.69777131292,2
19.32,95.5219199999999,33.6470235353994,111.779221219385,2
19.33,96.1924799999999,23.8981927411722,79.4467554080689,2
19.34,96.86304,26.6874717300976,88.6847623855619,2
19.35,97.5336,21.6622274825363,72.0584182727519,2
19.36,98.20416,29.2914036569657,97.3209105306064,2
19.37,98.87472,30.7293469937194,102.092872593062,2
19.38,99.5452799999998,32.9416308129919,109.437055467076,2
19.39,100.21584,33.3399420459216,110.75957483032,2
19.4,100.8864,25.229955394332,83.8553021136036,2
19.41,101.55696,24.3559131820203,80.9614110087218,2
19.42,102.22752,35.5268719014257,118.021754313004,2
19.43,102.89808,28.9918055835113,96.3268787795812,2
19.44,103.56864,19.8025810599501,65.9329448020084,2
19.45,104.2392,24.1629097971424,80.3226632938113,2
19.46,104.90976,20.9311344063542,69.6476851312208,2
19.47,105.58032,22.1088701736856,73.5325793149785,2
19.48,106.25088,16.378613142374,54.73694359522,2
19.49,106.92144,13.5438342555388,45.6158974428208,2
19.5,107.592,17.8833966056049,59.640340181103,2
19.51,108.26256,30.4132263950425,101.043662782967,2
19.52,108.93312,23.7058350270585,78.8104086332811,2
19.53,109.60368,21.8026040770447,72.521630680194,2
19.54,110.27424,15.0258752215934,50.3614051187131,2
19.55,110.9448,31.3035782045931,103.998917990827,2
19.56,111.61536,29.9106757797328,99.3758334500628,2
19.57,112.28592,28.5619493147437,94.9008178831669,2
19.58,112.95648,27.9075098242294,92.7300794053233,2
19.59,113.62704,-0.119360623241726,9.80310844448312,1
19.6,114.2976,21.4353225435817,71.3098969134971,2
19.61,114.96816,21.0030624389584,69.8847276478226,2
19.62,115.63872,31.391224524772,104.289859423994,2
19.63,116.30928,30.7664614655779,102.216060499804,2
19.64,116.97984,10.791465081651,37.0033319839369,2
19.65,117.6504,23.5626789505995,78.3369052107491,2
19.66,118.32096,24.498320878367,81.4327782821261,2
19.67,118.99152,24.8304283968625,82.5322584586332,2
19.68,119.66208,6.59974843958327,24.7783716527764,2
19.69,120.33264,13.691305653022,46.0853752157883,2
19.7,121.0032,21.8756779224489,72.7627976433794,2
19.71,121.67376,29.0434254623289,96.4981415696984,2
19.72,122.34432,13.622457316323,45.8661126982639,2
19.73,123.01488,18.2826100946191,60.9461872702118,2
19.74,123.68544,13.5042200759041,45.4898990923881,2
19.75,124.356,30.5226824039903,101.406941595165,2
19.76,125.02656,26.8753352124547,89.307524546164,2
19.77,125.69712,23.7435412359508,78.935136897102,2
19.78,126.36768,21.0710163176417,70.1087015495901,2
19.79,127.03824,24.7369021186053,82.2226001459969,2
19.8,127.7088,10.0619108976295,34.7814037305933,2
19.81,128.37936,24.2734679547951,80.688544279698,2
19.82,129.04992,14.9465513172523,50.1059992411356,2
19.83,129.72048,16.1927587857268,54.133737044063,2
19.84,130.39104,21.6852620529292,72.1344205047321,2
19.85,131.0616,23.3872738529859,77.7568283455192,2
19.86,131.73216,32.1335673083544,106.754224426411,2
19.87,132.40272,17.6750199892905,58.9594827445856,2
19.88,133.07328,20.2690584940081,67.4673243599163,2
19.89,133.74384,26.4464001598935,87.8857017030634,2
19.9,134.4144,23.4437200149866,77.9434882695714,2
19.91,135.08496,6.26004883474622,23.8590964825802,2
19.92,135.75552,17.1454580062205,57.2317010776799,2
19.93,136.42608,12.1228599035176,41.1300807384164,2
19.94,137.09664,11.4246262477525,38.9552931789927,2
19.95,137.7672,18.1309006927125,60.449722534422,2
19.96,138.43776,26.5955390953343,88.3800291381548,2
19.97,139.10832,29.1960799294419,97.0046284136418,2
19.98,139.77888,28.9121742290876,96.0626854476841,2
19.99,140.44944,26.0858735213108,86.6908817964722,2
20,141.12,23.6253013740698,78.5440270193819,2
