time_s,ue_x_m,SINR_dB,throughput_Mbps,serving_idx
0,-1200,26.9465607704814,89.5436498309211,1
0.01,-1199.32944,30.2405233464139,100.470487327134,1
0.02,-1198.65888,41.6205643280248,138.261515318296,1
0.03,-1197.98832,47.2309243794281,156.898007590314,1
0.04,-1197.31776,34.0199946035462,113.017691819608,1
0.05,-1196.6472,35.8473472006066,119.086062834049,1
0.06,-1195.97664,38.4850342431794,127.846561235689,1
0.07,-1195.30608,40.1519694719098,133.383348471464,1
0.08,-1194.63552,34.4485737725784,114.440863964005,1
0.09,-1193.96496,16.993724313825,56.7373597516044,1
0.1,-1193.2944,30.19968367151,100.334949703802,1
0.11,-1192.62384,37.8015566865823,125.576446408873,1
0.12,-1191.95328,43.6922397153577,145.143095150651,1
0.13,-1191.28272,35.5591749234012,118.129032692076,1
0.14,-1190.61216,31.5330498430117,104.760656700873,1
0.15,-1189.9416,34.6530977779496,115.120039805173,1
0.16,-1189.27104,27.6154867928304,91.7616217491649,1
0.17,-1188.60048,24.9222358912178,82.836247271175,1
0.18,-1187.92992,36.5003602289427,121.254801280616,1
0.19,-1187.25936,36.1255667544209,120.010055325299,1
0.2,-1186.5888,37.2253157315266,123.662554931755,1
0.21,-1185.91824,42.4928208359734,141.158907972409,1
0.22,-1185.24768,39.6390588983651,131.679671044743,1
0.23,-1184.57712,46.8283777557288,155.560803160228,1
0.24,-1183.90656,37.0372406031745,123.037903811599,1
0.25,-1183.236,30.3669680564062,100.890136246389,1
0.26,-1182.56544,28.7689894691362,95.5876563848775,1
0.27,-1181.89488,34.614682816279,114.992471953527,1
0.28,-1181.22432,35.9354499739052,119.378658552833,1
0.29,-1180.55376,23.4010296278248,77.8023158421889,1
0.3,-1179.8832,39.7276739830558,131.974012323396,1
0.31,-1179.21264,31.9042137049313,105.992806640045,1
0.32,-1178.54208,36.0850350265151,119.875444842402,1
0.33,-1177.87152,39.1906623243162,130.190300361947,1
0.34,-1177.20096,35.8599969363594,119.128073432441,1
0.35,-1176.5304,31.7973761872133,105.638131700823,1
0.36,-1175.85984,33.5761820160235,111.543993193818,1
0.37,-1175.18928,41.0196938278503,136.26561411387,1
0.38,-1174.51872,29.6003113286812,98.3459148578407,1
0.39,-1173.84816,36.8876700573383,122.541141195911,1
0.4,-1173.1776,22.1304805410664,73.6039294483297,1
0.41,-1172.50704,36.8750610992583,122.499263730867,1
0.42,-1171.83648,29.8814257451647,99.2787663570828,1
0.43,-1171.16592,35.3962152615428,117.587845734592,1
0.44,-1170.49536,19.5814584795725,65.20619391313,1
0.45,-1169.8248,15.9827502081964,53.4528658039407,1
0.46,-1169.15424,21.8115791349099,72.5512498047049,1
0.47,-1168.48368,32.1308007607801,106.745039775695,1
0.48,-1167.81312,32.4538202127581,107.81745441912,1
0.49,-1167.14256,35.6325679521869,118.37277186038,1
0.5,-1166.472,25.9858412694396,86.3594076459259,1
0.51,-1165.80144,40.7749327645984,135.452601595102,1
0.52,-1165.13088,43.0903694333546,143.143816992471,1
0.53,-1164.46032,35.2437510628479,117.081519378637,1
0.54,-1163.78976,23.3432005664742,77.6110915588292,1
0.55,-1163.1192,45.5186597715508,151.210119594494,1
0.56,-1162.44864,38.0929305436558,126.544214126271,1
0.57,-1161.77808,42.5748017359025,141.431227432012,1
0.58,-1161.10752,31.2127080782817,103.697279742408,1
0.59,-1160.43696,44.7345113820225,148.605315142369,1
0.6,-1159.7664,38.4073587789708,127.588565826451,1
0.61,-1159.09584,34.8845799019629,115.888750369124,1
0.62,-1158.42528,21.1562288461558,70.3895977875506,1
0.63,-1157.75472,35.8676000123823,119.153323759627,1
0.64,-1157.08416,35.7589703146992,118.792558318569,1
0.65,-1156.4136,27.7095180207308,92.0734525596998,1
0.66,-1155.74304,32.1648754788854,106.85816455086,1
0.67,-1155.07248,23.1350945049993,76.9230421555056,1
0.68,-1154.40192,34.0713092103786,113.18808812668,1
0.69,-1153.73136,34.5916567833655,114.916007621567,1
0.7,-1153.0608,34.5335324788103,114.722990366886,1
0.71,-1152.39024,32.2819276586702,107.246770568481,1
0.72,-1151.71968,36.6246652200532,121.667642417019,1
0.73,-1151.04912,42.1878453783774,140.145860544935,1
0.74,-1150.37856,41.3096922863282,137.228894458111,1
0.75,-1149.708,33.3283200048888,110.720985154149,1
0.76,-1149.03744,42.598197488505,141.50894215584,1
0.77,-1148.36688,30.3065494440295,100.689615521558,1
0.78,-1147.69632,37.0596562386013,123.112352251045,1
0.79,-1147.02576,33.6097674100838,111.655512698964,1
0.8,-1146.3552,30.2137257073312,100.381551900988,1
0.81,-1145.68464,25.9392512669011,86.2050301468454,1
0.82,-1145.01408,31.9897915649568,106.276908677482,1
0.83,-1144.34352,25.2339328044566,83.8684752932153,1
0.84,-1143.67296,30.081302981196,99.9420779403288,1
0.85,-1143.0024,32.0651069072831,106.526944059485,1
0.86,-1142.33184,14.9409061239747,50.08782842048,1
0.87,-1141.66128,15.4802129942546,51.8269425039687,1
0.88,-1140.99072,23.8266900401246,79.2102006351853,1
0.89,-1140.32016,34.4806195163302,114.547279553677,1
0.9,-1139.6496,36.9466900121871,122.7371613776,1
0.91,-1138.97904,24.3557270808442,80.9607950532621,1
0.92,-1138.30848,39.3048401106809,130.569545660252,1
0.93,-1137.63792,27.3682426492951,90.9417553641509,1
0.94,-1136.96736,18.6790941085032,62.2448473173563,1
0.95,-1136.2968,12.0557684434284,40.9201819822591,1
0.96,-1135.62624,27.3482800703299,90.8755627263409,1
0.97,-1134.95568,18.7594923818764,62.508385279914,1
0.98,-1134.28512,36.1421918681562,120.065269309582,1
0.99,-1133.61456,27.2721852964889,90.6232500876488,1
1,-1132.944,11.7310685730742,39.9070765490612,1
1.01,-1132.27344,33.3371001678818,110.750138690457,1
1.02,-1131.60288,33.2983460116427,110.621460112626,1
1.03,-1130.93232,31.7924551553498,105.621795192888,1
1.04,-1130.26176,28.6761232763354,95.2795750152394,1
1.05,-1129.5912,30.5379948189441,101.457763356951,1
1.06,-1128.92064,32.6095016766335,108.334328484004,1
1.07,-1128.25008,24.1823353264071,80.386947557527,1
1.08,-1127.57952,25.5403295698364,84.8833670452211,1
1.09,-1126.90896,32.4268932101058,107.72805582028,1
1.1,-1126.2384,24.1501906144438,80.2805727164542,1
1.11,-1125.56784,34.2560120129769,113.801422395607,1
1.12,-1124.89728,27.8066581205307,92.395605150364,1
1.13,-1124.22672,37.3505090225737,124.078360397488,1
1.14,-1123.55616,28.0904492093667,93.3368289583609,1
1.15,-1122.8856,33.4531690770407,111.135534897974,1
1.16,-1122.21504,32.8841767254868,109.246294663934,1
1.17,-1121.54448,37.8149640536061,125.620977341813,1
1.18,-1120.87392,31.7654592488649,105.532176231034,1
1.19,-1120.20336,20.4354771882804,68.0151039726324,1
1.2,-1119.5328,36.2968367299874,120.578865763495,1
1.21,-1118.86224,27.6807484312395,91.9780442605955,1
1.22,-1118.19168,30.9335737466632,102.770739374472,1
1.23,-1117.52112,39.611187476377,131.587094277303,1
1.24,-1116.85056,16.7769459699259,56.0316956658125,1
1.25,-1116.18,24.890599515777,82.7314919884183,1
1.26,-1115.50944,28.0643635094769,93.250308841973,1
1.27,-1114.83888,34.4705941582241,114.513987913779,1
1.28,-1114.16832,42.8157694559504,142.23166183312,1
1.29,-1113.49776,29.6853199924274,98.6280012541069,1
1.3,-1112.8272,26.8585037704432,89.2517265022117,1
1.31,-1112.15664,34.7088484409101,115.305176490413,1
1.32,-1111.48608,40.5940162235832,134.851661189885,1
1.33,-1110.81552,30.4511790722707,101.169624817295,1
1.34,-1110.14496,25.6307543505559,85.1829238507117,1
1.35,-1109.4744,29.9240430344077,99.4201932968617,1
1.36,-1108.80384,31.2396644214866,103.786759306978,1
1.37,-1108.13328,34.6734305858929,115.187560857644,1
1.38,-1107.46272,45.2447252072467,150.300155028068,1
1.39,-1106.79216,30.3673693081281,100.891467952011,1
1.4,-1106.1216,31.4482662033884,104.479211226782,1
1.41,-1105.45104,32.4433781870924,107.782786488015,1
1.42,-1104.78048,30.4900041672572,101.298483365114,1
1.43,-1104.10992,33.0820505947258,109.903286841955,1
1.44,-1103.43936,27.7727496181335,92.2831506151206,1
1.45,-1102.7688,23.8383440806605,79.248754997361,1
1.46,-1102.09824,22.5209927251605,74.8936308765347,1
1.47,-1101.42768,34.1493062971235,113.447088315213,1
1.48,-1100.75712,42.5696357527642,141.414067356555,1
1.49,-1100.08656,24.3105976669101,80.8114291133619,1
1.5,-1099.416,7.26475555309736,26.6150162197184,1
1.51,-1098.74544,27.8247818210053,92.4557113889688,1
1.52,-1098.07488,27.0217356755091,89.7928763630857,1
1.53,-1097.40432,32.2827445184512,107.249482514516,1
1.54,-1096.73376,29.0192425029101,96.4179077997048,1
1.55,-1096.0632,25.3316881897801,84.1922523107688,1
1.56,-1095.39264,33.2953616396548,110.611550881728,1
1.57,-1094.72208,28.2829167422008,93.9752229681141,1
1.58,-1094.05152,35.4716991559981,117.838526069475,1
1.59,-1093.38096,17.6309184036753,58.8154530654476,1
1.6,-1092.7104,26.8247011530159,89.139668528548,1
1.61,-1092.03984,25.5780598361257,85.0083567757066,1
1.62,-1091.36928,25.9224446919486,86.1493420407671,1
1.63,-1090.69872,37.6589185745997,125.10269275756,1
1.64,-1090.02816,24.2346562169415,80.5600967813245,1
1.65,-1089.3576,32.5053653819909,107.988587076153,1
1.66,-1088.68704,32.468543837969,107.86633750757,1
1.67,-1088.01648,32.312699677297,107.34893280676,1
1.68,-1087.34592,25.1868616322626,83.7125779228858,1
1.69,-1086.67536,21.5902928452448,71.8210886204555,1
1.7,-1086.0048,30.4388755224998,101.128790167177,1
1.71,-1085.33424,34.0367667937802,113.073385801792,1
1.72,-1084.66368,26.5733064462327,88.3063356796906,1
1.73,-1083.99312,30.5869001987015,101.620080910807,1
1.74,-1083.32256,31.1134633438901,103.367847909196,1
1.75,-1082.652,34.2292416931695,113.712526785248,1
1.76,-1081.98144,24.1673453580563,80.3373416527566,1
1.77,-1081.31088,35.4148732915477,117.649808521182,1
1.78,-1080.64032,20.9170747145191,69.6013543523839,1
1.79,-1079.96976,40.0924325340752,133.185590272266,1
1.8,-1079.2992,16.6540263236388,55.6318831265962,1
1.81,-1078.62864,35.7715154819417,118.834221415518,1
1.82,-1077.95808,30.3720891799984,100.907132640689,1
1.83,-1077.28752,29.7875547820458,98.9672573833938,1
1.84,-1076.61696,36.8236453014966,122.328499422542,1
1.85,-1075.9464,35.0856125463424,116.556354498882,1
1.86,-1075.27584,37.5270265456744,124.664633173423,1
1.87,-1074.60528,41.5005048384202,137.862714169768,1
1.88,-1073.93472,25.0360523282061,83.2131396810969,1
1.89,-1073.26416,36.0039563505161,119.606174259944,1
1.9,-1072.5936,31.2774001499305,103.912020934575,1
1.91,-1071.92304,52.8799298373901,175.663398915289,1
1.92,-1071.25248,41.3594619265381,137.394213466047,1
1.93,-1070.58192,30.0072989840379,99.6964850863451,1
1.94,-1069.91136,43.4140564343137,144.219031075165,1
1.95,-1069.2408,48.451154931451,160.951458886065,1
1.96,-1068.57024,50.331100760496,167.196431341672,1
1.97,-1067.89968,40.3442777163751,134.022122296506,1
1.98,-1067.22912,51.1116500363247,169.789337920062,1
1.99,-1066.55856,47.1465433961318,156.617705386233,1
2,-1065.888,54.2039200946238,180.061579815505,1
2.01,-1065.21744,42.20795394311,140.21265572431,1
2.02,-1064.54688,40.672106535804,135.11104917127,1
2.03,-1063.87632,44.7324025148774,148.598309872899,1
2.04,-1063.20576,38.7995670243831,128.891273674469,1
2.05,-1062.5352,34.4953445145769,114.596177541304,1
2.06,-1061.86464,38.6290019072737,128.324744796522,1
2.07,-1061.19408,34.9196505900479,116.005215004213,1
2.08,-1060.52352,50.1665034952373,166.64965622549,1
2.09,-1059.85296,46.7021182736433,155.141387072998,1
2.1,-1059.1824,46.5398018752956,154.602195409184,1
2.11,-1058.51184,30.4096436805719,101.031772079046,1
2.12,-1057.84128,46.5148979930063,154.519468343339,1
2.13,-1057.17072,50.8830424124792,169.029925868313,1
2.14,-1056.50016,36.0030323268487,119.603105489983,1
2.15,-1055.8296,53.7414485783843,178.525288850206,1
2.16,-1055.15904,27.7331881730128,92.1519504487038,1
2.17,-1054.48848,48.7587265854486,161.973175714144,1
2.18,-1053.81792,48.1591124734741,159.98132917503,1
2.19,-1053.14736,46.42484528603,154.220326469707,1
2.2,-1052.4768,48.0361263607528,159.572784483189,1
2.21,-1051.80624,44.9944809526302,149.468887184551,1
2.22,-1051.13568,47.5103009527639,157.82605947297,1
2.23,-1050.46512,48.5972622172902,161.436809965783,1
2.24,-1049.79456,43.3949468193157,144.155553206715,1
2.25,-1049.124,38.5690205231225,128.125518458711,1
2.26,-1048.45344,46.9006950613535,155.801031104431,1
2.27,-1047.78288,43.1791299625125,143.438658762108,1
2.28,-1047.11232,47.3420323444186,157.267093366463,1
2.29,-1046.44176,35.6229988394166,118.340992652732,1
2.3,-1045.7712,43.0094509267775,142.875024849856,1
2.31,-1045.10064,28.7013789305821,95.3633591676421,1
2.32,-1044.43008,47.4985471522537,157.787014886449,1
2.33,-1043.75952,44.6266394537404,148.246984549723,1
2.34,-1043.08896,46.7334803278067,155.245567343607,1
2.35,-1042.4184,54.7284607810512,181.804060024,1
2.36,-1041.74784,50.9304649954349,169.187459000472,1
2.37,-1041.07728,49.3793059125876,164.034670050829,1
2.38,-1040.40672,50.2090822674466,166.791098490567,1
2.39,-1039.73616,57.243190419161,190.157789712328,1
2.4,-1039.0656,47.8941297794568,159.101089586869,1
2.41,-1038.39504,39.0354266471136,129.674681852572,1
2.42,-1037.72448,46.8077107060308,155.492150135617,1
2.43,-1037.05392,47.5564774820116,157.979451875935,1
2.44,-1036.38336,46.4279853386978,154.230757261377,1
2.45,-1035.7128,36.4213783378752,120.992488374562,1
2.46,-1035.04224,9.95947869024795,34.4719965108049,1
2.47,-1034.37168,46.703770753235,155.146876374101,1
2.48,-1033.70112,43.5932633325053,144.814316935136,1
2.49,-1033.03056,47.7942085656421,158.769163952397,1
2.5,-1032.36,42.42701010924,140.940301877559,1
2.51,-1031.68944,45.6005709452579,151.482215059461,1
2.52,-1031.01888,43.2024957949534,143.516274654553,1
2.53,-1030.34832,56.0387110157271,186.156604441653,1
2.54,-1029.67776,45.0457828416354,149.639303006829,1
2.55,-1029.0072,50.3678349309814,167.31845848872,1
2.56,-1028.33664,54.1150470531538,179.766351095136,1
2.57,-1027.66608,52.5475471827098,174.55925354878,1
2.58,-1026.99552,57.2543993032855,190.195024749256,1
2.59,-1026.32496,51.7706000714092,171.97830683144,1
2.6,-1025.6544,42.0166260165557,139.577117189164,1
2.61,-1024.98384,55.7944877735661,185.345314469748,1
2.62,-1024.31328,55.975183916844,185.945572516332,1
2.63,-1023.64272,44.8603933231074,149.023472044012,1
2.64,-1022.97216,51.431967157138,170.853400421791,1
2.65,-1022.3016,61.4662591198817,204.186503351115,1
2.66,-1021.63104,39.5972222966852,131.540708035765,1
2.67,-1020.96048,54.2580967204574,180.241549991584,1
2.68,-1020.28992,47.0815563668239,156.401827343502,1
2.69,-1019.61936,45.8997628891195,152.47608273524,1
2.7,-1018.9488,45.7554428766961,151.996674561722,1
2.71,-1018.27824,37.0748829194926,123.162924254734,1
2.72,-1017.60768,29.2383191462519,97.1447762252565,1
2.73,-1016.93712,41.8478215605008,139.016396861834,1
2.74,-1016.26656,39.3895451318222,130.850896950604,1
2.75,-1015.596,38.4062959206049,127.585035596856,1
2.76,-1014.92544,58.6807934008473,194.933395776221,1
2.77,-1014.25488,51.3288942207643,170.511002030347,1
2.78,-1013.58432,41.709143498773,138.555748899609,1
2.79,-1012.91376,57.125792383066,189.767802623725,1
2.8,-1012.2432,45.9674264997352,152.700850651381,1
2.81,-1011.57264,57.0149476360005,189.399585067179,1
2.82,-1010.90208,55.5072629648431,184.391176905884,1
2.83,-1010.23152,35.9388111845802,119.389821408138,1
2.84,-1009.56096,58.3533296601652,193.845586306902,1
2.85,-1008.8904,62.8794249648406,208.880935815226,1
2.86,-1008.21984,60.1818146123269,199.919674597428,1
2.87,-1007.54928,66.5980358071996,221.233889369951,1
2.88,-1006.87872,70.8419492965362,235.331862853196,1
2.89,-1006.20816,77.4796254894005,257.381744952348,1
2.9,-1005.5376,67.0755709733248,222.820226525798,1
2.91,-1004.86704,56.2083179863338,186.720025226747,1
2.92,-1004.19648,83.1263726793625,276.139832899884,1
2.93,-1003.52592,72.9946671430486,242.483036283393,1
2.94,-1002.85536,71.0858885187032,236.142211343844,1
2.95,-1002.1848,86.5635626056759,287.557930645165,1
2.96,-1001.51424,93.658462578108,311.126678168387,1
2.97,-1000.84368,94.7583502186151,314.780425821217,1
2.98,-1000.17312,95.1969790963013,316.237519412768,1
2.99,-999.50256,92.5506127080696,307.446480561995,1
3,-998.832,86.9965398813159,288.996250018541,1
3.01,-998.16144,85.8696557390514,285.252821935204,1
3.02,-997.49088,69.2072786785663,229.901605144625,1
3.03,-996.82032,73.2999890073066,243.497293513107,1
3.04,-996.14976,75.6316613164404,251.242940984554,1
3.05,-995.4792,44.4772852596942,147.750858051158,1
3.06,-994.80864,57.6859688275218,191.628665108681,1
3.07,-994.13808,73.0883104152163,242.794112484662,1
3.08,-993.46752,63.6345168802069,211.389295676681,1
3.09,-992.79696,59.9159347025397,199.036441528725,1
3.1,-992.1264,70.4354976744672,233.981659907229,1
3.11,-991.45584,65.1763797473395,216.511251386364,1
3.12,-990.78528,56.7489441969745,188.515942581708,1
3.13,-990.11472,42.2455010415168,140.337377016273,1
3.14,-989.44416,53.9723550447976,179.292340371923,1
3.15,-988.7736,48.4549236650964,160.963978169481,1
3.16,-988.10304,64.9573910065653,215.783786762475,1
3.17,-987.43248,51.3708282226323,170.650302748417,1
3.18,-986.76192,46.5822120473407,154.743075841271,1
3.19,-986.09136,54.3230557126862,180.457338289406,1
3.2,-985.4208,48.1298202200621,159.884023907189,1
3.21,-984.75024,48.7865373624934,162.065559890188,1
3.22,-984.07968,47.4429470060844,157.602318505447,1
3.23,-983.40912,48.0767569559361,159.707754287326,1
3.24,-982.73856,48.9345064174644,162.557096060725,1
3.25,-982.068,50.0422830273385,166.237008791821,1
3.26,-981.39744,49.3499820958237,163.937259567638,1
3.27,-980.72688,45.8856464299225,152.429190080187,1
3.28,-980.05632,36.5731782914558,121.496643962286,1
3.29,-979.38576,55.7643031579568,185.245043612117,1
3.3,-978.7152,50.2505447188628,166.928832466454,1
3.31,-978.04464,44.5846439873963,148.107483460973,1
3.32,-977.37408,40.8742949957641,135.782648484829,1
3.33,-976.70352,46.4552227948067,154.321236079067,1
3.34,-976.03296,36.8516062227323,122.421364357454,1
3.35,-975.3624,37.5249190217045,124.657633367675,1
3.36,-974.69184,34.396007644222,114.266306119423,1
3.37,-974.02128,38.4252029834505,127.647834455769,1
3.38,-973.35072,39.9802517871138,132.812970849688,1
3.39,-972.68016,54.158454290664,179.910546260683,1
3.4,-972.0096,29.3516816549853,97.5209158807944,1
3.41,-971.33904,36.0689395579785,119.821990044589,1
3.42,-970.66848,28.2534167799491,93.8773720119279,1
3.43,-969.99792,35.7714746019216,118.834085650975,1
3.44,-969.32736,33.853923028441,112.466236750289,1
3.45,-968.6568,44.7140471934894,148.537336870107,1
3.46,-967.98624,27.4500246128687,91.212936727115,1
3.47,-967.31568,30.8552458437415,102.510751314428,1
3.48,-966.64512,35.2520392396718,117.109043884981,1
3.49,-965.97456,30.9327963326031,102.768158942353,1
3.5,-965.304,21.8236601012962,72.5911195559736,1
3.51,-964.63344,39.3427848644495,130.695580676949,1
3.52,-963.96288,25.8388715391423,85.8724329903254,1
3.53,-963.29232,28.9930807189464,96.3311093525566,1
3.54,-962.62176,28.1286583114707,93.4635609941268,1
3.55,-961.9512,22.2983468940442,74.1582402119305,1
3.56,-961.28064,29.3528907600644,97.5249277837593,1
3.57,-960.61008,33.6279671667224,111.715944716663,1
3.58,-959.93952,26.2784825640126,87.329177600081,1
3.59,-959.26896,40.4736706888733,134.451917328823,1
3.6,-958.5984,23.8415063855417,79.2592167341033,1
3.61,-957.92784,31.8057878236106,105.666056109338,1
3.62,-957.25728,36.2732696344105,120.500595978091,1
3.63,-956.58672,26.9669775810605,89.6113366035348,1
3.64,-955.91616,33.1942132022652,110.275702147495,1
3.65,-955.2456,22.5881820082081,75.1155962192902,1
3.66,-954.57504,20.6183010438854,68.6170991170655,1
3.67,-953.90448,33.9913622815406,112.922615106048,1
3.68,-953.23392,24.6862898488161,82.0550360952199,1
3.69,-952.56336,32.323257226653,107.383983672358,1
3.7,-951.8928,24.4525959017677,81.2814232713322,1
3.71,-951.22224,24.8445899309043,82.5791481253165,1
3.72,-950.55168,25.4620778420371,84.6241508101486,1
3.73,-949.88112,29.9447628836624,99.48895333966,1
3.74,-949.21056,30.7561963932358,102.181989260293,1
3.75,-948.54,14.2461662417283,47.8574791576492,1
3.76,-947.86944,26.2853896373864,87.3520685159616,1
3.77,-947.19888,32.4153912289737,107.689868933562,1
3.78,-946.52832,36.2383519701415,120.384629471444,1
3.79,-945.85776,40.2514172489544,133.713675301645,1
3.8,-945.1872,39.9010764037907,132.549982580376,1
3.81,-944.51664,29.1759394220696,96.9378036966364,1
3.82,-943.84608,40.4191417824246,134.270792565819,1
3.83,-943.17552,34.2024398423016,113.623526677611,1
3.84,-942.50496,31.1261021116928,103.409800569405,1
3.85,-941.8344,27.8057363723431,92.3925482351454,1
3.86,-941.16384,32.1826521482595,106.917181591499,1
3.87,-940.49328,25.0712216070627,83.3296057183142,1
3.88,-939.82272,28.2556521954643,93.8847868188106,1
3.89,-939.15216,20.3033786429192,67.5802759481878,1
3.9,-938.4816,26.5888312995492,88.3577950533719,1
3.91,-937.81104,15.9741364271124,53.4249559938495,1
3.92,-937.14048,31.5700567844084,104.883505155182,1
3.93,-936.46992,29.7928299097768,98.9847626067454,1
3.94,-935.79936,24.8922146630644,82.7368400513017,1
3.95,-935.1288,13.4654189952709,45.36653449858,1
3.96,-934.45824,10.1813100141104,35.1428878671724,1
3.97,-933.78768,29.2236602729352,97.0961385617329,1
3.98,-933.11712,16.2520082303854,54.3259717221451,1
3.99,-932.44656,23.8000381187227,79.1220312909826,1
4,-931.776,35.4263816729059,117.688027566276,1
4.01,-931.10544,25.8665939501404,85.9642861632042,1
4.02,-930.43488,17.2421108147287,57.5467626653625,1
4.03,-929.76432,21.4246359407601,71.2746503695209,1
4.04,-929.09376,19.0363750348299,63.416463728228,1
4.05,-928.4232,29.8649734503937,99.224169231581,1
4.06,-927.75264,25.983080135199,86.3502584207108,1
4.07,-927.08208,32.6315126854627,108.407407501867,1
4.08,-926.41152,37.2919283293259,123.883795600125,1
4.09,-925.74096,32.0231887932434,106.387782016366,1
4.1,-925.0704,31.2592557714089,103.851791589265,1
4.11,-924.39984,21.3105730605593,70.8984872252077,1
4.12,-923.72928,28.1166726710874,93.4238068100607,1
4.13,-923.05872,31.8226584059758,105.722062089053,1
4.14,-922.38816,31.6495848184128,105.147509329421,1
4.15,-921.7176,25.1485348795855,83.5856453994634,1
4.16,-921.04704,30.4487796530084,101.161661298749,1
4.17,-920.37648,19.5916809153515,65.2397826755145,1
4.18,-919.70592,32.0090015150722,106.340682506282,1
4.19,-919.03536,32.267825133942,107.199950724907,1
4.2,-918.3648,17.7324411845325,59.1470492034383,1
4.21,-917.69424,16.6837093543335,55.7284094729887,1
4.22,-917.02368,23.7395391040494,78.921898039357,1
4.23,-916.35312,20.2982450993136,67.5633803350294,1
4.24,-915.68256,17.6518872079016,58.8839312015097,1
4.25,-915.012,21.3123038246907,70.9041945018606,1
4.26,-914.34144,33.7536691018579,112.133339071629,1
4.27,-913.67088,26.271934429875,87.3074763332953,1
4.28,-913.00032,17.3908669326911,58.0319195594181,1
4.29,-912.32976,29.3554259537962,97.5333397543216,1
4.3,-911.6592,22.2162995297026,73.8872959839491,1
4.31,-910.98864,30.1491061667175,100.167096117383,1
4.32,-910.31808,25.8379281100874,85.8693071363001,1
4.33,-909.64752,21.0269275297507,69.9633831333931,1
4.34,-908.97696,9.38050421629075,32.7360918586981,1
4.35,-908.3064,10.4389095636124,35.9257180874719,1
4.36,-907.63584,8.18852741683941,29.2400564905733,1
4.37,-906.96528,17.8883300769414,59.6564664283092,1
4.38,-906.29472,16.6801324304639,55.7167769260052,1
4.39,-905.62416,17.7077585335469,59.0664182015655,1
4.4,-904.9536,13.4956728138004,45.4627197730226,1
4.41,-904.28304,28.4547777173798,94.5453027678897,1
4.42,-903.61248,4.99660831900817,20.5651728810972,1
4.43,-902.94192,24.4414795359149,81.244627660958,1
4.44,-902.27136,24.6987178555046,82.0961813805085,1
4.45,-901.6008,7.03036095270159,25.9622731596964,1
4.46,-900.93024,21.0785307638758,70.1334706104429,1
4.47,-900.25968,27.5776382803766,91.6361100001119,1
4.48,-899.58912,9.9737929919655,34.515194479255,1
4.49,-898.91856,24.9646408931355,82.9766637797906,1
4.5,-898.248,17.9101883711922,59.7279190848267,1
4.51,-897.57744,22.7201098393979,75.5514851894273,1
4.52,-896.90688,16.9014073136075,56.4367600299577,1
4.53,-896.23632,21.906400077663,72.8641983821482,1
4.54,-895.56576,7.1294812099956,26.2376079510352,1
4.55,-894.8952,23.1281311255943,76.9000222387961,1
4.56,-894.22464,15.7328280582406,52.6436483847399,1
4.57,-893.55408,14.5637986055422,48.8756965266299,1
4.58,-892.88352,25.329743437767,84.1858108605106,1
4.59,-892.21296,14.6447855532202,49.135722083455,1
4.6,-891.5424,13.9507296784882,46.9128309133545,1
4.61,-890.87184,14.6880344898983,49.274647950991,1
4.62,-890.20128,19.9791587099603,66.5135686695277,1
4.63,-889.53072,17.2613389882106,57.6094568054813,1
4.64,-888.86016,15.8879763243672,53.1458611635091,1
4.65,-888.1896,8.22649294759359,29.3496206592416,1
4.66,-887.51904,11.3296786714095,38.6612951431232,2
4.67,-886.84848,20.6740264394092,68.8006332495047,1
4.68,-886.17792,11.5887416515604,39.4644787489995,1
4.69,-885.50736,2.82717738663994,15.4469415586458,1
4.7,-884.8368,12.6119469110838,42.6657182547177,1
4.71,-884.16624,17.0706845385892,56.9880510274257,1
4.72,-883.49568,15.8125375730322,52.9016096842567,1
4.73,-882.82512,26.4388248494497,87.8605940232472,1
4.74,-882.15456,22.1773870440726,73.7588062971377,1
4.75,-881.484,23.4357405691199,77.9171006405372,1
4.76,-880.81344,18.6189633321526,62.0477868779224,1
4.77,-880.14288,30.4697098960739,101.231127565555,1
4.78,-879.47232,25.6236825425235,85.1594959356339,1
4.79,-878.80176,22.2988816401697,74.1600061978935,1
4.8,-878.1312,24.9081270309498,82.7895293007798,1
4.81,-877.46064,22.1213863942148,73.5739033834068,1
4.82,-876.79008,15.6316664201828,52.3164398910216,1
4.83,-876.11952,21.959295386046,73.038793996375,1
4.84,-875.44896,18.4079301270127,61.3564853816168,1
4.85,-874.7784,11.229637103508,38.3520006510921,1
4.86,-874.10784,26.0151873876588,86.4566491094647,1
4.87,-873.43728,2.67082004407181,15.1076845091211,1
4.88,-872.76672,14.0688926923156,47.2903635906955,1
4.89,-872.09616,28.5493414483312,94.8589937835174,1
4.9,-871.4256,17.8519601674678,59.5375894673673,1
4.91,-870.75504,12.9134597335915,43.6169605976186,1
4.92,-870.08448,24.1781099632352,80.3729646092293,1
4.93,-869.41392,28.3214396534766,94.1030044009419,1
4.94,-868.74336,12.3410520276491,41.8139880880503,1
4.95,-868.0728,23.3508354210304,77.6363371854997,1
4.96,-867.40224,14.6627163285325,49.1933144518076,1
4.97,-866.73168,15.109799868432,50.6317791739754,1
4.98,-866.06112,6.12716054657995,23.5031617972743,2
4.99,-865.39056,13.0351873554561,44.001922237343,1
5,-864.72,1.9412703196822,13.5817395117951,2
5.01,-864.04944,6.91821107483662,25.6519964601876,2
5.02,-863.37888,13.7767709074753,46.3577559800271,1
5.03,-862.70832,5.73173855998227,22.4567935451952,2
5.04,-862.03776,9.6419820420749,33.5172689523302,1
5.05,-861.3672,20.1082478753138,66.9381897477367,1
5.06,-860.69664,1.47677568265259,12.6603930823529,1
5.07,-860.02608,5.28691660058489,21.3035401402181,1
5.08,-859.35552,16.5928754914427,55.4330706139256,1
5.09,-858.68496,7.15867194642918,26.318888958581,1
5.1,-858.0144,13.6012627416703,45.7986429762384,1
5.11,-857.34384,8.4470588008889,29.9886017815581,1
5.12,-856.67328,6.31050490212278,23.994790090731,1
5.13,-856.00272,20.8778625194606,69.4721451278172,1
5.14,-855.33216,15.1934665908817,50.9014779044626,1
5.15,-854.6616,11.122556307191,38.021496192007,1
5.16,-853.99104,5.97786546638382,23.1058243121911,1
5.17,-853.32048,18.9199721181412,63.0346131840146,1
5.18,-852.64992,3.88049616500484,17.8396353958529,1
5.19,-851.97936,10.179376446812,35.1370269481483,1
5.2,-851.3088,11.0019797238548,37.65003632431,1
5.21,-850.63824,11.880566314683,40.3729567695319,1
5.22,-849.96768,13.69905168513,46.1100531000297,1
5.23,-849.29712,0.619666590706385,11.0659268601126,1
5.24,-848.62656,11.1626185518607,38.1450804770171,1
5.25,-847.956,2.94569794468278,15.7069114609336,1
5.26,-847.28544,9.6346000675455,33.4951505136028,1
5.27,-846.61488,10.1547019686379,35.0622551639645,1
5.28,-845.94432,14.3134190502323,48.0728490101749,1
5.29,-845.27376,6.37276945369565,24.1626528423982,1
5.3,-844.6032,13.3261031943613,44.9239863254174,1
5.31,-843.93264,6.02549055790194,23.2322795079788,1
5.32,-843.26208,19.1778652594991,63.8807808437156,1
5.33,-842.59152,8.10521862131175,29.0000800349666,1
5.34,-841.92096,6.23967888873997,23.8043999843474,1
5.35,-841.2504,16.4442108249929,54.9499866101248,1
5.36,-840.57984,12.4745804533461,42.2334641471902,1
5.37,-839.90928,10.1805176569595,35.1404860917014,1
5.38,-839.23872,2.90838397602863,15.6248050266812,2
5.39,-838.56816,7.0449709972994,26.0027919305913,1
5.4,-837.8976,6.91098597893348,25.6320533978551,1
5.41,-837.22704,8.39246396467422,29.8300547512904,1
5.42,-836.55648,15.2820621281931,51.187230881239,1
5.43,-835.88592,-0.754982886227436,8.80043128422431,4
5.44,-835.21536,-1.2504101767473,8.07209315991496,1
5.45,-834.5448,1.13917749510806,12.0158578968003,1
5.46,-833.87424,13.3090376973997,44.8698193245518,1
5.47,-833.20368,7.83371220389397,28.2223081607774,1
5.48,-832.53312,9.65356318825088,33.5519766911063,1
5.49,-831.86256,11.8418768750527,40.2522937870689,1
5.5,-831.192,-0.644605812944963,8.96902520623867,1
5.51,-830.52144,10.3503983632857,35.6562927478267,1
5.52,-829.85088,2.45104307401313,14.6380337186323,1
5.53,-829.18032,4.82914809384132,20.1445834496628,1
5.54,-828.50976,2.61834356195872,14.9947757900842,2
5.55,-827.8392,2.68935417920506,15.1476774076427,1
5.56,-827.16864,0.309283268680844,10.5228524068645,3
5.57,-826.49808,0.867801069737241,11.5132708511229,1
5.58,-825.82752,0.451639206669894,10.7696506030859,1
5.59,-825.15696,3.4557283698415,16.8527445873778,2
5.6,-824.4864,3.1809111712356,16.2299267751118,2
5.61,-823.81584,6.80000885562955,25.3264378760443,1
5.62,-823.14528,4.1455921088122,18.4700345276439,1
5.63,-822.47472,0.414579440728951,10.7050288622206,2
5.64,-821.80416,7.2956168102241,26.7013798719412,1
5.65,-821.1336,5.60561029612494,22.1271683410725,2
5.66,-820.46304,0.17267288230591,10.28965404502,1
5.67,-819.79248,2.48490556744713,14.7098425224714,2
5.68,-819.12192,2.56548154797038,14.8815243772011,1
5.69,-818.45136,0.22250098627119,10.3742990930927,2
5.7,-817.7808,-1.4319400048372,7.81676689712149,2
5.71,-817.11024,12.4884423031798,42.2770507055952,1
5.72,-816.43968,1.36811264012111,12.4506122930813,1
5.73,-815.76912,-0.0896984437326056,9.85178337847789,3
5.74,-815.09856,4.85730422376879,20.2150225066337,1
5.75,-814.428,-1.38096969377016,7.88783688473439,4
5.76,-813.75744,9.42021018939734,32.8544087314147,1
5.77,-813.08688,9.0479393717953,31.7495756371145,1
5.78,-812.41632,8.71825790669888,30.7798346890616,1
5.79,-811.74576,8.63849831145928,30.5465109799606,1
5.8,-811.0752,3.26454332816558,16.41813456417,1
5.81,-810.40464,-0.600180006684195,9.03753647042375,1
5.82,-809.73408,-1.68166644603231,7.47553305921144,2
5.83,-809.06352,7.73147431670159,27.9311897186425,1
5.84,-808.39296,7.71095038201786,27.8728670420693,1
5.85,-807.7224,5.31092828955226,21.3651255721895,1
5.86,-807.05184,10.7850778539504,36.9837474487346,1
5.87,-806.38128,11.6229724787447,39.5708424276294,1
5.88,-805.71072,1.22495496857461,12.1776014714898,1
5.89,-805.04016,7.45545499734774,27.1502122033849,1
5.9,-804.3696,11.9717208862439,40.6575037721281,1
5.91,-803.69904,0.554247029425722,10.9499357457005,1
5.92,-803.02848,20.7499466731976,69.0507121306605,1
5.93,-802.35792,8.56622269375402,30.3355251552158,1
5.94,-801.68736,15.6013734987344,52.2184963370546,1
5.95,-801.0168,5.37626141355078,21.5330842259548,1
5.96,-800.34624,14.3443599528708,48.1719740302128,1
5.97,-799.67568,9.42928228422761,32.8814575978951,1
5.98,-799.00512,8.16670869250183,29.177147173177,1
5.99,-798.33456,3.93873497959951,17.9771880612193,1
6,-797.664,10.6522904596158,36.5771010437624,1
6.01,-796.99344,1.96530739596232,13.6304941764172,1
6.02,-796.32288,11.8395339161647,40.2449887806006,1
6.03,-795.65232,12.5717444379423,42.5391377416602,1
6.04,-794.98176,14.7026484893611,49.3216018913263,1
6.05,-794.3112,6.84974839550677,25.4632484444737,1
6.06,-793.64064,6.73035228368593,25.135299881084,1
6.07,-792.97008,8.25412323045289,29.4294373224054,1
6.08,-792.29952,5.32185655776229,21.3931801819239,1
6.09,-791.62896,3.75386428899307,17.5423960091653,1
6.1,-790.9584,12.6935727229641,42.9229100701716,1
6.11,-790.28784,5.55507404815499,21.9956720619786,1
6.12,-789.61728,15.5349689750843,52.0038603881865,1
6.13,-788.94672,7.1940869590695,26.4176196961266,1
6.14,-788.27616,14.1384934599938,47.5129211178033,1
6.15,-787.6056,14.6920948938162,49.2876932752464,1
6.16,-786.93504,-0.786776902190082,8.75229711206899,4
6.17,-786.26448,13.5695107542941,45.6975911078713,1
6.18,-785.59392,-0.549422153388604,9.11627245227162,1
6.19,-784.92336,5.86244605846736,22.8005220936482,1
6.2,-784.2528,-1.98796107430485,7.07267526330377,1
6.21,-783.58224,6.30650276936793,23.984016037498,1
6.22,-782.91168,6.4240444278623,24.3012272860334,1
6.23,-782.24112,12.9929709562793,43.8683549729096,1
6.24,-781.57056,9.48911091556875,33.0599838252437,1
6.25,-780.9,3.83460635000835,17.7316259260235,1
6.26,-780.22944,0.447113656593919,10.7617452829975,1
6.27,-779.55888,4.85454557285657,20.2081161244851,1
6.28,-778.88832,1.752115922778,13.2017549138255,1
6.29,-778.21776,5.50876784668873,21.8754744808901,1
6.3,-777.5472,-0.033389220639949,9.94464829762801,1
6.31,-776.87664,4.12149335666475,18.4122774498096,1
6.32,-776.20608,3.26818001723991,16.4263451452537,1
6.33,-775.53552,5.17550860411631,21.018820312112,1
6.34,-774.86496,-0.663791950724768,8.93955336904074,1
6.35,-774.1944,1.99116956697373,13.6830679779663,1
6.36,-773.52384,-0.178772964786884,9.70612007972823,1
6.37,-772.85328,5.44650392186846,21.7142985039019,1
6.38,-772.18272,-1.22379084508416,8.11005194683829,3
6.39,-771.51216,-2.8082702257109,6.07682105615718,1
6.4,-770.8416,6.12422661109951,23.4953272771676,1
6.41,-770.17104,11.5531471645179,39.3539355024578,1
6.42,-769.50048,7.77131440753407,28.0445163715033,1
6.43,-768.82992,8.54746446563325,30.2808362378746,1
6.44,-768.15936,0.0263489331036113,10.0438310111908,2
6.45,-767.4888,6.58755078072895,24.7451341274211,1
6.46,-766.81824,3.97431217785546,18.061478621835,1
6.47,-766.14768,10.5673603032939,36.3175263904872,1
6.48,-765.47712,5.25881833686227,21.2315721237677,1
6.49,-764.80656,2.67144156283619,15.1090246509474,1
6.5,-764.136,-1.3340779486772,7.95364779091941,1
6.51,-763.46544,0.231643060185608,10.3898806256259,1
6.52,-762.79488,0.395252622857757,10.6714323151628,1
6.53,-762.12432,11.035217581816,37.7523571793676,1
6.54,-761.45376,11.1343840539459,38.0579740351778,1
6.55,-760.7832,10.1244407561004,34.9706047857258,1
6.56,-760.11264,2.99780597149484,15.8219688647064,1
6.57,-759.44208,-2.61966942912074,6.29526913617463,4
6.58,-758.77152,7.9812513259303,28.644126908914,1
6.59,-758.10096,7.64223150824232,27.6778805549115,1
6.6,-757.4304,9.13065020336272,31.9941689044853,1
6.61,-756.75984,2.5540532336271,14.8571047939964,1
6.62,-756.08928,0.067006698281259,10.1117250040946,4
6.63,-755.41872,0.551466473853522,10.9450237779258,1
6.64,-754.74816,1.12675801632714,11.9925540365735,4
6.65,-754.0776,-1.57021909304055,7.6263912986683,4
6.66,-753.40704,1.73029138567194,13.1583341907011,1
6.67,-752.73648,0.161737083420338,10.2711404597116,1
6.68,-752.06592,-0.926712158473681,8.54272092722164,4
6.69,-751.39536,2.78067136183606,15.3455926107579,1
6.7,-750.7248,-1.23213243953502,8.09814266558596,4
6.71,-750.05424,4.04966989680945,18.240670344586,1
6.72,-749.38368,3.45577509595444,16.8528515434098,1
6.73,-748.71312,0.292347971545054,10.4937496969736,1
6.74,-748.04256,0.380699120817459,10.6461804518542,1
6.75,-747.372,9.60128363153313,33.3953712083176,1
6.76,-746.70144,7.16731556459355,26.3429738770712,1
6.77,-746.03088,4.49624428517232,19.3204101608251,1
6.78,-745.36032,7.14703274154136,26.2864692373294,1
6.79,-744.68976,4.29839000525616,18.8383083102728,1
6.8,-744.0192,0.140391825292367,10.2350702071871,1
6.81,-743.34864,8.03616276827394,28.8016266242098,1
6.82,-742.67808,-3.04126189637129,5.81542197085573,1
6.83,-742.00752,10.5889813745918,36.3835689762148,1
6.84,-741.33696,5.1068391288384,20.8441687621047,1
6.85,-740.6664,9.53243443618554,33.1894149632445,1
6.86,-739.99584,0.535266684237907,10.9164354541625,4
6.87,-739.32528,8.84186073446321,31.1424157002408,1
6.88,-738.65472,12.8786229751578,43.5068858610001,1
6.89,-737.98416,6.31173036823325,23.9980895173985,1
6.9,-737.3136,-0.355663745467247,9.42134662815174,2
6.91,-736.64304,7.18691088724855,26.3976036363818,1
6.92,-735.97248,1.87455248197993,13.4469663362221,2
6.93,-735.30192,13.8056576605546,46.449868044317,1
6.94,-734.63136,6.93992393869657,25.711963084432,4
6.95,-733.9608,3.24799578963328,16.3808028848791,1
6.96,-733.29024,1.93125977789701,13.5614660261711,1
6.97,-732.61968,14.5281496001945,48.7612896683334,1
6.98,-731.94912,0.560527938296679,10.9610366535924,2
6.99,-731.27856,5.50901553374521,21.8761166592168,1
7,-730.608,6.9497376193654,25.7390830944614,1
7.01,-729.93744,-1.43042956779111,7.81886600449662,1
7.02,-729.26688,16.5416425441014,55.2665491289447,1
7.03,-728.59632,6.64060084977738,24.8898127120044,1
7.04,-727.92576,2.73002807646962,15.2356528286098,2
7.05,-727.2552,-2.9846959993968,5.8780322609807,2
7.06,-726.58464,2.74692073455726,15.2722751395848,1
7.07,-725.91408,-0.261755406229634,9.57178368442891,1
7.08,-725.24352,4.74865442135879,19.943834168371,4
7.09,-724.57296,3.04041738380366,15.9164006561927,2
7.1,-723.9024,2.50481087141425,14.7521481305877,2
7.11,-723.23184,1.66794266776648,13.034771791925,1
7.12,-722.56128,1.77428348081103,13.2459476370584,2
7.13,-721.89072,3.67350971948787,17.3551067391778,2
7.14,-721.22016,0.24234717368134,10.4081447582033,1
7.15,-720.5496,2.56765637226912,14.8861740543267,1
7.16,-719.87904,-0.0867302387816453,9.85666339174577,1
7.17,-719.20848,3.39898131802054,16.7231151612347,2
7.18,-718.53792,-1.5973615817847,7.58943909179616,1
7.19,-717.86736,5.04687791950341,20.6921968573372,2
7.2,-717.1968,3.15039394032826,16.1615417655146,2
7.21,-716.52624,4.04768699028739,18.2359439218437,2
7.22,-715.85568,0.208902946890854,10.3511524657268,2
7.23,-715.18512,5.29074210054522,21.3133466238616,2
7.24,-714.51456,2.41166013586458,14.5547732484351,4
7.25,-713.844,1.83477092381773,13.3669923291538,4
7.26,-713.17344,2.21802016839877,14.1494047440899,2
7.27,-712.50288,2.24414389630366,14.2037019150588,2
7.28,-711.83232,1.04908802016503,11.8474726779123,2
7.29,-711.16176,2.60940664188737,14.9755949940602,4
7.3,-710.4912,2.64802058590553,15.0585700121035,2
7.31,-709.82064,1.82839213328185,13.3541957823505,2
7.32,-709.15008,3.75575455837993,17.5468142525111,2
7.33,-708.47952,-0.210777109779146,9.65415416965404,2
7.34,-707.80896,-1.27956592664366,8.0306697761719,2
7.35,-707.1384,1.59916901207375,12.8993077369178,2
7.36,-706.46784,6.09740810418534,23.4237617053105,4
7.37,-705.79728,4.30638801761689,18.8576827890035,4
7.38,-705.12672,5.32929571322383,21.4122868526531,4
7.39,-704.45616,10.7566978314273,36.8967554138743,4
7.4,-703.7856,2.64389795962112,15.0496987475332,2
7.41,-703.11504,9.39334343403048,32.7743382954387,4
7.42,-702.44448,6.51214670081083,24.5400387006596,4
7.43,-701.77392,10.0898311500142,34.8658540142818,4
7.44,-701.10336,4.60541302806453,19.5889032102576,4
7.45,-700.4328,6.46770910149703,24.419474008299,4
7.46,-699.76224,-1.05824410296069,8.34910562853041,2
7.47,-699.09168,0.407571947609263,10.6928392327566,4
7.48,-698.42112,0.390501029403119,10.6631833543911,2
7.49,-697.75056,5.65398846010519,22.2533589140641,4
7.5,-697.08,-0.199578799005177,9.67231487428507,4
7.51,-696.40944,0.197042529524328,10.3309924775518,2
7.52,-695.73888,0.694310835845465,11.1992681498136,4
7.53,-695.06832,6.81301509235555,25.3621860052709,4
7.54,-694.39776,2.37564272330043,14.4788685302968,4
7.55,-693.7272,6.5175874778753,24.554815714718,4
7.56,-693.05664,5.4809867488366,21.8034975019363,4
7.57,-692.38608,9.11482047984041,31.9473175801948,4
7.58,-691.71552,1.67162584099165,13.0420511906939,4
7.59,-691.04496,3.6292018915777,17.2522780765156,4
7.6,-690.3744,20.390314067997,67.8664272678735,4
7.61,-689.70384,4.93600468475499,20.412505757685,4
7.62,-689.03328,11.0089629781078,37.6715291094983,4
7.63,-688.36272,4.44770546190292,19.2015971484974,4
7.64,-687.69216,10.6167252059907,36.4683524929254,4
7.65,-687.0216,3.90975514505698,17.9086747469187,2
7.66,-686.35104,11.3675862735167,38.7786208263193,4
7.67,-685.68048,-0.284164815787442,9.53573177806487,1
7.68,-685.00992,2.60655093125735,14.9694688925841,4
7.69,-684.33936,8.55959320722093,30.316193831656,4
7.7,-683.6688,3.67579053953855,17.3604085679082,4
7.71,-682.99824,7.70863777575978,27.8662978296467,4
7.72,-682.32768,10.5332782165278,36.2134749363825,4
7.73,-681.65712,14.4028217813421,48.3593357857625,4
7.74,-680.98656,7.40307968624539,27.0028590680564,4
7.75,-680.316,2.29341972555393,14.3064522350465,2
7.76,-679.64544,14.5468864472662,48.8214170753346,4
7.77,-678.97488,1.6700928390632,13.039021072209,4
7.78,-678.30432,12.6069795172329,42.6500747338023,4
7.79,-677.63376,-0.902706855548661,8.57840942108362,4
7.8,-676.9632,3.2702820214425,16.4310918607902,4
7.81,-676.29264,2.27579640710267,14.2696541138908,4
7.82,-675.62208,10.4477866082422,35.9527647998084,4
7.83,-674.95152,14.5532371309875,48.8417987104508,4
7.84,-674.28096,5.31711441528641,21.3810043749793,4
7.85,-673.6104,9.89684905078401,34.2831455568478,4
7.86,-672.93984,1.45264821980365,12.6136237049607,4
7.87,-672.26928,9.49777862323785,33.0858686178928,2
7.88,-671.59872,10.1801940048637,35.1395050556599,2
7.89,-670.92816,4.53831821452039,19.4236804814129,4
7.9,-670.2576,1.20057370841221,12.1314872424692,2
7.91,-669.58704,-0.0439038852312698,9.92726152281172,4
7.92,-668.91648,8.78119933787969,30.9643185742042,4
7.93,-668.24592,0.696147767927168,11.2025629198198,2
7.94,-667.57536,10.8395582994574,37.1508665068315,4
7.95,-666.9048,5.95085078392156,23.0342183277419,2
7.96,-666.23424,14.1595433698728,47.5802571294242,4
7.97,-665.56368,12.5076708125934,42.3375242304239,4
7.98,-664.89312,2.43345709282493,14.6008208282461,4
7.99,-664.22256,0.182975556712419,10.3071167054718,2
8,-663.552,0.236201838742605,10.3976564666706,4
8.01,-662.88144,9.76104904963207,33.8745319590731,4
8.02,-662.21088,16.3586837381934,54.6722327295026,4
8.03,-661.54032,8.56452231917192,30.3305665855807,4
8.04,-660.86976,16.7380376853791,55.9051157915997,4
8.05,-660.1992,24.725480638671,82.1847860249439,4
8.06,-659.52864,7.07730108199035,26.0925344345798,4
8.07,-658.85808,3.83512709457246,17.7328497193981,4
8.08,-658.18752,16.1472789900466,53.9862196577502,4
8.09,-657.51696,8.94113876500662,31.4345071561586,4
8.1,-656.8464,25.2059764388572,83.7758845949895,4
8.11,-656.17584,14.0594461795225,47.2601674529972,4
8.12,-655.50528,4.17041018416574,18.5296087799388,4
8.13,-654.83472,0.595259465609499,11.0225569265724,4
8.14,-654.16416,10.0386246428889,34.7110071229568,4
8.15,-653.4936,0.858843202343499,11.4969181586601,2
8.16,-652.82304,2.56322192084485,14.8766942745356,4
8.17,-652.15248,1.31710156319335,12.3528914590274,4
8.18,-651.48192,5.88937668307912,22.8716097121963,4
8.19,-650.81136,11.8349394414149,40.2306645769132,4
8.2,-650.1408,2.4394000202533,14.6133902656191,4
8.21,-649.47024,2.59060181250599,14.9352809186924,2
8.22,-648.79968,8.05509875966588,28.8560026726301,2
8.23,-648.12912,13.7258020513502,46.1952902355076,4
8.24,-647.45856,12.1463388371314,41.2035800910021,4
8.25,-646.788,1.65101772203603,13.0013535980674,4
8.26,-646.11744,5.68734657123874,22.3405463051428,4
8.27,-645.44688,12.2673740427376,41.582833460686,4
8.28,-644.77632,9.10149820303697,31.9079020088547,4
8.29,-644.10576,13.5170280759454,45.5306313493139,4
8.3,-643.4352,5.92665789835134,22.9701684181911,2
8.31,-642.76464,8.40281448829313,29.8600940806853,4
8.32,-642.09408,14.2891309891754,47.9950552838439,4
8.33,-641.42352,24.3590092778663,80.9716584440853,4
8.34,-640.75296,4.43925077631191,19.1809376003118,4
8.35,-640.0824,7.52455436319055,27.3450310181849,4
8.36,-639.41184,14.3785436927361,48.2815172142251,4
8.37,-638.74128,2.51864532894725,14.7815922244785,4
8.38,-638.07072,3.69538854497242,17.4059991005251,4
8.39,-637.40016,9.67743559582423,33.623548843964,4
8.4,-636.7296,13.8766202783824,46.6762523665229,4
8.41,-636.05904,11.0759203642584,37.8777362687299,4
8.42,-635.38848,9.04393990423137,31.7377613713981,4
8.43,-634.71792,9.01501758505743,31.652361944199,4
8.44,-634.04736,7.85764067633335,28.2905843386656,4
8.45,-633.3768,7.72578599664294,27.9150212814746,4
8.46,-632.70624,8.97043109133259,31.5208349101595,4
8.47,-632.03568,1.50781635522547,12.72072230197,4
8.48,-631.36512,22.6177819920675,75.2133881982308,4
8.49,-630.69456,10.4189071318757,35.8647911868803,4
8.5,-630.024,1.79465867977742,13.2866466719559,2
8.51,-629.35344,1.31428377458331,12.3475076473867,4
8.52,-628.68288,8.98841535322526,31.5738690233691,4
8.53,-628.01232,8.81227012917986,31.0555038831563,4
8.54,-627.34176,9.32656904376709,32.5755536937966,2
8.55,-626.6712,17.9021444068986,59.7016234736888,4
8.56,-626.00064,9.05123196008863,31.759302714196,4
8.57,-625.33008,11.8461526819106,40.2656257574002,4
8.58,-624.65952,22.9882667777536,76.4376893389471,4
8.59,-623.98896,12.5462812097952,42.458996579748,4
8.6,-623.3184,14.9244578841024,50.0348888006413,4
8.61,-622.64784,8.95597159119638,31.4782129391765,4
8.62,-621.97728,2.71978132635122,15.2134625861725,4
8.63,-621.30672,24.3814246436035,81.0458494520749,4
8.64,-620.63616,9.75263856271442,33.8492651124942,4
8.65,-619.9656,-0.146963180914032,9.75796440329801,2
8.66,-619.29504,15.4054969650598,51.5856324299695,4
8.67,-618.62448,11.9240083120572,40.5085198500287,4
8.68,-617.95392,6.80757531971832,25.3472323382386,4
8.69,-617.28336,17.1216523142943,57.1541213247697,4
8.7,-616.6128,7.55657036922333,27.4354553713775,4
8.71,-615.94224,7.23879018753807,26.5424285463439,4
8.72,-615.27168,9.79401469426372,33.973612608238,4
8.73,-614.60112,2.62798701774601,15.0154886474053,4
8.74,-613.93056,2.75291894457693,15.2852908147719,4
8.75,-613.26,9.69492958620831,33.6760220919672,4
8.76,-612.58944,1.48732878016438,12.6808835208731,2
8.77,-611.91888,7.57596295487201,27.4902752524487,4
8.78,-611.24832,12.7681545155339,43.1581230491462,4
8.79,-610.57776,1.37750168566538,12.4686516125868,4
8.8,-609.9072,10.5264177665894,36.1925382213434,4
8.81,-609.23664,11.3750366247614,38.8016881985113,4
8.82,-608.56608,7.42765894861264,27.0719766904725,4
8.83,-607.89552,12.716609887831,42.9955418820371,4
8.84,-607.22496,4.23027151989575,18.6736898443185,4
8.85,-606.5544,15.3596104166832,51.4374902980279,4
8.86,-605.88384,14.9925478961204,50.2540808481794,4
8.87,-605.21328,0.328179574080029,10.555389695747,2
8.88,-604.54272,3.02130023878123,15.8739967193883,2
8.89,-603.87216,6.16913899231072,23.6153707664166,4
8.9,-603.2016,8.39443098683016,29.8357627542361,4
8.91,-602.53104,-0.557019139092474,9.10445673164038,4
8.92,-601.86048,9.2900399423416,32.466942947797,4
8.93,-601.18992,3.17676775638806,16.2206327677738,4
8.94,-600.51936,15.188294951306,50.884802730416,4
8.95,-599.8488,5.14341094549015,20.937103693823,4
8.96,-599.17824,26.8477580866959,89.2161036352311,4
8.97,-598.50768,2.33600249120248,14.3955952646737,4
8.98,-597.83712,7.52215598379327,27.3382611833906,4
8.99,-597.16656,11.4151122266347,38.9258141072327,4
9,-596.496,15.5442013002218,52.0336962492006,4
9.01,-595.82544,12.8291010648947,43.3504845631562,4
9.02,-595.15488,14.7532593831098,49.4842516794308,4
9.03,-594.48432,3.78345465020495,17.6116247017024,4
9.04,-593.81376,6.1494371344694,23.5626810441296,4
9.05,-593.1432,10.553504108249,36.2752159234158,4
9.06,-592.47264,13.5259701982946,45.5590722994405,4
9.07,-591.80208,14.4961861903589,48.6587380163269,4
9.08,-591.13152,20.0768026639751,66.8347436738499,4
9.09,-590.46096,16.9766527955487,56.6817624969009,4
9.1,-589.7904,14.5239665631326,48.7478673141619,4
9.11,-589.11984,9.38381750297524,32.745960610628,4
9.12,-588.44928,14.1204765954935,47.4552970582988,4
9.13,-587.77872,14.5512316180715,48.8353621869008,4
9.14,-587.10816,10.835363186851,37.1379922791522,4
9.15,-586.4376,7.4596538259396,27.1620369818374,4
9.16,-585.76704,4.99923902530607,20.5718115597924,4
9.17,-585.09648,22.0316686873367,73.2777038934844,4
9.18,-584.42592,11.4258846128962,38.9591925322923,4
9.19,-583.75536,15.7480788810769,52.6929946628581,4
9.2,-583.0848,10.4926577263414,36.0895486347945,4
9.21,-582.41424,6.93942321228642,25.7105796082288,1
9.22,-581.74368,8.06926290051815,28.8966969976541,4
9.23,-581.07312,5.99111482016596,23.1409763324449,4
9.24,-580.40256,13.6743060784792,46.0312230376057,4
9.25,-579.732,6.05597274618807,23.3133621960459,4
9.26,-579.06144,7.46159917241734,27.1675160737459,4
9.27,-578.39088,15.803321836919,52.8717788706922,4
9.28,-577.72032,11.3078681730953,38.5938224830256,4
9.29,-577.04976,6.11733595781732,23.476931174175,4
9.3,-576.3792,13.4734203204317,45.3919701289778,4
9.31,-575.70864,16.2229344459425,54.2316342614666,4
9.32,-575.03808,11.4904831137871,39.1594683724591,4
9.33,-574.36752,-0.837216990029874,8.67632724426337,1
9.34,-573.69696,26.1499508645504,86.9032230280023,4
9.35,-573.0264,5.25811713529168,21.2297775021828,4
9.36,-572.35584,19.1237482320624,63.7031676886025,4
9.37,-571.68528,9.71093362427684,33.7240441674975,4
9.38,-571.01472,-1.49914742132674,7.72379581988676,4
9.39,-570.34416,11.5314450160052,39.2865657210894,4
9.4,-569.6736,14.5473362111534,48.8228604966677,4
9.41,-569.00304,11.4608611680876,39.0676062798773,4
9.42,-568.33248,13.9368119623322,46.8683895596519,4
9.43,-567.66192,12.7101445680167,42.9751559755898,4
9.44,-566.99136,17.8047190131311,59.3832032699492,4
9.45,-566.3208,18.9748824875398,63.2147263618639,4
9.46,-565.65024,21.7209446342056,72.2521600235304,4
9.47,-564.97968,14.9256294516741,50.038659352761,4
9.48,-564.30912,-0.128388571992369,9.78832718561459,4
9.49,-563.63856,24.0610274546622,79.9855255161875,4
9.5,-562.968,28.2974602338667,94.0234638867131,4
9.51,-562.29744,24.694431176054,82.0819894660273,4
9.52,-561.62688,6.6320124127988,24.866368810314,4
9.53,-560.95632,13.8742138891561,46.6685731274165,4
9.54,-560.28576,15.2543678457441,51.0978885186356,4
9.55,-559.6152,17.9549807853985,59.8743590285895,4
9.56,-558.94464,13.5725718165754,45.7073316997473,4
9.57,-558.27408,-0.476330398421862,9.23051511356042,4
9.58,-557.60352,9.35382532179498,32.6566561570771,4
9.59,-556.93296,15.7854621797011,52.8139727939786,4
9.6,-556.2624,7.53743152960485,27.3813886160173,4
9.61,-555.59184,1.9253787482451,13.5495641924508,4
9.62,-554.92128,5.83844164327671,22.7372351089013,4
9.63,-554.25072,19.5814394996893,65.2061315500474,4
9.64,-553.58016,12.373628681855,41.9162620330555,4
9.65,-552.9096,10.7891780498283,36.9963192258378,4
9.66,-552.23904,13.9448588885542,46.8940839279596,4
9.67,-551.56848,13.3530243045285,45.009454899215,4
9.68,-550.89792,20.6767519304263,68.8096102934337,4
9.69,-550.22736,16.4259443360341,54.890654924593,4
9.7,-549.5568,10.8243569507864,37.1042201508328,4
9.71,-548.88624,14.2853353801758,47.9828995033492,4
9.72,-548.21568,8.26533487159989,29.4618436820556,4
9.73,-547.54512,10.473127206676,36.0299980556226,4
9.74,-546.87456,18.2748027952121,60.9206318334814,4
9.75,-546.204,10.0521403236321,34.7518622032328,4
9.76,-545.53344,21.3987207555906,71.1891795076171,4
9.77,-544.86288,13.2860893389316,44.7969947062681,4
9.78,-544.19232,13.9802082078328,47.006978460096,4
9.79,-543.52176,19.4317063914997,64.7142399657324,4
9.8,-542.8512,20.8237741875715,69.2939326507254,4
9.81,-542.18064,27.2417132734212,90.5222142303138,4
9.82,-541.51008,10.1685214340751,35.1041280958049,4
9.83,-540.83952,25.4761983626196,84.6709253952959,4
9.84,-540.16896,19.0105662841203,63.3317891599219,4
9.85,-539.4984,15.0901371322577,50.5684190102745,4
9.86,-538.82784,25.3592609887015,84.2835804447677,4
9.87,-538.15728,28.3078081164029,94.0577880700177,4
9.88,-537.48672,4.53709013878628,19.4206624748733,4
9.89,-536.81616,14.1658957491082,47.6005799627325,4
9.9,-536.1456,14.4356337308123,48.4645321381192,4
9.91,-535.47504,23.7850768212003,79.0725376143747,4
9.92,-534.80448,25.5610807053256,84.9521093317767,4
9.93,-534.13392,16.3990764102846,54.8033948724312,4
9.94,-533.46336,13.5975712139697,45.7868929622448,4
9.95,-532.7928,18.4945894617898,61.6403070605517,4
9.96,-532.12224,22.6674759620968,75.3775745306739,4
9.97,-531.45168,11.0002755381474,37.6447916343118,4
9.98,-530.78112,29.9521440066603,99.5134481122817,4
9.99,-530.11056,11.107605364273,37.975396320689,4
10,-529.44,18.0802146728988,60.2839120513102,4
10.01,-528.76944,21.7614067060181,72.3856779395932,4
10.02,-528.09888,12.163689575574,41.2579101954926,4
10.03,-527.42832,18.079608034349,60.2819277178451,4
10.04,-526.75776,25.0335007863857,83.2046901492976,4
10.05,-526.0872,25.1758005259326,83.6759448297972,4
10.06,-525.41664,14.2422470138206,47.8449319643068,4
10.07,-524.74608,25.8585122692689,85.9375088248669,4
10.08,-524.07552,17.5312213133982,58.4899479612285,4
10.09,-523.40496,11.1837438501121,38.2102806209468,4
10.1,-522.7344,22.319146280885,74.2269306137703,4
10.11,-522.06384,24.9766176197922,83.0163233389427,4
10.12,-521.39328,41.6396696907224,138.324977599225,4
10.13,-520.72272,8.32305219681094,29.6288423858885,4
10.14,-520.05216,16.842959223891,56.2465090922821,4
10.15,-519.3816,31.8291158363075,105.743499129152,4
10.16,-518.71104,15.719867801758,52.601717113497,4
10.17,-518.04048,37.8738094322291,125.816425351598,4
10.18,-517.36992,29.861452209063,99.2124839802281,4
10.19,-516.69936,12.7064901782114,42.963633941413,4
10.2,-516.0288,29.7773798008546,98.9334923268966,4
10.21,-515.35824,40.9994293057016,136.198302163439,4
10.22,-514.68768,39.7535775663595,132.060053030929,4
10.23,-514.01712,29.9570558439597,99.5297484110112,4
10.24,-513.34656,36.1409062845495,120.060999731358,4
10.25,-512.676,44.461332713273,147.697866732555,4
10.26,-512.00544,41.2391718068406,136.994647963694,4
10.27,-511.33488,44.6380021064564,148.284729165972,4
10.28,-510.66432,44.2172056538076,146.886924057099,4
10.29,-509.99376,42.1679665028541,140.07982834897,4
10.3,-509.3232,44.9705754085631,149.389477207381,4
10.31,-508.65264,46.0479775333807,152.968428683677,4
10.32,-507.98208,52.5263846330257,174.488953472401,4
10.33,-507.31152,50.1196173305076,166.49390526466,4
10.34,-506.64096,54.7229377045643,181.78571282285,4
10.35,-505.9704,56.1554439304673,186.544381838176,4
10.36,-505.29984,51.6639762300888,171.624112482568,4
10.37,-504.62928,44.4261223127816,147.58090451804,4
10.38,-503.95872,54.1819906154616,179.98873193998,4
10.39,-503.28816,52.457036669256,174.258585821172,4
10.4,-502.6176,87.3974703583004,290.328112231591,4
10.41,-501.94704,84.6928165970017,281.343446937688,4
10.42,-501.27648,80.5886343327894,267.70964864468,4
10.43,-500.60592,90.7007756084611,301.301454734099,4
10.44,-499.93536,84.5174022796087,280.760733190513,4
10.45,-499.2648,83.0753111261165,275.970210092418,4
10.46,-498.59424,88.149981303626,292.8278994784,4
10.47,-497.92368,68.285382122301,226.839131483288,4
10.48,-497.25312,60.3714300835005,200.549562967279,4
10.49,-496.58256,60.458166169285,200.837693745599,4
10.5,-495.912,54.4610866727318,180.915865545621,4
10.51,-495.24144,56.0469869348468,186.184096381509,4
10.52,-494.57088,64.2916789934898,213.572340086352,4
10.53,-493.90032,49.6450943765766,164.917590336371,4
10.54,-493.22976,45.8549320466993,152.32716174818,4
10.55,-492.5592,51.8423948144222,172.216802231935,4
10.56,-491.88864,58.3093069330112,193.699346187507,4
10.57,-491.21808,46.7184626787187,155.195680853378,4
10.58,-490.54752,26.6496375196142,88.5593499351612,4
10.59,-489.87696,48.9948861822316,162.757670751952,4
10.6,-489.2064,40.1984615597343,133.537777011913,4
10.61,-488.53584,50.9896347282103,169.384015022405,4
10.62,-487.86528,28.3273672276957,94.1226664569188,4
10.63,-487.19472,47.6213232744952,158.194861182822,4
10.64,-486.52416,36.3583769291968,120.783250271009,4
10.65,-485.8536,14.4858888398151,48.6257054204626,4
10.66,-485.18304,32.2825953090972,107.248987144633,4
10.67,-484.51248,27.2450226196721,90.5331869402776,4
10.68,-483.84192,34.8903860941138,115.908031864576,4
10.69,-483.17136,23.351171506833,77.6374485010448,4
10.7,-482.5008,29.508194857912,98.0402492766308,4
10.71,-481.83024,34.0960638870736,113.270289282317,4
10.72,-481.15968,23.1888383719328,77.1007175236042,4
10.73,-480.48912,27.7748929615683,92.2902587799529,4
10.74,-479.81856,25.7744111683388,85.6588611713981,4
10.75,-479.148,27.6778474739925,91.9684239049874,4
10.76,-478.47744,18.901162753019,62.9729226231304,4
10.77,-477.80688,8.15142672600228,29.1331099958291,4
10.78,-477.13632,26.9251164935225,89.4725574440986,4
10.79,-476.46576,29.1242285272733,96.7662324821049,4
10.8,-475.7952,31.3770356360928,104.242759202078,4
10.81,-475.12464,36.7984080124782,122.244680431,4
10.82,-474.45408,32.7921778216407,108.940839825487,4
10.83,-473.78352,36.6142927918734,121.633193459321,4
10.84,-473.11296,46.0147392817317,152.858016355185,4
10.85,-472.4424,31.8464523841565,105.801052198945,4
10.86,-471.77184,30.3541855954722,100.847712873693,4
10.87,-471.10128,31.6248230618296,105.065308938314,4
10.88,-470.43072,31.8697882453221,105.878521748497,4
10.89,-469.76016,30.296887231774,100.657548262283,4
10.9,-469.0896,35.4890038632635,117.895994792372,4
10.91,-468.41904,17.219494628005,57.473028369177,4
10.92,-467.74848,24.6508217940122,81.9376145358859,4
10.93,-467.07792,29.3265464133833,97.4375155240145,4
10.94,-466.40736,30.1062655157174,100.02492061207,4
10.95,-465.7368,28.8326069364905,95.7987108616716,4
10.96,-465.06624,29.9570338477382,99.5296754148667,4
10.97,-464.39568,40.2055125584807,133.561197687111,4
10.98,-463.72512,32.340720730488,107.441962286566,4
10.99,-463.05456,28.4878455214149,94.6549956625251,4
11,-462.384,20.1272669182978,67.000760669206,4
11.01,-461.71344,22.4118203297741,74.5330117398323,4
11.02,-461.04288,22.8246233639942,75.896847503033,4
11.03,-460.37232,21.5398034919887,71.6545282532465,4
11.04,-459.70176,23.3273774557281,77.5587710637186,4
11.05,-459.0312,42.8769916670203,142.435027056632,4
11.06,-458.36064,32.0255738727065,106.395700110832,4
11.07,-457.69008,28.1089969532863,93.3983479422119,4
11.08,-457.01952,24.5629631155569,81.6467612369055,4
11.09,-456.34896,24.1834473927263,80.3906277150803,4
11.1,-455.6784,42.4384783399138,140.978396339591,4
11.11,-455.00784,25.3238260612186,84.166211248027,4
11.12,-454.33728,31.4649322818681,104.534535181364,4
11.13,-453.66672,32.9430807704347,109.441869676382,4
11.14,-452.99616,27.9923979933341,93.0116204079278,4
11.15,-452.3256,17.431606416807,58.1648406712136,4
11.16,-451.65504,13.9024868095991,46.7588078708624,4
11.17,-450.98448,28.3675374888185,94.2559142290527,4
11.18,-450.31392,16.8306312548228,56.2063876494509,4
11.19,-449.64336,27.6845230612863,91.990561966914,4
11.2,-448.9728,33.6353785741568,111.740554214864,4
11.21,-448.30224,29.7046914031977,98.6922827296286,4
11.22,-447.63168,31.5076960536431,104.676492540549,4
11.23,-446.96112,29.2100286680308,97.0509095172183,4
11.24,-446.29056,23.9883764451523,79.7451356789038,4
11.25,-445.62,23.1953010936576,77.122083768277,4
11.26,-444.94944,22.4337441049731,74.6054264213952,4
11.27,-444.27888,32.3152588333388,107.357429152173,4
11.28,-443.60832,10.9171731153482,37.3892257988694,4
11.29,-442.93776,31.8477169529115,105.805250261696,4
11.3,-442.2672,30.8117419075654,102.366353549218,4
11.31,-441.59664,39.513643218932,131.263095103339,4
11.32,-440.92608,36.8184740390397,122.311324431506,4
11.33,-440.25552,28.3615378266874,94.2360127850538,4
11.34,-439.58496,24.8764416399337,82.6846128176961,4
11.35,-438.9144,31.0061854433102,103.0117574275,4
11.36,-438.24384,22.6114118301557,75.1923422464498,4
11.37,-437.57328,3.45919286360894,16.8606757807821,4
11.38,-436.90272,16.8860950557387,56.386913021568,4
11.39,-436.23216,16.5657989818603,55.3450590647738,4
11.4,-435.5616,28.7160447486888,95.4120124608509,4
11.41,-434.89104,21.6419030313318,71.9913603068935,4
11.42,-434.22048,24.5113155716571,81.4757932651072,4
11.43,-433.54992,20.6292417195047,68.6531311419368,4
11.44,-432.87936,23.040268640868,76.6095771298129,4
11.45,-432.2088,23.9151716385374,79.5029295933836,4
11.46,-431.53824,12.2252184131206,41.4506744464107,4
11.47,-430.86768,20.1522301207696,67.0828913326832,4
11.48,-430.19712,18.676564912491,62.2365579034839,4
11.49,-429.52656,17.3949175585256,58.0451345794512,4
11.5,-428.856,8.60260551420119,30.4416800929297,4
11.51,-428.18544,6.53810486229141,24.6105707596233,4
11.52,-427.51488,8.66532619124256,30.6249344333856,4
11.53,-426.84432,7.10702909032582,26.1751507368164,4
11.54,-426.17376,3.97806248656883,18.0703754948517,2
11.55,-425.5032,0.358532546701298,10.6077967817567,2
11.56,-424.83264,9.22789612250872,32.2823942072997,4
11.57,-424.16208,14.0477295421526,47.2227182241687,4
11.58,-423.49152,10.3027414954972,35.5114181360634,2
11.59,-422.82096,17.2830634611008,57.6802963759799,2
11.6,-422.1504,3.84771145089943,17.7624370603489,2
11.61,-421.47984,1.08893166535226,11.9217555668402,2
11.62,-420.80928,4.2073899014493,18.6185511956574,2
11.63,-420.13872,6.99461079696202,25.8632205964903,2
11.64,-419.46816,8.89882950642227,31.3099334197561,4
11.65,-418.7976,2.44389486224168,14.6229011166436,2
11.66,-418.12704,0.526081385540916,10.9002480516489,2
11.67,-417.45648,21.2573262730176,70.7229116128756,4
11.68,-416.78592,1.60921746271919,12.919045765612,4
11.69,-416.11536,21.4200107473077,71.259395752802,2
11.7,-415.4448,6.96541426426891,25.7824266986665,2
11.71,-414.77424,14.1381439298399,47.5118031169652,2
11.72,-414.10368,7.68709985712854,27.8051413742455,2
11.73,-413.43312,7.85635080655296,28.2869025433679,4
11.74,-412.76256,6.13938245192753,23.5358092485006,2
11.75,-412.092,12.7197881024794,43.0055637281701,2
11.76,-411.42144,4.80911398397972,20.0945322480178,2
11.77,-410.75088,6.94820071111748,25.7348351833901,2
11.78,-410.08032,11.6512469927526,39.6587390964751,2
11.79,-409.40976,1.37771828704842,12.4690679662315,2
11.8,-408.7392,8.0042569757898,28.710079740951,2
11.81,-408.06864,2.13238579726314,13.9722758228789,2
11.82,-407.39808,3.97929487277727,18.0732995691834,2
11.83,-406.72752,4.90133583695272,20.3254032764493,2
11.84,-406.05696,3.09346045666106,16.0343803083869,2
11.85,-405.3864,0.529832885639479,10.9068574399826,4
11.86,-404.71584,8.5536068923632,30.2987410716649,2
11.87,-404.04528,8.92103702447072,31.3753031743499,2
11.88,-403.37472,25.8111087108962,85.7804474300543,2
11.89,-402.70416,9.69999492847657,33.691219419838,2
11.9,-402.0336,12.2496129201361,41.5271430748063,4
11.91,-401.36304,14.0390435941756,47.1949582871659,4
11.92,-400.69248,6.13996051525724,23.537353830938,2
11.93,-400.02192,16.873591113289,56.3462107244147,2
11.94,-399.35136,11.3193207101318,38.6292489913502,2
11.95,-398.6808,13.0466971394987,44.0383484085646,2
11.96,-398.01024,8.15902714350989,29.1550091213204,2
11.97,-397.33968,19.7827664479647,65.8678053319487,2
11.98,-396.66912,18.3188329440878,61.0647633886465,2
11.99,-395.99856,13.3471518163529,44.9908090471486,2
12,-395.328,4.24162828396246,18.7010862409908,2
12.01,-394.65744,15.3225675778791,51.3179318555879,2
12.02,-393.98688,3.87843360909817,17.8347736854354,2
12.03,-393.31632,2.01893097053478,13.739637731434,2
12.04,-392.64576,7.63353886738738,27.6532477403567,2
12.05,-391.9752,35.595301832246,118.249010467187,2
12.06,-391.30464,18.6210429254219,62.0546015015076,2
12.07,-390.63408,18.0197656488157,60.0862023893955,2
12.08,-389.96352,7.93041061285593,28.4985465930844,2
12.09,-389.29296,29.5637526622062,98.2246031640501,2
12.1,-388.6224,26.1028712653533,86.7472086345954,2
12.11,-387.95184,26.7369991600364,88.8489389289241,2
12.12,-387.28128,25.6851093970378,85.362998010029,2
12.13,-386.61072,17.7009804766602,59.0442776071308,2
12.14,-385.94016,23.4295870545435,77.89675142451,2
12.15,-385.2696,19.5277706423868,65.0298012162088,2
12.16,-384.59904,10.290517983908,35.4742810368433,2
12.17,-383.92848,34.1282183234055,113.377062583979,2
12.18,-383.25792,23.7085191905847,78.8192874189683,2
12.19,-382.58736,25.6810655282547,85.3496007685467,2
12.2,-381.9168,27.584198828908,91.6578656970473,2
12.21,-381.24624,20.4182114820344,67.9582637331031,2
12.22,-380.57568,4.10622340224473,18.3757264483082,2
12.23,-379.90512,5.28406659970611,21.2962355834318,2
12.24,-379.23456,17.6011311916298,58.718186171491,2
12.25,-378.564,23.1915001658295,77.1095175962849,2
12.26,-377.89344,14.7932662164231,49.6128663563672,2
12.27,-377.22288,16.5447680432505,55.2767066645144,2
12.28,-376.55232,18.6896139962124,62.2793268332558,2
12.29,-375.88176,19.4486984233651,64.7700513771253,2
12.3,-375.2112,23.2333072866813,77.2477381646289,2
12.31,-374.54064,28.5485019714343,94.8562089911901,2
12.32,-373.87008,20.8102420183868,69.2493491379553,2
12.33,-373.19952,25.426278138435,84.5055653128718,2
12.34,-372.52896,20.1138238688844,66.95653398566,2
12.35,-371.8584,25.2976214973728,84.0794170875755,2
12.36,-371.18784,18.8130083594323,62.6838412011184,2
12.37,-370.51728,25.9723553276542,86.3147211061075,2
12.38,-369.84672,26.1678433231121,86.9625169000372,2
12.39,-369.17616,19.618925090325,65.3293054642095,2
12.4,-368.5056,5.29355364413809,21.3205551367031,2
12.41,-367.83504,27.385686607454,90.99959712431,2
12.42,-367.16448,13.0036498400437,43.9021357483809,2
12.43,-366.49392,6.70163626068318,25.0566587145636,2
12.44,-365.82336,29.5255727617498,98.0979129748841,2
12.45,-365.1528,24.8609291843571,82.6332489687223,2
12.46,-364.48224,17.027082333119,56.8460100169667,2
12.47,-363.81168,16.1837266525399,54.104437694948,2
12.48,-363.14112,18.1629068965709,60.5544403735435,2
12.49,-362.47056,13.4094032050559,45.1885211129619,2
12.5,-361.8,13.6118795491589,45.832438259754,2
12.51,-361.12944,24.8694993597786,82.6616259107806,2
12.52,-360.45888,15.7687980379405,52.7600417351651,2
12.53,-359.78832,28.2634845087195,93.9107664142062,2
12.54,-359.11776,20.491732522118,68.2003155438265,2
12.55,-358.4472,25.4189015878859,84.4811310459687,2
12.56,-357.77664,22.8416699468078,75.9531816273971,2
12.57,-357.10608,25.0230778686096,83.1701744056313,2
12.58,-356.43552,21.6913553228486,72.1545256156116,2
12.59,-355.76496,6.33943551203813,24.0727294538763,2
12.6,-355.0944,25.2973561250084,84.0785381351352,2
12.61,-354.42384,33.1822571964743,110.236004208131,2
12.62,-353.75328,27.0124236885702,89.7620039688156,2
12.63,-353.08272,13.4058172780168,45.1771287413579,2
12.64,-352.41216,22.356984258539,74.3518962219097,2
12.65,-351.7416,25.626955667086,85.1703393284972,2
12.66,-351.07104,30.8300432931636,102.427099152664,2
12.67,-350.40048,22.9934022631539,76.4546637986174,2
12.68,-349.72992,38.3872327545964,127.521718289079,2
12.69,-349.05936,26.282401021679,87.3421638545323,2
12.7,-348.3888,32.7031964306865,108.645406969952,2
12.71,-347.71824,35.6292147656714,118.361635861257,2
12.72,-347.04768,26.1403760717049,86.8714933360466,2
12.73,-346.37712,22.6196977260568,75.2197174964728,2
12.74,-345.70656,16.7466197482369,55.9330337020899,2
12.75,-345.036,27.8572569787213,92.5634144650335,2
12.76,-344.36544,33.1044036265104,109.977505598698,2
12.77,-343.69488,17.1807842806664,57.3468397831809,2
12.78,-343.02432,4.42449759338901,19.1449127702514,2
12.79,-342.35376,28.7132536009471,95.4027529174698,2
12.8,-341.6832,35.9696052305626,119.492091053319,2
12.81,-341.01264,12.5448402643747,42.4544621891672,2
12.82,-340.34208,34.5074765183928,114.636464895772,2
12.83,-339.67152,23.2944340514926,77.4498436588043,2
12.84,-339.00096,29.6574735549938,98.5355970585679,2
12.85,-338.3304,32.0128664216449,106.353513372637,2
12.86,-337.65984,36.5334304213294,121.364633588828,2
12.87,-336.98928,23.695742933661,78.7770258031673,2
12.88,-336.31872,31.545619680378,104.802383522774,2
12.89,-335.64816,23.2328200740733,77.246127330839,2
12.9,-334.9776,23.3543329766483,77.6479023703591,2
12.91,-334.30704,23.0076251174105,76.5016755088353,2
12.92,-333.63648,25.3931055352338,84.3956845043807,2
12.93,-332.96592,19.8963711192693,66.2413161077992,2
12.94,-332.29536,16.5231506689834,55.2064557748261,2
12.95,-331.6248,22.1052160172489,73.5205147390803,2
12.96,-330.95424,33.8331975152953,112.39741648866,2
12.97,-330.28368,12.1527477029342,41.2236466243827,2
12.98,-329.61312,17.1105138136591,57.1178251301282,2
12.99,-328.94256,18.6952108038622,62.2976711352736,2
13,-328.272,8.21271679884288,29.309849744775,2
13.01,-327.60144,16.0398449131392,53.6378946371168,2
13.02,-326.93088,12.8367479222802,43.3746293091223,2
13.03,-326.26032,19.2039731748626,63.9664770087046,2
13.04,-325.58976,24.0236833299646,79.8619581767776,2
13.05,-324.9192,22.6434348521019,75.2981426646619,2
13.06,-324.24864,27.1220450200857,90.1254441124024,2
13.07,-323.57808,6.15099087188146,23.5668345933138,2
13.08,-322.90752,12.3048233013204,41.7002981750631,2
13.09,-322.23696,14.5898611596665,48.9593580811717,2
13.1,-321.5664,10.5666396559048,36.3153255949977,2
13.11,-320.89584,3.10473505515902,16.0595188361306,2
13.12,-320.22528,17.1020577016499,57.0902710194481,2
13.13,-319.55472,17.7504891484145,59.2060114335313,2
13.14,-318.88416,12.5418254877334,42.4449754974049,2
13.15,-318.2136,18.2786534111064,60.9332358735217,2
13.16,-317.54304,10.3149385743481,35.5484838173433,2
13.17,-316.87248,17.4276249909915,58.1518494556097,2
13.18,-316.20192,8.00063221751451,28.6996850716307,2
13.19,-315.53136,21.5971183628594,71.8436064876368,2
13.2,-314.8608,15.9184757351452,53.2446408641806,2
13.21,-314.19024,32.595275667316,108.28709664554,2
13.22,-313.51968,16.4130101198755,54.8486464413232,2
13.23,-312.84912,30.313710441043,100.713381710499,2
13.24,-312.17856,10.7668802705761,36.9279621429529,2
13.25,-311.508,25.5481024657745,84.9091162107038,2
13.26,-310.83744,22.0013546598029,73.1776318906237,2
13.27,-310.16688,24.3791445978072,81.0383028286898,2
13.28,-309.49632,26.2620822718884,87.2748252980682,2
13.29,-308.82576,1.42514608380704,12.5604448035542,2
13.3,-308.1552,23.6048739964361,78.4764626463431,2
13.31,-307.48464,21.6081555205294,71.880019369042,2
13.32,-306.81408,25.952366847936,86.2484886304899,2
13.33,-306.14352,21.1638987414688,70.4148830479985,2
13.34,-305.47296,24.2912223977584,80.7473040598638,2
13.35,-304.8024,27.5316444220574,91.4835895441384,2
13.36,-304.13184,29.6323449339124,98.4522120755736,2
13.37,-303.46128,22.467373567735,74.7165092603198,2
13.38,-302.79072,26.7714357455115,88.9630937582761,2
13.39,-302.12016,32.2916556684931,107.279067241996,2
13.4,-301.4496,21.2381476723728,70.6596761273576,2
13.41,-300.77904,33.620400249964,111.690818870218,2
13.42,-300.10848,32.1232942355732,106.720118909398,2
13.43,-299.43792,25.6360836355299,85.2005790983457,2
13.44,-298.76736,22.4208491325202,74.5628338094505,2
13.45,-298.0968,31.9154439523879,106.030088697675,2
13.46,-297.42624,34.1570345951726,113.472751303055,2
13.47,-296.75568,37.1566580238691,123.434522505162,2
13.48,-296.08512,32.9062081786327,109.319444010043,2
13.49,-295.41456,31.9575193231512,106.169770621752,2
13.5,-294.744,28.8676723945141,95.9150441945701,2
13.51,-294.07344,28.2464721959024,93.8543370692226,2
13.52,-293.40288,29.4726579905654,97.922330957465,2
13.53,-292.73232,32.2750153595745,107.223821988194,2
13.54,-292.06176,19.607420619031,65.2915016926601,2
13.55,-291.3912,23.8523096770478,79.294957101572,2
13.56,-290.72064,29.1532676231231,96.8625807887955,2
13.57,-290.05008,33.302573105851,110.635495651415,2
13.58,-289.37952,25.080140083241,83.3591404712427,2
13.59,-288.70896,31.4276628401642,104.410817451361,2
13.6,-288.0384,37.2066118207116,123.600433678474,2
13.61,-287.36784,31.029003200208,103.08749645672,2
13.62,-286.69728,37.441017102948,124.37896697671,2
13.63,-286.02672,25.8006550544867,85.7458121120253,2
13.64,-285.35616,28.0602526375412,93.2366741227515,2
13.65,-284.6856,28.0525424182743,93.2111013359698,2
13.66,-284.01504,21.6549884595354,72.0345337842367,2
13.67,-283.34448,23.1911374851699,77.108318547703,2
13.68,-282.67392,33.2004775600833,110.296501932236,2
13.69,-282.00336,23.6639025726353,78.6717057801481,2
13.7,-281.3328,35.6362929042134,118.385142502916,2
13.71,-280.66224,24.9761676972546,83.0148334656974,2
13.72,-279.99168,29.3498551616255,97.5148554388342,2
13.73,-279.32112,35.94993760007,119.426773158837,2
13.74,-278.65056,26.3869841080863,87.6887752565906,2
13.75,-277.98,36.7555734014854,122.102416814406,2
13.76,-277.30944,27.5337790800109,91.4906682309419,2
13.77,-276.63888,30.9834024161083,102.936133991303,2
13.78,-275.96832,33.0869588437434,109.919583681887,2
13.79,-275.29776,20.1202208803904,66.977579537457,2
13.8,-274.6272,32.7400197717682,108.767666129849,2
13.81,-273.95664,25.3576362748766,84.2781989319247,2
13.82,-273.28608,26.1315359527112,86.8421984140159,2
13.83,-272.61552,29.0050749416145,96.3709031896866,2
13.84,-271.94496,19.8334220320206,66.0343389560546,2
13.85,-271.2744,23.7342154821193,78.9042878364448,2
13.86,-270.60384,18.2278677352064,60.7670147173596,2
13.87,-269.93328,29.7655767278165,98.8943246508078,2
13.88,-269.26272,26.6475648831593,88.5524796491725,2
13.89,-268.59216,28.5205734146029,94.7635621643403,2
13.9,-267.9216,36.9772248219045,122.838575407044,2
13.91,-267.25104,27.6518340534113,91.8821568858082,2
13.92,-266.58048,31.967527471274,106.202995824803,2
13.93,-265.90992,26.808406411614,89.0856509986096,2
13.94,-265.23936,39.4823992836832,131.159316646507,2
13.95,-264.5688,34.1954399353385,113.600282329422,2
13.96,-263.89824,20.0890569120378,66.8750559070187,2
13.97,-263.22768,25.0336774297937,83.2052751104396,2
13.98,-262.55712,25.8565541813928,85.9310210377849,2
13.99,-261.88656,29.6347933811379,98.4603368012103,2
14,-261.216,19.9363781732068,66.3728754880039,2
14.01,-260.54544,21.4473694651251,71.3496308013408,2
14.02,-259.87488,24.3699379344239,81.0078302447044,2
14.03,-259.20432,28.9500898773117,96.1884776100501,2
14.04,-258.53376,24.4932258682869,81.4159129238166,2
14.05,-257.8632,31.0119857864802,103.031010489146,2
14.06,-257.19264,17.6074742536507,58.7388977970118,2
14.07,-256.52208,19.3752227702376,64.5287336510436,2
14.08,-255.85152,27.3940652835392,91.0273798096196,2
14.09,-255.18096,20.9067401280592,69.5672996484576,2
14.1,-254.5104,8.67413618416908,30.6507005350742,2
14.11,-253.83984,17.4644161689252,58.2719054645827,2
14.12,-253.16928,18.4684712238984,61.5547577207251,2
14.13,-252.49872,23.3932614635378,77.7766280520669,2
14.14,-251.82816,23.0751212027963,76.7247850455651,2
14.15,-251.1576,27.1478619650375,90.2110405849745,2
14.16,-250.48704,30.7294027956542,102.093057806498,2
14.17,-249.81648,27.3795598393338,90.9792815576298,2
14.18,-249.14592,25.7194966884272,85.4769236463549,2
14.19,-248.47536,18.3372300675832,61.1249921915953,2
14.2,-247.8048,27.8880898218177,92.6656720632057,2
14.21,-247.13424,13.4812611784868,45.4168976015111,2
14.22,-246.46368,27.6954157809626,92.026685310331,2
14.23,-245.79312,23.5203574022858,78.1969353466395,2
14.24,-245.12256,16.9066381765627,56.4537892112012,2
14.25,-244.452,25.9071689813232,86.0987268867055,2
14.26,-243.78144,20.5790977391645,68.4879933623702,2
14.27,-243.11088,13.7808217139961,46.3706714274372,2
14.28,-242.44032,36.9136663426315,122.627481360676,2
14.29,-241.76976,32.0268220951871,106.399844017255,2
14.3,-241.0992,31.6152867182072,105.033651691077,2
14.31,-240.42864,22.9127477983625,76.1880860530513,2
14.32,-239.75808,18.3876102290725,61.2899464172106,2
14.33,-239.08752,11.9405682542099,40.5602176209266,2
14.34,-238.41696,1.87990841143761,13.4577555977832,2
14.35,-237.7464,23.0886008908927,76.769344444151,2
14.36,-237.07584,19.0552595358406,63.4784248241846,2
14.37,-236.40528,23.5294410113967,78.2269770188545,2
14.38,-235.73472,18.9377611525501,63.0929603985033,2
14.39,-235.06416,25.518016576407,84.8094518124456,2
14.4,-234.3936,12.4237584936968,42.0737257985294,2
14.41,-233.72304,21.8417508370222,72.6508241739025,2
14.42,-233.05248,24.3881370063803,81.0680664901941,2
14.43,-232.38192,9.31387205959479,32.5377913107264,2
14.44,-231.71136,11.2828089689631,38.5163284937476,2
14.45,-231.0408,11.2303805575151,38.3542973305706,2
14.46,-230.37024,19.2058574309342,63.9726620949082,2
14.47,-229.69968,14.3521158281881,48.1968253739347,2
14.48,-229.02912,4.50591942047815,19.3441346086868,2
14.49,-228.35856,11.0362356867136,37.7554922623334,2
14.5,-227.688,19.7520406411219,65.7668020157528,2
14.51,-227.01744,29.8894119379131,99.3052687042694,2
14.52,-226.34688,9.48378584388998,33.0440838968706,2
14.53,-225.67632,23.3171416230695,77.5249258602689,2
14.54,-225.00576,15.8504656238651,53.0243976219672,2
14.55,-224.3352,32.0909886548414,106.612868114945,2
14.56,-223.66464,27.551428830105,91.5491963682141,2
14.57,-222.99408,25.2587432574733,83.9506483089742,2
14.58,-222.32352,30.0927737179725,99.980145590766,2
14.59,-221.65296,25.9651688061394,86.2909082453814,2
14.6,-220.9824,34.9821788792706,116.212863073883,2
14.61,-220.31184,40.0626946154943,133.086812747972,2
14.62,-219.64128,31.2759804573839,103.907308330321,2
14.63,-218.97072,25.4749284516413,84.666718765132,2
14.64,-218.30016,33.7952225898152,112.271318911478,2
14.65,-217.6296,24.7342319450065,82.2137597322069,2
14.66,-216.95904,29.84013806912,99.1417531430745,2
14.67,-216.28848,25.2337192199022,83.867767900401,2
14.68,-215.61792,30.1577154575789,100.195667982362,2
14.69,-214.94736,17.1787213786739,57.3401156946844,2
14.7,-214.2768,21.536568760499,71.6438575890408,2
14.71,-213.60624,28.0765734673967,93.290806293115,2
14.72,-212.93568,26.160205684212,86.9372064334213,2
14.73,-212.26512,17.596135796355,58.70187536611,2
14.74,-211.59456,28.5593594228526,94.892226415989,2
14.75,-210.924,26.8239192127137,89.1370763646566,2
14.76,-210.25344,19.7068358374892,65.6182162847496,2
14.77,-209.58288,28.204780895717,93.7160496436851,2
14.78,-208.91232,20.0403674275182,66.7148909100339,2
14.79,-208.24176,18.5755558797736,61.905555035524,2
14.8,-207.5712,15.7995187617455,52.8594690050214,2
14.81,-206.90064,29.5108910164466,98.0491957053896,2
14.82,-206.23008,13.306621858818,44.8621520613689,2
14.83,-205.55952,23.3991764547973,77.7961877447894,2
14.84,-204.88896,18.7107213389218,62.3485106787499,2
14.85,-204.2184,18.5321561092392,61.7633678217116,2
14.86,-203.54784,15.4454293595735,51.7145875950529,2
14.87,-202.87728,26.5384707164254,88.1908690830841,2
14.88,-202.20672,23.5815193978817,78.3992180631192,2
14.89,-201.53616,4.20423695755398,18.6109596913479,2
14.9,-200.8656,8.83721177295915,31.1287564999705,2
14.91,-200.19504,8.33404636344701,29.6606851813589,2
14.92,-199.52448,22.5177061723961,74.8827739660582,2
14.93,-198.85392,14.7474915640947,49.4657123492417,2
14.94,-198.18336,25.0714219676177,83.3302692376155,2
14.95,-197.5128,17.746145076356,59.1918190924599,2
14.96,-196.84224,17.0203817357248,56.8241842229135,2
14.97,-196.17168,8.76582626587531,30.9192304680234,2
14.98,-195.50112,2.25032936916774,14.2165760782872,2
14.99,-194.83056,18.2929448100267,60.9800166678959,2
15,-194.16,18.273035978296,60.9148486495237,2
15.01,-193.48944,11.7947061843988,40.1052691792758,2
15.02,-192.81888,26.5397975884837,88.1952670990446,2
15.03,-192.14832,25.4889866255249,84.713287213747,2
15.04,-191.47776,30.9329643262597,102.768716555374,2
15.05,-190.8072,31.3334731084323,104.098153460504,2
15.06,-190.13664,29.012048025229,96.3940382041526,2
15.07,-189.46608,36.6194869633367,121.650444363997,2
15.08,-188.79552,28.7365914902672,95.4801758645008,2
15.09,-188.12496,36.3667623814251,120.811099705193,2
15.1,-187.4544,28.8301464089834,95.7905478496984,2
15.11,-186.78384,38.7383371052614,128.687899288433,2
15.12,-186.11328,40.5111479608406,134.576403017249,2
15.13,-185.44272,38.7477060095713,128.719017958463,2
15.14,-184.77216,27.5661272403852,91.5979379193209,2
15.15,-184.1016,42.5258086316928,141.268484909021,2
15.16,-183.43104,30.6717119322918,101.901575864522,2
15.17,-182.76048,28.5751877437519,94.9447339310487,2
15.18,-182.08992,33.0415378712771,109.76877295216,2
15.19,-181.41936,43.6122363572178,144.877341209604,2
15.2,-180.7488,47.0205303196368,156.199107200402,2
15.21,-180.07824,33.2668733617808,110.51695930775,2
15.22,-179.40768,32.6223902823504,108.377120075886,2
15.23,-178.73712,24.8340454715448,82.5442347566696,2
15.24,-178.06656,24.4079223594472,81.1335541310604,2
15.25,-177.396,21.3553411913699,71.0461176064182,2
15.26,-176.72544,29.6003379313714,98.3460031332799,2
15.27,-176.05488,32.687253570091,108.592474391193,2
15.28,-175.38432,31.6518527519982,105.155038093558,2
15.29,-174.71376,13.0352702296364,44.0021845012696,2
15.3,-174.0432,31.0503145608462,103.158235585002,2
15.31,-173.37264,31.6540302420334,105.162266618557,2
15.32,-172.70208,35.5813636031506,118.202721455716,2
15.33,-172.03152,28.6208742925958,95.0962920569257,2
15.34,-171.36096,23.4015767167275,77.8041249653777,2
15.35,-170.6904,33.1987928197533,110.290908023639,2
15.36,-170.01984,30.7964458403581,102.315583302906,2
15.37,-169.34928,29.3224273004801,97.423848094681,2
15.38,-168.67872,32.2602852838368,107.174918747437,2
15.39,-168.00816,29.6961151603033,98.6638235591328,2
15.4,-167.3376,26.3399144132821,87.5327735165379,2
15.41,-166.66704,21.0504446311389,70.0408950138846,2
15.42,-165.99648,22.6384340860433,75.2816204240835,2
15.43,-165.32592,30.2801656541221,100.602052312565,2
15.44,-164.65536,35.1326381695122,116.712522078336,2
15.45,-163.9848,25.9904765080826,86.3747668893893,2
15.46,-163.31424,28.8155877728665,95.7422484440364,2
15.47,-162.64368,22.9394327277892,76.2762818560899,2
15.48,-161.97312,28.4270617513957,94.4533639677874,2
15.49,-161.30256,19.7544351515163,65.7746730945463,2
15.5,-160.632,31.701086117163,105.31847669354,2
15.51,-159.96144,27.3306447116196,90.817087234392,2
15.52,-159.29088,32.8570194738773,109.156126784665,2
15.53,-158.62032,31.7472584846096,105.471754924065,2
15.54,-157.94976,34.0997991384976,113.282692691179,2
15.55,-157.2792,28.7987810935487,95.6864912446854,2
15.56,-156.60864,36.1405120688821,120.059690493639,2
15.57,-155.93808,22.4111508753557,74.5308005508496,2
15.58,-155.26752,25.3383373368729,84.2142758251886,2
15.59,-154.59696,20.6506331231367,68.7235838455674,2
15.6,-153.9264,29.4628922386646,97.8899264610937,2
15.61,-153.25584,29.8976557156436,99.3326259049726,2
15.62,-152.58528,23.7754158070581,79.0405782562424,2
15.63,-151.91472,28.5411052504778,94.8316719198495,2
15.64,-151.24416,30.1193306989398,100.068279963576,2
15.65,-150.5736,29.8160597033375,99.0618496730206,2
15.66,-149.90304,28.7949185836157,95.6736771689216,2
15.67,-149.23248,30.0691103602116,99.901614698716,2
15.68,-148.56192,23.3178076907561,77.5271282293417,2
15.69,-147.89136,36.7360378615931,122.037534881576,2
15.7,-147.2208,36.0718216883225,119.831561908658,2
15.71,-146.55024,36.8193883169166,122.31436096521,2
15.72,-145.87968,28.1108155370208,93.4043798256163,2
15.73,-145.20912,39.8577440349157,132.406050365329,2
15.74,-144.53856,29.6570504577588,98.5341930792447,2
15.75,-143.868,21.8037127003595,72.5252892924909,2
15.76,-143.19744,14.9273361989254,50.0441523743187,2
15.77,-142.52688,29.6412815146653,98.4818665132532,2
15.78,-141.85632,27.7255136054442,92.1264990186896,2
15.79,-141.18576,35.1816045409942,116.875135247555,2
15.8,-140.5152,23.9410349485475,79.5884993033804,2
15.81,-139.84464,39.7616201041862,132.086766938556,2
15.82,-139.17408,30.5229269968638,101.407753395375,2
15.83,-138.50352,33.9719475825339,112.858146645984,2
15.84,-137.83296,39.2845496946261,130.502150285054,2
15.85,-137.1624,34.0451555329931,113.101241604769,2
15.86,-136.49184,36.3205831442628,120.657731193386,2
15.87,-135.82128,28.7330363287647,95.4683816565454,2
15.88,-135.15072,32.6113150586406,108.340349107982,2
15.89,-134.48016,32.5974758149702,108.294401360255,2
15.9,-133.8096,36.0244711511483,119.674305894536,2
15.91,-133.13904,31.5911914999368,104.953664405047,2
15.92,-132.46848,32.2281071529409,107.068089030033,2
15.93,-131.79792,41.6957003099747,138.511094610374,2
15.94,-131.12736,40.9283376191277,135.962159606818,2
15.95,-130.4568,46.5951192682613,154.7859517606,2
15.96,-129.78624,41.8739949770083,139.103337405353,2
15.97,-129.11568,33.9575471085786,112.810328498882,2
15.98,-128.44512,29.331615238537,97.4543341683896,2
15.99,-127.77456,32.9699324031868,109.531023736931,2
16,-127.104,34.4255041035277,114.364255760825,2
16.01,-126.43344,25.6767937701288,85.3354485715987,2
16.02,-125.76288,35.8615258420001,119.133151030055,2
16.03,-125.09232,42.3753377180176,140.768659783788,2
16.04,-124.42176,39.3761340799942,130.806351535503,2
16.05,-123.7512,32.179313261393,106.906096757997,2
16.06,-123.08064,39.7392965585962,132.012617578761,2
16.07,-122.41008,42.1033657033065,139.865242261176,2
16.08,-121.73952,28.7516910594139,95.5302686574482,2
16.09,-121.06896,31.7850798520513,105.597311183971,2
16.1,-120.3984,29.435050970782,97.7975446504826,2
16.11,-119.72784,37.4774939143184,124.500118573937,2
16.12,-119.05728,35.1376817965155,116.729271510245,2
16.13,-118.38672,46.2972047115134,153.796323460437,2
16.14,-117.71616,33.9131090885926,112.662768218205,2
16.15,-117.0456,30.9003911903623,102.660598485134,2
16.16,-116.37504,37.2967190736932,123.899707141691,2
16.17,-115.70448,24.369622314911,81.0067855987417,2
16.18,-115.03392,33.195299832618,110.279310126419,2
16.19,-114.36336,25.1469485306177,83.5803917201827,2
16.2,-113.6928,29.8455316703833,99.159651740457,2
16.21,-113.02224,22.4628250953298,74.7014847328836,2
16.22,-112.35168,30.2463435938848,100.489803507482,2
16.23,-111.68112,11.7022387663376,39.8173491151748,2
16.24,-111.01056,25.3751580254727,84.3362362458352,2
16.25,-110.34,16.9438792948817,56.5750402492978,2
16.26,-109.66944,18.9354211487097,63.0852851211523,2
16.27,-108.99888,30.6880569443737,101.955826430253,2
16.28,-108.32832,26.4767460315064,87.98628133516,2
16.29,-107.65776,29.2372303805035,97.1411637292907,2
16.3,-106.9872,24.3492355109959,80.9393093929646,2
16.31,-106.31664,26.9624103868602,89.5961951705406,2
16.32,-105.64608,38.8993631233666,129.222745936807,2
16.33,-104.97552,32.4266745646292,107.727329910878,2
16.34,-104.30496,29.9108773529649,99.3765023790316,2
16.35,-103.6344,23.8453507038716,79.2719347929976,2
16.36,-102.96384,19.5541011407528,65.1163077239755,2
16.37,-102.29328,26.6087280181915,88.4237461959721,2
16.38,-101.62272,24.8869648043058,82.7194567841494,2
16.39,-100.95216,17.9221848627758,59.7671368948312,2
16.4,-100.2816,22.5622158222408,75.029812533524,2
16.41,-99.61104,30.8357365723038,102.445996217282,2
16.42,-98.94048,19.3060520794579,64.3015973816742,2
16.43,-98.26992,29.2310315400068,97.1205961609753,2
16.44,-97.5993599999999,24.4350965327152,81.2234998205389,2
16.45,-96.9288000000001,23.4562463854141,77.9849127914684,2
16.46,-96.2582399999999,6.99033324796779,25.8513779119859,2
16.47,-95.5876800000001,26.2101739461006,87.1027988188591,2
16.48,-94.9171200000001,24.0152665792917,79.8341087109258,2
16.49,-94.24656,15.680920749104,52.4757285344517,2
16.5,-93.576,23.1098473257294,76.8395795146501,2
16.51,-92.9054400000002,28.0295705017902,93.1349099004414,2
16.52,-92.23488,18.2369638807791,60.7967842296265,2
16.53,-91.56432,30.3932627224262,100.977405280511,2
16.54,-90.8937600000002,20.7711291173566,69.1204929767265,2
16.55,-90.2231999999999,25.6823051805682,85.3537077037215,2
16.56,-89.5526400000001,13.3158595019385,44.8914710404909,2
16.57,-88.8820800000001,6.80648128109787,25.3442252702456,2
16.58,-88.2115200000001,29.5556623352375,98.1977573897735,2
16.59,-87.54096,28.7638684798489,95.5706673963314,2
16.6,-86.8704,27.9239448886953,92.7845874255589,2
16.61,-86.19984,14.7539552037852,49.486488289187,2
16.62,-85.52928,5.4060802999118,21.6099321202126,5
16.63,-84.8587200000002,31.1624406333432,103.530421842839,2
16.64,-84.1881599999999,33.671446059692,111.860316169249,2
16.65,-83.5176000000001,7.24096471194453,26.5485049146098,2
16.66,-82.8470400000001,26.0325978597066,86.5143413243827,2
16.67,-82.1764799999999,16.9058345290263,56.4511728935694,2
16.68,-81.5059200000001,28.4191470333831,94.4271095914305,2
16.69,-80.83536,18.842360678184,62.7800867892746,2
16.7,-80.1648,28.6475711153418,95.1848556899813,2
16.71,-79.49424,25.0912286550436,83.3958620541922,2
16.72,-78.8236800000002,19.9376870632923,66.3771798544606,2
16.73,-78.1531199999999,28.292360244936,94.0065471412439,2
16.74,-77.4825600000001,25.7409469675641,85.5479899800079,2
16.75,-76.8120000000001,26.9570469118444,89.5784139010128,2
16.76,-76.1414400000001,25.989950832191,86.3730250171318,2
16.77,-75.4708800000001,18.0890300764553,60.312747988005,2
16.78,-74.8003200000001,26.8567006135125,89.2457488690363,2
16.79,-74.12976,29.4136440959185,97.7265136500982,2
16.8,-73.4592,16.1898748265229,54.1243816093623,2
16.81,-72.7886400000002,9.34076256555175,32.6177806285912,2
16.82,-72.11808,12.5793660581876,42.5631302853997,2
16.83,-71.4475200000002,32.2755158954032,107.225483748121,2
16.84,-70.7769600000001,21.6013817284956,71.8576717570239,2
16.85,-70.1063999999999,19.6501976344314,65.432072715909,2
16.86,-69.4358400000001,16.3035234999565,54.4931622754462,2
16.87,-68.7652800000001,26.9610718191379,89.5917574775252,2
16.88,-68.0947200000001,-0.467684433879841,9.24409613343166,5
16.89,-67.42416,11.0155770108321,37.6918878599121,2
16.9,-66.7536000000002,12.6645553259865,42.831451711296,2
16.91,-66.08304,11.1541668004424,38.1190016890316,2
16.92,-65.41248,1.65294982902369,13.0051658593352,2
16.93,-64.7419200000002,22.2389161552801,73.961979625561,2
16.94,-64.0713599999999,29.8572201218257,99.1984397972422,2
16.95,-63.4008000000001,18.5864867361959,61.9413700050538,2
16.96,-62.7302400000001,29.5127105937338,98.0552334542178,2
16.97,-62.0596800000001,22.8769352297057,76.0697270160152,2
16.98,-61.38912,19.0431137232624,63.4385733585112,2
16.99,-60.7185600000003,31.4984662418311,104.64585344482,2
17,-60.048,24.6006205672404,81.7714225196447,2
17.01,-59.3774400000002,15.358751367033,51.4347173254715,2
17.02,-58.7068800000002,19.6203902497069,65.3341200656787,2
17.03,-58.0363199999999,27.9340728210948,92.8181775745521,2
17.04,-57.3657600000001,26.7349191441844,88.8420438856157,2
17.05,-56.6951999999999,32.2770498055049,107.230576272061,2
17.06,-56.0246400000001,30.9755720935945,102.910142966104,2
17.07,-55.3540800000001,23.8251133316294,79.2049845379513,2
17.08,-54.6835200000003,26.767459319824,88.9499120928997,2
17.09,-54.01296,27.7157709113026,92.0941890992459,2
17.1,-53.3424,34.2986399307632,113.942976405518,2
17.11,-52.67184,26.1082398949466,86.7649992211868,2
17.12,-52.00128,24.2127335198944,80.4875454898661,2
17.13,-51.3307200000002,29.3337741111688,97.4614974350546,2
17.14,-50.6601599999999,23.7702840139622,79.02360202111,2
17.15,-49.9896000000001,34.5253763965528,114.695905993035,2
17.16,-49.3190400000001,39.8036865551457,132.226493974019,2
17.17,-48.6484799999998,37.5993103851739,124.904712813786,2
17.18,-47.97792,31.9909352982096,106.280705676042,2
17.19,-47.30736,40.2681060054083,133.769108929052,2
17.2,-46.6368,35.1094000683054,116.635350510245,2
17.21,-45.96624,39.0848994050766,129.839006394442,2
17.22,-45.2956800000002,35.7981967058334,118.922831134589,2
17.23,-44.6251199999999,36.1752922018698,120.175199615874,2
17.24,-43.9545600000001,40.4187284483785,134.269419624508,2
17.25,-43.2840000000001,40.1750497001282,133.460011946931,2
17.26,-42.6134400000001,16.4651467476311,55.0179957319715,2
17.27,-41.9428800000001,45.9925466838734,152.784295991082,2
17.28,-41.27232,35.1765341064126,116.858296738181,2
17.29,-40.60176,37.2463166741388,123.73230537151,2
17.3,-39.9312,29.7753966305441,98.9269113064676,2
17.31,-39.2606400000002,40.0762301501071,133.131772396053,2
17.32,-38.5900799999999,40.8934965346724,135.846429412821,2
17.33,-37.9195200000001,36.4516570613823,121.093049272537,2
17.34,-37.2489600000001,33.0718036341181,109.869263928097,2
17.35,-36.5783999999999,37.3132447264004,123.954593963013,2
17.36,-35.9078400000001,36.3307531516794,120.691507355501,2
17.37,-35.2372800000001,36.588526311057,121.547617778662,2
17.38,-34.56672,44.5140865065731,147.87310480529,2
17.39,-33.89616,39.5260841447298,131.304418348885,2
17.4,-33.2256000000002,44.5150330695812,147.876249108349,2
17.41,-32.55504,39.1621932370388,130.09573953169,2
17.42,-31.8844799999999,42.7950224210838,142.162745287416,2
17.43,-31.2139200000001,48.9495307108321,162.607005046207,2
17.44,-30.5433599999999,49.2101536554079,163.472765025633,2
17.45,-29.8728000000001,48.7696191648355,162.009359598687,2
17.46,-29.2022400000001,47.2020544016814,156.802105420595,2
17.47,-28.5316800000001,48.2561441289673,160.303656487345,2
17.48,-27.86112,49.4028048264468,164.112730854871,2
17.49,-27.1905600000002,42.55705902531,141.37229068754,2
17.5,-26.52,50.0733641011073,166.340256865166,2
17.51,-25.8494400000002,49.6182513754651,164.82842078745,2
17.52,-25.1788800000002,55.1569275733144,183.227391336342,2
17.53,-24.5083199999999,42.1108544908532,139.890117943611,2
17.54,-23.8377600000001,58.2343979618591,193.45050434214,2
17.55,-23.1672000000001,60.8347417274026,202.088649593674,2
17.56,-22.4966400000001,55.8517218441962,185.535441439524,2
17.57,-21.82608,58.9608964153721,195.863876628683,2
17.58,-21.1555200000003,49.059478816987,162.972240155629,2
17.59,-20.48496,63.0502935392589,209.44854864631,2
17.6,-19.8144,61.6968169902821,204.952399486106,2
17.61,-19.1438400000002,46.2828321941496,153.748580113001,2
17.62,-18.4732799999999,62.5291030800092,207.717192328274,2
17.63,-17.8027200000001,61.7697054927052,205.194529687646,2
17.64,-17.1321600000001,55.8560050664448,185.549669958885,2
17.65,-16.4616000000001,65.4520879850733,217.427134057827,2
17.66,-15.7910400000001,64.4821623237454,214.205111782279,2
17.67,-15.12048,49.6361645630705,164.887926460232,2
17.68,-14.44992,50.2184002564988,166.822051885519,2
17.69,-13.77936,56.8354967790037,188.803463433832,2
17.7,-13.1088000000002,57.2087512550153,190.043385502081,2
17.71,-12.43824,55.7464287829505,185.185666381396,2
17.72,-11.7676800000002,44.9383282831623,149.282357998661,2
17.73,-11.0971199999999,35.6992550597924,118.594241557047,2
17.74,-10.4265600000001,43.9253407007248,145.91740764557,2
17.75,-9.75600000000009,59.3899697958774,197.289225822083,2
17.76,-9.08544000000029,57.3217270054399,190.418682116987,2
17.77,-8.41488000000004,54.8727544576726,182.283391655216,2
17.78,-7.74432000000002,67.4226653878956,223.973248995848,2
17.79,-7.07375999999999,64.1932475982588,213.245358192224,2
17.8,-6.40319999999997,75.0935881157056,249.455500553956,2
17.81,-5.73264000000017,83.6587419826015,277.908325437067,2
17.82,-5.06207999999992,66.0417949334556,219.386097615414,2
17.83,-4.39152000000013,73.8331931903581,245.268559391133,2
17.84,-3.7209600000001,79.5528952512293,264.268997924603,2
17.85,-3.05039999999985,82.9002497475166,275.38866878344,2
17.86,-2.37984000000006,83.6042988411737,277.727469236767,2
17.87,-1.70928000000004,75.8174505439972,251.860119422783,2
17.88,-1.03872000000001,100.037836482795,332.318499565376,2
17.89,-0.368159999999989,106.119635088774,352.521797220945,2
17.9,0.302399999999807,106.04868502872,352.286106223125,2
17.91,0.972960000000057,107.431655200221,356.880233690125,2
17.92,1.64352000000008,91.483029007918,303.900044277052,2
17.93,2.31407999999988,82.4292938090175,273.82418702836,2
17.94,2.98464000000013,74.0922257959651,246.129047046634,2
17.95,3.65519999999992,85.8182411403023,285.082026335576,2
17.96,4.32575999999995,80.0291316220537,265.851020888044,2
17.97,4.99631999999997,91.9121110052362,305.325423817989,2
17.98,5.66687999999999,78.0920325460867,259.416117125561,2
17.99,6.33743999999979,72.3960914424429,240.494610953617,2
18,7.00800000000004,73.1974519867981,243.156672920036,2
18.01,7.67856000000006,59.3337383122312,197.102429093106,2
18.02,8.34911999999986,65.4243084203367,217.334852367646,2
18.03,9.01968000000011,65.4542739645347,217.434395722346,2
18.04,9.6902399999999,57.0448976062277,189.499076517569,2
18.05,10.3607999999999,65.416932600026,217.310350429966,2
18.06,11.0313599999999,61.026010162394,202.72402906864,2
18.07,11.70192,63.6258830961274,211.360614879215,2
18.08,12.3724799999998,54.3887885503685,180.675697248751,2
18.09,13.04304,55.2185959046553,183.432248478379,2
18.1,13.7136,46.4115888742366,154.176290627514,2
18.11,14.3841599999998,63.2737046038251,210.190703780022,2
18.12,15.0547200000001,63.1155763974897,209.665413500546,2
18.13,15.7252799999999,53.3884681811005,177.352718512866,2
18.14,16.3958399999999,53.296302761276,177.046553033536,2
18.15,17.0663999999999,56.4222093348082,187.430555246528,2
18.16,17.73696,54.7616332678301,181.914256270267,2
18.17,18.40752,37.1774927973504,123.503720838716,2
18.18,19.07808,46.13552096872,153.259234528921,2
18.19,19.74864,54.9064646966106,182.395374281792,2
18.2,20.4191999999998,54.5323722163834,181.15267015498,2
18.21,21.0897600000001,49.0785343038173,163.035540328352,2
18.22,21.7603199999999,52.9794912296916,175.994133016862,2
18.23,22.4308799999999,53.1471803229939,176.551181375502,2
18.24,23.1014399999999,63.2954964935285,210.263094836688,2
18.25,23.7719999999999,50.4690520251621,167.654691344008,2
18.26,24.44256,42.7358372570436,141.966146828361,2
18.27,25.11312,55.5606620139885,184.568564211427,2
18.28,25.78368,61.2973444263291,203.625381293193,2
18.29,26.4542399999998,54.8714686260098,182.279120228801,2
18.3,27.1248000000001,51.6864084123388,171.698630072326,2
18.31,27.7953599999998,44.5283108797182,147.920355481718,2
18.32,28.4659199999999,48.6962725564042,161.765710701407,2
18.33,29.1364799999999,48.423810594771,160.86062426749,2
18.34,29.8070399999999,50.8672129985924,168.977342123468,2
18.35,30.4775999999999,55.1615999902433,183.242912722094,2
18.36,31.14816,36.0253823942243,119.677332222683,2
18.37,31.81872,56.2083575867381,186.720156776127,2
18.38,32.4892799999998,54.6052294565668,181.394695822809,2
18.39,33.15984,51.0354764779876,169.536296812778,2
18.4,33.8303999999998,56.1259900673492,186.446538460717,2
18.41,34.5009599999998,40.6023168398092,134.879232837727,2
18.42,35.1715200000001,55.8893990165307,185.660601972937,2
18.43,35.8420799999999,65.9009283226679,218.918148981733,2
18.44,36.5126400000001,54.4387903984858,180.841799191637,2
18.45,37.1831999999999,57.8484311152768,192.168352244234,2
18.46,37.85376,29.5686230962054,98.2407645364905,2
18.47,38.52432,48.5034345724236,161.125125628221,2
18.48,39.19488,49.0490018460874,162.937436844358,2
18.49,39.8654399999998,51.5425755497891,171.220830939955,2
18.5,40.5360000000001,49.3956870924664,164.08908652591,2
18.51,41.2065600000001,51.4838398620504,171.025716585803,2
18.52,41.8771199999999,40.1732584653097,133.454062165254,2
18.53,42.5476800000001,50.1284870528616,166.523369558195,2
18.54,43.2182399999999,53.3805312290861,177.326352649928,2
18.55,43.8887999999999,46.5076888514211,154.495520628097,2
18.56,44.55936,39.0324747638244,129.66487713327,2
18.57,45.22992,36.6367999190218,121.707944259534,2
18.58,45.9004799999998,43.6487331018911,144.998575516038,2
18.59,46.57104,39.5678932184611,131.443289671534,2
18.6,47.2416000000001,54.5535007005981,181.222857213712,2
18.61,47.9121599999999,44.406152152176,147.514567480086,2
18.62,48.5827200000001,54.0625784528393,179.592054857496,2
18.63,49.2532799999999,38.9059482219218,129.244618344716,2
18.64,49.9238399999999,37.4382934142225,124.369920709798,2
18.65,50.5944,33.3277209087512,110.718995924307,2
18.66,51.26496,36.9109225523756,122.618368542077,2
18.67,51.93552,42.0022990033983,139.529526877852,2
18.68,52.60608,39.8725059289316,132.455083257836,2
18.69,53.27664,48.1851619128651,160.067862221436,2
18.7,53.9471999999998,35.2490388675158,117.099079838701,2
18.71,54.6177600000001,43.814193626957,145.548200204823,2
18.72,55.2883199999999,43.3359313889153,143.959517222671,2
18.73,55.9588799999999,34.4980685304816,114.605223314273,2
18.74,56.6294399999999,46.8940070563994,155.778814486757,2
18.75,57.3,48.3607595708974,160.651176332726,2
18.76,57.97056,39.8787400520543,132.475790435706,2
18.77,58.64112,41.6927594777775,138.50132603859,2
18.78,59.31168,43.6624588868698,145.044169621843,2
18.79,59.9822399999998,41.3640863880508,137.409574472026,2
18.8,60.6528000000001,43.9533453105079,146.010433190087,2
18.81,61.3233599999999,53.0056272964487,176.080954715426,2
18.82,61.9939199999999,54.7440125125724,181.855721584267,2
18.83,62.6644799999999,43.9274374951348,145.924372763804,2
18.84,63.3350399999999,44.116973175507,146.553971726479,2
18.85,64.0056,30.1530460949,100.180171647006,2
18.86,64.67616,34.6739207484959,115.189188587665,2
18.87,65.34672,43.1607189664748,143.37750170462,2
18.88,66.0172799999998,46.8883170552866,155.759913098904,2
18.89,66.6878400000001,48.0799706026151,159.718429624349,2
18.9,67.3583999999998,49.1100444183252,163.140213373552,2
18.91,68.0289599999999,38.0860138319219,126.521240874009,2
18.92,68.6995200000001,34.9557078403169,116.124956184027,2
18.93,69.3700799999999,46.9277643831808,155.89095161518,2
18.94,70.0406399999999,40.3798016282768,134.140119321531,2
18.95,70.7112,33.5663546324972,111.51136167111,2
18.96,71.38176,43.2130008721133,143.551170098285,2
18.97,72.0523199999998,46.3093054627541,153.836520344351,2
18.98,72.72288,37.9486277962357,126.064926378334,2
18.99,73.3934399999998,37.9388042720043,126.032298575812,2
19,74.0639999999999,48.6431573165854,161.589268090802,2
19.01,74.7345600000001,50.6351228698882,168.206361890398,2
19.02,75.4051199999999,48.0426439821739,159.594435212856,2
19.03,76.0756799999999,46.703455267043,155.145828374043,2
19.04,76.7462399999999,34.2598486107411,113.814162518029,2
19.05,77.4168,44.4690472890589,147.723493082023,2
19.06,78.0873599999998,39.7759464820176,132.134353116739,2
19.07,78.75792,40.6408209314203,135.007129577226,2
19.08,79.4284799999998,52.871100674712,175.634069223006,2
19.09,80.0990399999998,33.8525166625662,112.461566827016,2
19.1,80.7696000000001,14.3321765869901,48.1329393191571,2
19.11,81.4401599999999,23.4064155409634,77.8201261194318,2
19.12,82.1107200000001,40.3645421620442,134.089433124293,2
19.13,82.7812799999999,45.0992658554714,149.816964207955,2
19.14,83.4518399999999,40.8115335533635,135.574176655625,2
19.15,84.1223999999997,42.6222429382814,141.588815031977,2
19.16,84.79296,37.3215302312612,123.982112710633,2
19.17,85.46352,49.9181247237389,165.824567978272,2
19.18,86.13408,23.9424087885769,79.5930447609151,2
19.19,86.8046400000001,39.0178968204587,129.616456314212,2
19.2,87.4751999999999,35.8660056395148,119.148028739078,2
19.21,88.1457600000001,45.7325453355768,151.920612603176,2
19.22,88.8163199999999,43.8301418922317,145.601176998106,2
19.23,89.4868799999999,41.68124359974,138.463073713728,2
19.24,90.15744,14.5981746041101,48.9860480311728,2
19.25,90.828,30.0077507981977,99.6979844836945,2
19.26,91.49856,36.4094699319064,120.952938534436,2
19.27,92.16912,13.3033939384724,44.8519077522242,2
19.28,92.83968,41.7392209713745,138.655657383718,2
19.29,93.5102399999998,36.3463398052955,120.743273070209,2
19.3,94.1808000000001,27.454457403999,91.2276357125714,2
19.31,94.8513599999999,37.3117468746591,123.949619130927,2
19.32,95.5219199999999,22.4109877351415,74.5302617036376,2
19.33,96.1924799999999,31.0700170166165,103.223634492832,2
19.34,96.86304,5.13027324738226,20.9036975017584,2
19.35,97.5336,23.4958012300535,78.1157235940242,2
19.36,98.20416,21.9804257407822,73.1085443551639,2
19.37,98.87472,22.0057858976784,73.192259923411,2
19.38,99.5452799999998,20.2694666076461,67.4686674605034,2
19.39,100.21584,29.185852245237,96.9706936656408,2
19.4,100.8864,29.9476712591455,99.4986049819766,2
19.41,101.55696,18.2333913949288,60.7850922265218,2
19.42,102.22752,28.966268965262,96.242155146938,2
19.43,102.89808,28.4594386508731,94.5607639974804,2
19.44,103.56864,26.2803498557512,87.335366032945,2
19.45,104.2392,20.7764842453937,69.1381347018351,2
19.46,104.90976,21.2517772327635,70.7046151604767,2
19.47,105.58032,30.3228002551141,100.743549383219,2
19.48,106.25088,23.2610996810833,77.3396274443465,2
19.49,106.92144,24.7930198013758,82.4083988276331,2
19.5,107.592,28.4687325459824,94.5915937389602,2
19.51,108.26256,37.2672489542714,123.801827825806,2
19.52,108.93312,24.7095175657344,82.1319362029954,2
19.53,109.60368,25.9843252760103,86.3543842862844,2
19.54,110.27424,16.1488843105066,53.991426022887,2
19.55,110.9448,33.0318040489599,109.73645395601,2
19.56,111.61536,21.5600023425104,71.7211610471652,2
19.57,112.28592,32.0663220869871,106.530978291881,2
19.58,112.95648,11.6949530273603,39.7946795599613,2
19.59,113.62704,26.748589600557,88.8873602011197,2
19.6,114.2976,24.2199530274838,80.5114376805606,2
19.61,114.96816,34.0563507878035,113.138416808482,2
19.62,115.63872,30.6228002818907,101.739234742655,2
19.63,116.30928,28.1286282346068,93.4634612344417,2
19.64,116.97984,25.0285198729374,83.1881957018844,2
19.65,117.6504,22.2762137149442,74.0851470497826,2
19.66,118.32096,17.8703157340232,59.5975836022577,2
19.67,118.99152,27.3966244635612,91.0358657631768,2
19.68,119.66208,23.1462954068275,76.9600710775797,2
19.69,120.33264,25.548540495849,84.910567270723,2
19.7,121.0032,13.0149686777401,43.9379452302887,2
19.71,121.67376,28.1367690280313,93.4904628579543,2
19.72,122.34432,26.0075132417969,86.4312198574025,2
19.73,123.01488,12.9234643426924,43.6485804103582,2
19.74,123.68544,20.8021756210139,69.2227738735647,2
19.75,124.356,34.925780014366,116.025569958687,2
19.76,125.02656,21.7590819737406,72.3780064969488,2
19.77,125.69712,25.8240159572319,85.8232123450061,2
19.78,126.36768,25.3032159824999,84.0979468848553,2
19.79,127.03824,18.4032355535919,61.3411122698927,2
19.8,127.7088,22.135569016456,73.6207301899027,2
19.81,128.37936,11.886486936492,40.3914275438409,2
19.82,129.04992,18.065014076656,60.2341917121248,2
19.83,129.72048,17.8053929536426,59.385405545713,2
19.84,130.39104,7.2191546248541,26.4875819430615,2
19.85,131.0616,12.5590362370858,42.499137762757,2
19.86,131.73216,12.6813306100303,42.8843210038932,2
19.87,132.40272,29.355280357555,97.532856654482,2
19.88,133.07328,22.6966388468595,75.4739319237749,2
19.89,133.74384,26.0409826129139,86.5421256692232,2
19.9,134.4144,16.042195736059,53.6455143037369,2
19.91,135.08496,16.4484754403289,54.9638393754816,2
19.92,135.75552,22.5164159071746,74.8785116724328,2
19.93,136.42608,13.2707579705674,44.7483515472215,2
19.94,137.09664,26.7871614677157,89.0152240406175,2
19.95,137.7672,15.6032337659473,52.2245104562143,2
19.96,138.43776,27.8821533140033,92.6459834518827,2
19.97,139.10832,17.4868415552209,58.3450921954784,2
19.98,139.77888,19.9320732994012,66.3587187346735,2
19.99,140.44944,19.3848195971433,64.5602500942237,2
20,141.12,15.6771186936568,52.4634309755893,2
