time_s,ue_x_m,SINR_dB,throughput_Mbps,serving_idx
0,-1200,34.9268071576973,116.028980957862,1
0.01,-1199.597664,20.9685956432662,69.7711366673903,1
0.02,-1199.195328,20.8254716650529,69.2995252942699,1
0.03,-1198.792992,22.5724278362759,75.0635493121515,1
0.04,-1198.390656,14.9351494749725,50.0692996001934,1
0.05,-1197.98832,25.0183829260678,83.154627074954,1
0.06,-1197.585984,26.3724923276795,87.640745149324,1
0.07,-1197.183648,29.2386988861722,97.1460361925253,1
0.08,-1196.781312,25.3960228958827,84.4053478623498,1
0.09,-1196.378976,25.9206095699069,86.1432614495445,1
0.1,-1195.97664,26.4335979117074,87.8432698697196,1
0.11,-1195.574304,10.3023522757817,35.510235483049,1
0.12,-1195.171968,19.7359986976392,65.714071156573,1
0.13,-1194.769632,19.0163164739925,63.3506541153851,1
0.14,-1194.367296,21.7657290060712,72.3999412787618,1
0.15,-1193.96496,10.0949185978135,34.881247224706,1
0.16,-1193.562624,26.8131871922104,89.1014993782442,1
0.17,-1193.160288,27.6076194182127,91.7355321145347,1
0.18,-1192.757952,12.3568762036431,41.8636626022035,1
0.19,-1192.355616,11.9129150513361,40.4738949258231,1
0.2,-1191.95328,41.9918738578615,139.494897480434,1
0.21,-1191.550944,21.0941844692527,70.1850693004027,1
0.22,-1191.148608,0.142653160561954,10.2388873962302,2
0.23,-1190.746272,32.6695104563632,108.533564837404,1
0.24,-1190.343936,20.8605602579478,69.415134952444,1
0.25,-1189.9416,20.0123806906536,66.6228359601898,1
0.26,-1189.539264,22.1490556795015,73.6652600081106,1
0.27,-1189.136928,15.2054460811015,50.9401062071053,1
0.28,-1188.734592,26.4331528500465,87.8417947602947,1
0.29,-1188.332256,27.9866362922604,92.9925108111224,1
0.3,-1187.92992,25.0832885936572,83.369567238705,1
0.31,-1187.527584,18.5671194830918,61.8779140112507,1
0.32,-1187.125248,15.745882453149,52.6858875202565,1
0.33,-1186.722912,33.5896226515401,111.588622460318,1
0.34,-1186.320576,34.1062237673008,113.304026552017,1
0.35,-1185.91824,25.4597341125721,84.6163871881067,1
0.36,-1185.515904,34.6005159654423,114.945426977432,1
0.37,-1185.113568,23.1419119422162,76.945579781512,1
0.38,-1184.711232,37.5102801150733,124.60901258363,1
0.39,-1184.308896,38.4423298968054,127.704720671539,1
0.4,-1183.90656,30.2749129755541,100.584619645527,1
0.41,-1183.504224,20.0486550875848,66.7421520887776,1
0.42,-1183.101888,48.7665763628028,161.999251763357,1
0.43,-1182.699552,31.3088476530741,104.016409771481,1
0.44,-1182.297216,32.1507255988925,106.81118824939,1
0.45,-1181.89488,36.2101703547595,120.291034498383,1
0.46,-1181.492544,33.797844507508,112.280025101282,1
0.47,-1181.090208,28.6410441236399,95.1632030784159,1
0.48,-1180.687872,31.4302093998086,104.419270856105,1
0.49,-1180.285536,24.4478245372688,81.2656298249549,1
0.5,-1179.8832,9.67781781053124,33.6246950781664,1
0.51,-1179.480864,12.5300552536125,42.4079410623,1
0.52,-1179.078528,9.5634793605664,33.2822428696832,1
0.53,-1178.676192,23.8346268120706,79.2364573347087,1
0.54,-1178.273856,21.7184069102149,72.2437862446936,1
0.55,-1177.87152,23.0727948640564,76.7170950062586,1
0.56,-1177.469184,28.2444021309791,93.8474707468318,1
0.57,-1177.066848,22.6661360202137,75.3731472981518,1
0.58,-1176.664512,19.9689815555653,66.4800976094843,1
0.59,-1176.262176,25.270821224885,83.9906514293887,1
0.6,-1175.85984,34.5972549949486,114.934598023694,1
0.61,-1175.457504,27.7793833698874,92.3051507485449,1
0.62,-1175.055168,14.05388387211,47.2423884861709,1
0.63,-1174.652832,24.6011962450468,81.7733282733552,1
0.64,-1174.250496,31.4378595671248,104.444665908362,1
0.65,-1173.84816,25.7295049015108,85.5100814671904,1
0.66,-1173.445824,11.512741770658,39.2285231372056,1
0.67,-1173.043488,28.2331515949235,93.8101532552816,1
0.68,-1172.641152,25.3771377846446,84.342793846966,1
0.69,-1172.238816,29.3205729306269,97.4176952046836,1
0.7,-1171.83648,28.7389092881518,95.4878651396363,1
0.71,-1171.434144,15.6750832475197,52.4568475430466,1
0.72,-1171.031808,34.5318465498179,114.717391803549,1
0.73,-1170.629472,24.5816808179753,81.7087238773505,1
0.74,-1170.227136,35.6615531115468,118.46903224897,1
0.75,-1169.8248,31.230692418894,103.756977369154,1
0.76,-1169.422464,29.1545723766993,96.8669098261923,1
0.77,-1169.020128,24.0509770290947,79.9522694237761,1
0.78,-1168.617792,37.7736954517756,125.483908791477,1
0.79,-1168.215456,30.5365297705177,101.452900868096,1
0.8,-1167.81312,38.2286806644579,126.995097401021,1
0.81,-1167.410784,23.2929406052114,77.4449056679598,1
0.82,-1167.008448,42.0780938329354,139.781296112125,1
0.83,-1166.606112,27.3342840445689,90.8291545337437,1
0.84,-1166.203776,27.5399087607759,91.5109947488108,1
0.85,-1165.80144,24.905814209771,82.781871017104,1
0.86,-1165.399104,28.7531851303926,95.5352252477982,1
0.87,-1164.996768,40.1640896836989,133.423607061521,1
0.88,-1164.594432,28.2243082334492,93.7808203487736,1
0.89,-1164.192096,22.4506879576968,74.6613937387317,1
0.9,-1163.78976,31.0617763551304,103.196281008379,1
0.91,-1163.387424,11.298454344096,38.5647071959054,1
0.92,-1162.985088,20.5756472839455,68.476630680036,1
0.93,-1162.582752,29.3967588585473,97.6704863566676,1
0.94,-1162.180416,24.5318015560512,81.5436068118996,1
0.95,-1161.77808,19.4119705135255,64.6494193065679,1
0.96,-1161.375744,18.6110347955566,62.0218062456023,1
0.97,-1160.973408,28.3823895165399,94.3051799747976,1
0.98,-1160.571072,15.0612604447026,50.4753839271864,1
0.99,-1160.168736,20.4318987753119,68.0033233524074,1
1,-1159.7664,26.7563105809645,88.912954679707,1
1.01,-1159.364064,19.8638917474194,66.1345198224471,1
1.02,-1158.961728,24.1418995639049,80.2531360580176,1
1.03,-1158.559392,27.0834516993801,89.9974892112287,1
1.04,-1158.157056,18.2188751830664,60.7375851497119,1
1.05,-1157.75472,24.6630735872555,81.9781753050136,1
1.06,-1157.352384,35.6431722276643,118.407988885649,1
1.07,-1156.950048,27.8055684266258,92.391991254704,1
1.08,-1156.547712,27.2266369310948,90.4722262088372,1
1.09,-1156.145376,23.0226914799758,76.5514761569624,1
1.1,-1155.74304,13.5055260446049,45.4940521253729,1
1.11,-1155.340704,30.7736129057101,102.239797189694,1
1.12,-1154.938368,19.0912711491348,63.5965900830459,1
1.13,-1154.536032,27.5749876527546,91.6273201642691,1
1.14,-1154.133696,25.2084657490475,83.7841290479607,1
1.15,-1153.73136,30.4138086865231,101.045595356345,1
1.16,-1153.329024,13.5034276433068,45.487379150869,1
1.17,-1152.926688,19.8143891618688,65.9717647658949,1
1.18,-1152.524352,27.1074889798113,90.0771837740498,1
1.19,-1152.122016,24.776317869179,82.3530999692226,1
1.2,-1151.71968,21.7135661185183,72.2278130778318,1
1.21,-1151.317344,12.7505385272379,43.102548051919,1
1.22,-1150.915008,11.1113681796133,37.9869975459028,1
1.23,-1150.512672,23.3507538658645,77.6360675117947,1
1.24,-1150.110336,22.3751981248483,74.4120524992721,1
1.25,-1149.708,24.6191632540172,81.8328076310855,1
1.26,-1149.305664,14.1446391697201,47.5325792195198,1
1.27,-1148.903328,25.0265392828017,83.181636933458,1
1.28,-1148.500992,18.2948740297567,60.9863318575293,1
1.29,-1148.098656,15.955760740045,53.3654208572896,1
1.3,-1147.69632,24.1668605224324,80.335737209979,1
1.31,-1147.293984,25.6777800046211,85.3387159313413,1
1.32,-1146.891648,27.6905337715899,92.0104951655604,1
1.33,-1146.489312,29.7952713289673,98.9928643305699,1
1.34,-1146.086976,30.0448698005753,99.8211686999736,1
1.35,-1145.68464,23.7046146582686,78.8063718552754,1
1.36,-1145.282304,12.6708572050477,42.8513116008531,1
1.37,-1144.879968,14.8112653225842,49.6707426276447,1
1.38,-1144.477632,12.9351349579305,43.6854701434813,1
1.39,-1144.075296,21.8485739292366,72.6733427559496,1
1.4,-1143.67296,13.0868591506328,44.1654888162362,1
1.41,-1143.270624,22.8422674889818,75.9551563556785,1
1.42,-1142.868288,21.4559060232663,71.3777870703911,1
1.43,-1142.465952,28.4622068311316,94.5699466049375,1
1.44,-1142.063616,36.0884890428174,119.886916011763,1
1.45,-1141.66128,32.5701368743912,108.203633432568,1
1.46,-1141.258944,25.4012682954034,84.4227225775278,1
1.47,-1140.856608,12.2588211470092,41.5560140749578,1
1.48,-1140.454272,17.8293342148258,59.4636434472004,1
1.49,-1140.051936,16.4328314037349,54.9130242720426,1
1.5,-1139.6496,18.0515216759105,60.1900610301873,1
1.51,-1139.247264,44.887212464988,149.112560404616,1
1.52,-1138.844928,23.1934577864591,77.1159896404105,1
1.53,-1138.442592,23.615683751108,78.5122161731903,1
1.54,-1138.040256,14.4151910923223,48.3989890081005,1
1.55,-1137.63792,32.8381017563532,109.093316091854,1
1.56,-1137.235584,26.0543618424443,86.5864603596848,1
1.57,-1136.833248,12.4477054721818,42.1489809363779,1
1.58,-1136.430912,11.5186471623399,39.2468478154453,1
1.59,-1136.028576,24.9381247235392,82.8888597579116,1
1.6,-1135.62624,23.095376518105,76.7917426861417,1
1.61,-1135.223904,24.3999904096136,81.1073000002624,1
1.62,-1134.821568,28.1565638032056,93.5561190750484,1
1.63,-1134.419232,27.4001358494057,91.0475091390997,1
1.64,-1134.016896,36.8195044357727,122.314746623485,1
1.65,-1133.61456,9.33402547107351,32.5977354028966,1
1.66,-1133.212224,25.478555096435,84.6787321781513,1
1.67,-1132.809888,37.6068883961822,124.929882050665,1
1.68,-1132.407552,27.9521507798109,92.8781349744313,1
1.69,-1132.005216,33.5652622925107,111.507734592011,1
1.7,-1131.60288,24.0692806746011,80.0128350171684,1
1.71,-1131.200544,25.655070196416,85.2634796543084,1
1.72,-1130.798208,32.37062472259,107.5412434815,1
1.73,-1130.395872,35.2834268352665,117.213280228817,1
1.74,-1129.993536,44.2495736953567,146.994444307189,1
1.75,-1129.5912,28.8140269804827,95.7370704067151,1
1.76,-1129.188864,20.5956772151792,68.5425922696222,1
1.77,-1128.786528,37.7992061390999,125.568639354688,1
1.78,-1128.384192,25.9827660728465,86.3492177524979,1
1.79,-1127.981856,20.4800795256419,68.161948188475,1
1.8,-1127.57952,30.4395728797594,101.131104645998,1
1.81,-1127.177184,31.1400012131461,103.455936843371,1
1.82,-1126.774848,31.0683852547097,103.218218131468,1
1.83,-1126.372512,29.0540455150272,96.5333767576394,1
1.84,-1125.970176,0.842129255255384,11.4664472804822,1
1.85,-1125.56784,27.5430140991745,91.5212923217087,1
1.86,-1125.165504,25.4409414990322,84.55413694014,1
1.87,-1124.763168,22.4657061986748,74.7110015916352,1
1.88,-1124.360832,26.3094990683153,87.4319708919681,1
1.89,-1123.958496,31.7197958054141,105.380587041639,1
1.9,-1123.55616,30.9638204898607,102.871136184652,1
1.91,-1123.153824,22.4266419829743,74.5819677382129,1
1.92,-1122.751488,27.8559569741519,92.5591030059141,1
1.93,-1122.349152,34.0202763280315,113.018627317385,1
1.94,-1121.946816,23.861115539621,79.3240896746396,1
1.95,-1121.54448,35.8268230430395,119.01790083441,1
1.96,-1121.142144,29.1641193604951,96.8985857788401,1
1.97,-1120.739808,34.9772924867816,116.196635984847,1
1.98,-1120.337472,24.7375051103308,82.2245965342074,1
1.99,-1119.935136,19.2649554075243,64.1666677832616,1
2,-1119.5328,22.0215771317158,73.2443893870992,1
2.01,-1119.130464,25.7179642270881,85.471846526414,1
2.02,-1118.728128,36.9191888007851,122.645822838858,1
2.03,-1118.325792,31.2350258097242,103.771361752475,1
2.04,-1117.923456,22.324845879341,74.2457539897108,1
2.05,-1117.52112,17.2227915135067,57.4837765774921,1
2.06,-1117.118784,26.9454191005769,89.5398649319598,1
2.07,-1116.716448,37.6848606984289,125.188855899907,1
2.08,-1116.314112,16.5224278915973,55.2041070661657,1
2.09,-1115.911776,22.4620961838044,74.6990769984357,1
2.1,-1115.50944,40.1978711476118,133.53581589266,1
2.11,-1115.107104,31.2543052569271,103.835358639874,1
2.12,-1114.704768,40.1594734495549,133.408273740889,1
2.13,-1114.302432,22.7742000268684,75.7302194028251,1
2.14,-1113.900096,37.6864887804597,125.194263349995,1
2.15,-1113.49776,9.27838303651015,32.4323040800066,1
2.16,-1113.095424,17.2441025678824,57.5532566087058,1
2.17,-1112.693088,28.9052395868545,96.0396786439689,1
2.18,-1112.290752,27.3280933502459,90.8086274420665,1
2.19,-1111.888416,26.2804976294987,87.3358557734581,1
2.2,-1111.48608,25.0519629184288,83.2658285805681,1
2.21,-1111.083744,16.3699907110491,54.7089456997003,1
2.22,-1110.681408,22.6975329388378,75.476886157215,1
2.23,-1110.279072,33.1431466881835,110.106144602856,1
2.24,-1109.876736,18.6662213432227,62.2026576344624,1
2.25,-1109.4744,21.409983976948,71.2263262839562,1
2.26,-1109.072064,32.9393466093107,109.429471360195,1
2.27,-1108.669728,20.4970798899816,68.217921995448,1
2.28,-1108.267392,32.9559433696443,109.48457665159,1
2.29,-1107.865056,25.5835185443825,85.0264401853755,1
2.3,-1107.46272,27.13597384395,90.1716252171828,1
2.31,-1107.060384,30.7064564288061,102.016896182849,1
2.32,-1106.658048,58.7436218283503,195.142107013945,1
2.33,-1106.255712,38.198576821922,126.895109687103,1
2.34,-1105.853376,35.39726741309,117.591339897892,1
2.35,-1105.45104,24.6028760380976,81.7788891525048,1
2.36,-1105.048704,34.5855394868178,114.895693464484,1
2.37,-1104.646368,18.6638936156812,62.1950288319921,1
2.38,-1104.244032,37.3416497122956,124.048935827059,1
2.39,-1103.841696,34.0811754007348,113.220850085814,1
2.4,-1103.43936,32.1587948893484,106.837977540886,1
2.41,-1103.037024,29.2139166051905,97.063809498408,1
2.42,-1102.634688,21.988464813406,73.1350815372733,1
2.43,-1102.232352,41.2809680877164,137.133481816398,1
2.44,-1101.830016,31.7982139879511,105.640912976129,1
2.45,-1101.42768,38.1707299992093,126.802618593054,1
2.46,-1101.025344,24.581484068454,81.7080725575515,1
2.47,-1100.623008,27.7880046657381,92.3337424445417,1
2.48,-1100.220672,26.6969464625653,88.7161694977445,1
2.49,-1099.818336,32.3666749482508,107.528130215719,1
2.5,-1099.416,19.7338328391857,65.7069520028036,1
2.51,-1099.013664,16.8066760308235,56.1284318663196,1
2.52,-1098.611328,29.1487684579352,96.8476530362236,1
2.53,-1098.208992,26.4659003183096,87.9503336657644,1
2.54,-1097.806656,41.320056644243,137.263321566462,1
2.55,-1097.40432,30.4891562818737,101.295669264931,1
2.56,-1097.001984,29.4523073102277,97.8548038847521,1
2.57,-1096.599648,27.9062613851348,92.7259388849197,1
2.58,-1096.197312,36.4834462909072,121.198626993992,1
2.59,-1095.794976,30.6541840064263,101.843399295726,1
2.6,-1095.39264,25.8556303759561,85.9279601701379,1
2.61,-1094.990304,36.1787471168902,120.18667382807,1
2.62,-1094.587968,24.5038494883387,81.4510790097038,1
2.63,-1094.185632,33.5217785260703,111.363348498694,1
2.64,-1093.783296,28.1623650520021,93.5753610094581,1
2.65,-1093.38096,36.238641901789,120.385592374584,1
2.66,-1092.978624,48.5734790578105,161.357805114374,1
2.67,-1092.576288,31.0475202738006,103.148960449343,1
2.68,-1092.173952,31.5386292118903,104.779177958815,1
2.69,-1091.771616,41.9133396903522,139.234029263478,1
2.7,-1091.36928,37.1642745109731,123.459819063419,1
2.71,-1090.966944,39.2183691514098,130.282329396445,1
2.72,-1090.564608,39.9498992467918,132.712152056543,1
2.73,-1090.162272,29.2232544863288,97.0947921777945,1
2.74,-1089.759936,41.8423821081178,138.998328573569,1
2.75,-1089.3576,35.052811439596,116.447425482689,1
2.76,-1088.955264,41.1427932782102,136.674509757634,1
2.77,-1088.552928,35.3389554624243,117.397688052525,1
2.78,-1088.150592,34.6581986330267,115.136978680406,1
2.79,-1087.748256,38.4105411053282,127.599135761109,1
2.8,-1087.34592,37.0496539723537,123.079131987207,1
2.81,-1086.943584,39.8901827449389,132.513798335417,1
2.82,-1086.541248,39.5225454892424,131.292664501244,1
2.83,-1086.138912,27.3835222880015,90.9924205163708,1
2.84,-1085.736576,30.8581589475151,102.520420497543,1
2.85,-1085.33424,24.5843662958211,81.7176138959541,1
2.86,-1084.931904,35.1883908682561,116.897672109172,1
2.87,-1084.529568,30.3884259665857,100.961352596516,1
2.88,-1084.127232,38.4708825517143,127.79955700753,1
2.89,-1083.724896,34.5964816023472,114.932029760237,1
2.9,-1083.32256,37.5723693247883,124.81523214915,1
2.91,-1082.920224,26.014813188224,86.4554091497479,1
2.92,-1082.517888,29.76916912067,98.9062457445047,1
2.93,-1082.115552,25.9137415988012,86.1205048060853,1
2.94,-1081.713216,15.0694571242701,50.5017901421188,1
2.95,-1081.31088,35.9209715971836,119.330574705867,1
2.96,-1080.908544,38.7897891286892,128.858796494631,1
2.97,-1080.506208,30.3963002437034,100.987486502543,1
2.98,-1080.103872,40.2572399765076,133.733016159816,1
2.99,-1079.701536,31.5082242373651,104.678245889891,1
3,-1079.2992,45.6625882839861,151.688226566385,1
3.01,-1078.896864,34.9879970047391,116.232184337401,1
3.02,-1078.494528,32.6253112766332,108.386818108582,1
3.03,-1078.092192,25.1803752977648,83.6910959059134,1
3.04,-1077.689856,9.35968592542,32.674101610415,1
3.05,-1077.28752,37.8057421445024,125.590347893993,1
3.06,-1076.885184,34.5239022498266,114.691010710695,1
3.07,-1076.482848,37.77965408638,125.503699645025,1
3.08,-1076.080512,42.4153330736688,140.901513826196,1
3.09,-1075.678176,34.6652788106899,115.160490484167,1
3.1,-1075.27584,30.2529582441472,100.511756173706,1
3.11,-1074.873504,37.6056964065482,124.925923033813,1
3.12,-1074.471168,22.0959831293395,73.4900316804411,1
3.13,-1074.068832,33.3406109208057,110.761795755374,1
3.14,-1073.666496,44.3061839760754,147.182492566785,1
3.15,-1073.26416,37.8245800543033,125.652915728312,1
3.16,-1072.861824,35.1699538039228,116.836444086646,1
3.17,-1072.459488,33.9795955691025,112.883542540585,1
3.18,-1072.057152,36.4754845300256,121.172184544619,1
3.19,-1071.654816,41.6624520210132,138.400653687968,1
3.2,-1071.25248,36.4154856850084,120.972917869807,1
3.21,-1070.850144,37.8064343156752,125.59264685586,1
3.22,-1070.447808,29.7496006390718,98.8413092914684,1
3.23,-1070.045472,30.5526526872015,101.506412832563,1
3.24,-1069.643136,32.9422440419285,109.439091535323,1
3.25,-1069.2408,31.5227945992701,104.726613464884,1
3.26,-1068.838464,29.4219590067834,97.7541036381364,1
3.27,-1068.436128,32.4816475743829,107.909842572313,1
3.28,-1068.033792,34.1027003726643,113.292326635506,1
3.29,-1067.631456,39.9891589708252,132.842556904462,1
3.3,-1067.22912,34.7390811739463,115.405573623824,1
3.31,-1066.826784,20.8061505436227,69.2358694606643,1
3.32,-1066.424448,24.1762289902574,80.3667399425072,1
3.33,-1066.022112,27.8715810474404,92.6109203120344,1
3.34,-1065.619776,38.9558543266769,129.410381633047,1
3.35,-1065.21744,41.5654993715221,138.078606166872,1
3.36,-1064.815104,34.6504887830958,115.111375880357,1
3.37,-1064.412768,24.783129171548,82.375651600984,1
3.38,-1064.010432,47.4248609733809,157.542239090049,1
3.39,-1063.608096,26.3036975056025,87.412743522726,1
3.4,-1063.20576,35.8545006478115,119.109819895392,1
3.41,-1062.803424,42.406093202816,140.870821401431,1
3.42,-1062.401088,29.8790769539446,99.2709718539523,1
3.43,-1061.998752,32.0022873173304,106.318392469966,1
3.44,-1061.596416,32.9906163352821,109.599699695836,1
3.45,-1061.19408,16.3280271060151,54.5727036201594,1
3.46,-1060.791744,30.4106724399232,101.035186436982,1
3.47,-1060.389408,32.8530474121578,109.14293871529,1
3.48,-1059.987072,30.4943664994483,101.312961791827,1
3.49,-1059.584736,22.325558359268,74.2481070212921,1
3.5,-1059.1824,36.4704108333546,121.155333885068,1
3.51,-1058.780064,38.6273512944661,128.31926233136,1
3.52,-1058.377728,39.4952493796569,131.201998939971,1
3.53,-1057.975392,35.9403480537669,119.394925477022,1
3.54,-1057.573056,48.9063172143111,162.463454755477,1
3.55,-1057.17072,43.2046704454296,143.523498341604,1
3.56,-1056.768384,31.2548745176999,103.837248267704,1
3.57,-1056.366048,36.5567811414026,121.442185819459,1
3.58,-1055.963712,39.5126329264863,131.259739359863,1
3.59,-1055.561376,29.8077835826107,99.0343856745677,1
3.6,-1055.15904,39.662021071696,131.755941467313,1
3.61,-1054.756704,41.9621122411134,139.396037800377,1
3.62,-1054.354368,50.6442382017687,168.236642106135,1
3.63,-1053.952032,49.961073860282,165.967240474894,1
3.64,-1053.549696,42.8797891258184,142.444319534655,1
3.65,-1053.14736,35.2552186545129,117.119602522942,1
3.66,-1052.745024,43.7285255917053,145.263629093269,1
3.67,-1052.342688,53.2483812611232,176.887362005182,1
3.68,-1051.940352,40.0196177470929,132.943728662103,1
3.69,-1051.538016,50.5756771659728,168.008889254232,1
3.7,-1051.13568,29.1172587924715,96.7431078382207,1
3.71,-1050.733344,36.0709446484385,119.828649164948,1
3.72,-1050.331008,40.3433272335077,134.01896515245,1
3.73,-1049.928672,44.1317909937515,146.603193548979,1
3.74,-1049.526336,48.5551360882308,161.296871936437,1
3.75,-1049.124,50.9495988441089,169.251019758044,1
3.76,-1048.721664,35.6857362420071,118.549345121372,1
3.77,-1048.319328,32.2545721135139,107.155951285321,1
3.78,-1047.916992,36.0800219451605,119.858795849926,1
3.79,-1047.514656,38.7249369544304,128.64339091135,1
3.8,-1047.11232,47.1076781726729,156.4886004102,1
3.81,-1046.709984,41.1673354857859,136.75603095815,1
3.82,-1046.307648,49.2675879612746,163.663555386519,1
3.83,-1045.905312,39.9477504228825,132.70501454024,1
3.84,-1045.502976,43.7974827042087,145.492690031995,1
3.85,-1045.10064,44.3137201695065,147.207526331509,1
3.86,-1044.698304,48.6491554686212,161.609193248431,1
3.87,-1044.295968,47.2956817981441,157.113123039234,1
3.88,-1043.893632,38.4243510782368,127.645004894575,1
3.89,-1043.491296,42.7896232691353,142.144810635759,1
3.9,-1043.08896,41.9638732040413,139.40188722037,1
3.91,-1042.686624,56.5266967066789,187.777654001046,1
3.92,-1042.284288,40.5911417370615,134.842113185369,1
3.93,-1041.881952,50.6274318733837,168.180813173955,1
3.94,-1041.479616,39.2760304763792,130.473853394331,1
3.95,-1041.07728,48.7490737905787,161.941110250887,1
3.96,-1040.674944,38.9994408537675,129.555154621984,1
3.97,-1040.272608,41.4650677889538,137.745003205963,1
3.98,-1039.870272,37.7902492475016,125.538890147982,1
3.99,-1039.467936,27.5728602672501,91.6202654760673,1
4,-1039.0656,40.0927637948009,133.186690588867,1
4.01,-1038.663264,51.1435552245673,169.895323843756,1
4.02,-1038.260928,48.6844386883675,161.726399974171,1
4.03,-1037.858592,44.9241491530065,149.235257461056,1
4.04,-1037.456256,58.0681533737021,192.898252619467,1
4.05,-1037.05392,43.6125259932,144.878303317632,1
4.06,-1036.651584,32.1742919445148,106.889426403066,1
4.07,-1036.249248,50.6507912911709,168.258410810394,1
4.08,-1035.846912,36.6873036414414,121.875677818212,1
4.09,-1035.444576,43.7438687003566,145.314595640876,1
4.1,-1035.04224,44.8941439804328,149.135585653829,1
4.11,-1034.639904,44.8601698527736,149.022729715874,1
4.12,-1034.237568,53.320503370917,177.126945343319,1
4.13,-1033.835232,49.9555256588366,165.94880993472,1
4.14,-1033.432896,39.6203462373218,131.617515699045,1
4.15,-1033.03056,46.6924881229833,155.109397089321,1
4.16,-1032.628224,52.6058639298499,174.752976519186,1
4.17,-1032.225888,46.4734508332059,154.381786945196,1
4.18,-1031.823552,52.6832976014971,175.010204209368,1
4.19,-1031.421216,52.0888461685484,173.035490701902,1
4.2,-1031.01888,48.9307106991175,162.544487118528,1
4.21,-1030.616544,54.2718306862443,180.287173067507,1
4.22,-1030.214208,43.7038881507508,145.181788764117,1
4.23,-1029.811872,48.9446311353923,162.590729216313,1
4.24,-1029.409536,48.2564998332887,160.30483809387,1
4.25,-1029.0072,49.4707234709562,164.338349139599,1
4.26,-1028.604864,47.2253824139162,156.879597927901,1
4.27,-1028.202528,55.7473164112577,185.188615010956,1
4.28,-1027.800192,55.5077149030607,184.392678207923,1
4.29,-1027.397856,45.4595731946581,151.01384378041,1
4.3,-1026.99552,56.5994303972471,188.019269558071,1
4.31,-1026.593184,49.8094685806557,165.463623808414,1
4.32,-1026.190848,55.4379677398284,184.16098380395,1
4.33,-1025.788512,62.4002165411481,207.289040756522,1
4.34,-1025.386176,58.4987730672934,194.328738153035,1
4.35,-1024.98384,59.4307256668121,197.424613739696,1
4.36,-1024.581504,61.0172399194039,202.694894975079,1
4.37,-1024.179168,45.0695668370304,149.7183092639,1
4.38,-1023.776832,56.889524157258,188.982938129929,1
4.39,-1023.374496,47.4249266689762,157.542457322144,1
4.4,-1022.97216,58.3384673701039,193.796214920251,1
4.41,-1022.569824,65.7903423256432,218.550790346933,1
4.42,-1022.167488,46.277082646412,153.729480978637,1
4.43,-1021.765152,56.6776809790396,188.279211800495,1
4.44,-1021.362816,57.6367098167264,191.465030497172,1
4.45,-1020.96048,56.9244849219376,189.099075039597,1
4.46,-1020.558144,53.4729044184462,177.633208348852,1
4.47,-1020.155808,57.5961860055948,191.330413543516,1
4.48,-1019.753472,50.5746790107999,168.005573483565,1
4.49,-1019.351136,58.617244420853,194.722290922315,1
4.5,-1018.9488,27.2308327703147,90.4861381511767,1
4.51,-1018.546464,53.9600878356321,179.251589748648,1
4.52,-1018.144128,55.1910929834959,183.340886027491,1
4.53,-1017.741792,49.3177442278785,163.830168936828,1
4.54,-1017.339456,50.387764896193,167.384663793193,1
4.55,-1016.93712,63.5275325301853,211.033901514449,1
4.56,-1016.534784,57.3164918971586,190.401291495948,1
4.57,-1016.132448,58.6268578583948,194.754226026714,1
4.58,-1015.730112,50.1507245563561,166.597240230475,1
4.59,-1015.327776,60.944045411818,202.451748277942,1
4.6,-1014.92544,54.6209247161628,181.446834166378,1
4.61,-1014.523104,62.0506076717126,206.127665926825,1
4.62,-1014.120768,58.2001190778629,193.336632526001,1
4.63,-1013.718432,56.8297387382254,188.784335676064,1
4.64,-1013.316096,65.9821955874531,219.188112923086,1
4.65,-1012.91376,53.0608913838231,176.264537126835,1
4.66,-1012.511424,55.0548201052232,182.888198716205,1
4.67,-1012.109088,50.0208312550605,166.165748254252,1
4.68,-1011.706752,63.8463511912063,212.09299372842,1
4.69,-1011.304416,60.7838441324068,201.919571583229,1
4.7,-1010.90208,62.5273114724691,207.711240740177,1
4.71,-1010.499744,68.0477295843304,226.049666961011,1
4.72,-1010.097408,57.6386353824799,191.471427077127,1
4.73,-1009.695072,68.3240259889436,226.967503610616,1
4.74,-1009.292736,66.0427721028329,219.389343701014,1
4.75,-1008.8904,72.4518486867185,240.67983249927,1
4.76,-1008.488064,71.7798288448184,238.447431043425,1
4.77,-1008.085728,63.566382782613,211.162959202454,1
4.78,-1007.683392,64.8207119055286,215.329748764058,1
4.79,-1007.281056,61.4558685190293,204.151986546877,1
4.8,-1006.87872,72.0673991335575,239.402718803487,1
4.81,-1006.476384,77.1188060513671,256.183128746293,1
4.82,-1006.074048,85.1573647392633,282.886642457928,1
4.83,-1005.671712,83.1378757459248,276.178045259689,1
4.84,-1005.269376,70.6707283305573,234.763079163667,1
4.85,-1004.86704,88.5999303514437,294.32259785944,1
4.86,-1004.464704,75.641608329569,251.275984246024,1
4.87,-1004.062368,88.6954084157457,294.639769123257,1
4.88,-1003.660032,79.1626150913363,262.972515311614,1
4.89,-1003.257696,85.2519939249987,283.20099380767,1
4.9,-1002.85536,85.2168034192086,283.084093478163,1
4.91,-1002.453024,70.6567246112857,234.716559819179,1
4.92,-1002.050688,89.7035644518185,297.988790979481,1
4.93,-1001.648352,79.0615490167031,262.636781082969,1
4.94,-1001.246016,105.061975025432,349.008326541787,1
4.95,-1000.84368,90.2042280041868,299.651959298498,1
4.96,-1000.441344,84.8703787366689,281.933295596076,1
4.97,-1000.039008,103.640913838161,344.287663459411,1
4.98,-999.636672,106.55014058938,353.95190553838,1
4.99,-999.234336,98.4967113969128,327.198992845456,1
5,-998.832,90.5920651683594,300.940326469228,1
5.01,-998.429664,95.9233735922035,318.650549696006,1
5.02,-998.027328,81.9019869340071,272.072511516282,1
5.03,-997.624992,80.3687870451969,266.979331769983,1
5.04,-997.222656,83.0296663020206,275.818581269619,1
5.05,-996.82032,83.7064895608331,278.066939457978,1
5.06,-996.417984,86.4140845578736,287.061375319716,1
5.07,-996.015648,77.3079365532017,256.811406662002,1
5.08,-995.613312,67.1307713347525,223.003598121543,1
5.09,-995.210976,53.7718019682122,178.626120204095,1
5.1,-994.80864,75.197180602746,249.799627336551,1
5.11,-994.406304,70.2217943438178,233.271752874997,1
5.12,-994.003968,71.6034859241156,237.861632580492,1
5.13,-993.601632,60.3186651548603,200.3742818303,1
5.14,-993.199296,65.2532066276721,216.766464681771,1
5.15,-992.79696,62.8529125894753,208.79286365616,1
5.16,-992.394624,55.5011730902563,184.370946837361,1
5.17,-991.992288,59.0467901476773,196.149209072302,1
5.18,-991.589952,66.1955075628337,219.896719792672,1
5.19,-991.187616,47.7166124670723,158.511399614532,1
5.2,-990.78528,60.6103068129076,201.343093577099,1
5.21,-990.382944,61.4050139663832,203.983051501218,1
5.22,-989.980608,66.8910103986018,222.207129690226,1
5.23,-989.578272,53.2720737219341,176.966066284872,1
5.24,-989.175936,61.388143529361,203.927009163132,1
5.25,-988.7736,62.673134452159,208.195653927085,1
5.26,-988.371264,54.6005385904014,181.3791131567,1
5.27,-987.968928,40.9096335390773,135.900031025785,1
5.28,-987.566592,61.6430992941743,204.773953283695,1
5.29,-987.164256,48.9123699867727,162.483561371902,1
5.3,-986.76192,43.7790199570552,145.431360677078,1
5.31,-986.359584,48.4278263124109,160.873964001064,1
5.32,-985.957248,48.9052216620293,162.459815456394,1
5.33,-985.554912,47.4947205948615,157.774303564159,1
5.34,-985.152576,41.4222804667092,137.602876991246,1
5.35,-984.75024,41.5802268051669,138.127526236805,1
5.36,-984.347904,42.590504691649,141.483388643934,1
5.37,-983.945568,34.204708421004,113.631059871254,1
5.38,-983.543232,31.0078923640092,103.01742320213,1
5.39,-983.140896,35.744658320349,118.745027543799,1
5.4,-982.73856,41.8381788495639,138.984366564833,1
5.41,-982.336224,32.1992283438233,106.972213292104,1
5.42,-981.933888,33.0825089635931,109.904808761922,1
5.43,-981.531552,44.5769026928292,148.081768332655,1
5.44,-981.129216,42.0342506187899,139.635661178181,1
5.45,-980.72688,44.4373603045072,147.618234972966,1
5.46,-980.324544,49.7055409109671,165.118387213344,1
5.47,-979.922208,41.8442087110678,139.004396020331,1
5.48,-979.519872,44.4878734840785,147.786030118247,1
5.49,-979.117536,41.3056385983915,137.215429394685,1
5.5,-978.7152,45.0838933458482,149.765899417465,1
5.51,-978.312864,37.583068319372,124.85076723279,1
5.52,-977.910528,40.288101154098,133.835525145588,1
5.53,-977.508192,40.5295702413031,134.637595080044,1
5.54,-977.105856,29.2902751179809,97.3171660139595,1
5.55,-976.70352,31.5067901951832,104.673485469177,1
5.56,-976.301184,35.7443711972486,118.744073995539,1
5.57,-975.898848,45.035608633227,149.605506076859,1
5.58,-975.496512,36.9084445786927,122.610138568284,1
5.59,-975.094176,31.1354782186191,103.440923334138,1
5.6,-974.69184,31.3173937691605,104.0447783881,1
5.61,-974.289504,50.3988150883722,167.421371401751,1
5.62,-973.887168,42.7872992346031,142.137090766375,1
5.63,-973.484832,28.0370652064453,93.1597676745617,1
5.64,-973.082496,36.8471637899756,122.406609963045,1
5.65,-972.68016,43.4946320725406,144.48668546935,1
5.66,-972.277824,23.3781195870888,77.7265574495397,1
5.67,-971.875488,34.098577294971,113.278635393607,1
5.68,-971.473152,48.025126636162,159.536244764081,1
5.69,-971.070816,55.4411504435186,184.17155648654,1
5.7,-970.66848,44.7490390728442,148.653573467112,1
5.71,-970.266144,38.2553727100312,127.083753167733,1
5.72,-969.863808,44.198720501978,146.825520042138,1
5.73,-969.461472,27.900546961909,92.7069866946323,1
5.74,-969.059136,42.9930658440385,142.820597510209,1
5.75,-968.6568,41.635832103809,138.312230285707,1
5.76,-968.254464,49.1548864133108,163.289173437557,1
5.77,-967.852128,38.4686581930019,127.792168898718,1
5.78,-967.449792,39.172180572348,130.128912722904,1
5.79,-967.047456,40.5700341094254,134.77200129796,1
5.8,-966.64512,47.8148459531391,158.837718733187,1
5.81,-966.242784,50.1174107489429,166.486575230694,1
5.82,-965.840448,42.2202636682793,140.253545290341,1
5.83,-965.438112,33.8695569450396,112.518150161425,1
5.84,-965.035776,47.1248448560413,156.545625790226,1
5.85,-964.63344,41.365523350754,137.414347610204,1
5.86,-964.231104,47.1506660740112,156.631400361648,1
5.87,-963.828768,28.1533227645524,93.5453690182437,1
5.88,-963.426432,34.95088202298,116.108930288463,1
5.89,-963.024096,42.8345669349084,142.294102448587,1
5.9,-962.62176,36.6264486501668,121.67356555538,1
5.91,-962.219424,37.9254370326081,125.987900715144,1
5.92,-961.817088,40.928728217613,135.963457042131,1
5.93,-961.414752,38.2402478622428,127.033517031238,1
5.94,-961.012416,36.0540420290528,119.772513777865,1
5.95,-960.61008,42.0751826748869,139.771626053882,1
5.96,-960.207744,38.0637040681105,126.447140986171,1
5.97,-959.805408,37.9005991553453,125.905404412155,1
5.98,-959.403072,27.6945761503189,92.0239008518471,1
5.99,-959.000736,37.3072843651291,123.934797748976,1
6,-958.5984,29.4712770723923,97.9177488211231,1
6.01,-958.196064,35.5000561361093,117.932699290277,1
6.02,-957.793728,29.9087467711007,99.369431958063,1
6.03,-957.391392,41.1645868186811,136.746900781715,1
6.04,-956.989056,40.5158408801901,134.591991172898,1
6.05,-956.58672,33.1447791354629,110.111564847354,1
6.06,-956.184384,33.8319298628726,112.393207180087,1
6.07,-955.782048,28.2727000959252,93.9413343854978,1
6.08,-955.379712,37.0048020053445,122.930166514777,1
6.09,-954.977376,21.3114269786806,70.9013030585485,1
6.1,-954.57504,34.0280893107334,113.044571213027,1
6.11,-954.172704,34.0474754054675,113.108945020066,1
6.12,-953.770368,28.7996322003325,95.6893148373224,1
6.13,-953.368032,36.6150191259313,121.635605762858,1
6.14,-952.965696,30.2843320171509,100.615879713629,1
6.15,-952.56336,43.4425619202363,144.313719949706,1
6.16,-952.161024,23.7635109397324,79.0011964720627,1
6.17,-951.758688,24.3110559017329,80.8129457158113,1
6.18,-951.356352,20.8681372487383,69.4401005701467,1
6.19,-950.954016,25.6378944236042,85.2065780238352,1
6.2,-950.55168,19.6209635845302,65.3360040830156,1
6.21,-950.149344,35.2854500475204,117.219999204417,1
6.22,-949.747008,34.8576438184981,115.799299775569,1
6.23,-949.344672,32.0457292174644,106.462612842889,1
6.24,-948.942336,21.4871112663807,71.4807151713946,1
6.25,-948.54,20.2651129680005,67.454339707935,1
6.26,-948.137664,25.1662249475346,83.6442318599213,1
6.27,-947.735328,30.4281907090315,101.093328078186,1
6.28,-947.332992,13.2751791474531,44.7623782064638,1
6.29,-946.930656,17.3656723050083,57.9497279634397,1
6.3,-946.52832,9.85462317354025,34.1559618102608,1
6.31,-946.125984,9.81380013358214,34.0331135050142,1
6.32,-945.723648,29.4652607525446,97.8977856025497,1
6.33,-945.321312,23.7958656754223,79.1082283019383,1
6.34,-944.918976,26.1850210639713,87.0194428210819,1
6.35,-944.51664,18.3604803876897,61.2011147418953,1
6.36,-944.114304,20.2803038145218,67.5043331008672,1
6.37,-943.711968,24.1673384331108,80.337318736369,1
6.38,-943.309632,21.9513115114982,73.012440140985,1
6.39,-942.907296,24.4097754321793,81.139687681185,1
6.4,-942.50496,21.3302655439846,70.9634251056466,1
6.41,-942.102624,24.2633350004278,80.6550088397479,1
6.42,-941.700288,31.2780073122964,103.914036382534,1
6.43,-941.297952,22.6162221641592,75.2082347716119,1
6.44,-940.895616,13.6218125623564,45.8640600191213,1
6.45,-940.49328,21.359027325503,71.0582737430452,1
6.46,-940.090944,30.8993682386765,102.65720307316,1
6.47,-939.688608,15.2027383981553,50.9313749116239,1
6.48,-939.286272,29.8203601463874,99.076120554687,1
6.49,-938.883936,18.6736860261145,62.2271224616587,1
6.5,-938.4816,21.320191416348,70.9302044199748,1
6.51,-938.079264,15.9848851492095,53.4597835108537,1
6.52,-937.676928,17.2698997308252,57.6373710579042,1
6.53,-937.274592,13.2750366358736,44.7619260631383,1
6.54,-936.872256,30.144414957947,100.151527310652,1
6.55,-936.46992,23.7945579977376,79.103902344185,1
6.56,-936.067584,22.8195780216992,75.8801742967935,1
6.57,-935.665248,27.7126324335301,92.0837809196776,1
6.58,-935.262912,20.7680760535287,69.110435163066,1
6.59,-934.860576,25.4550043284864,84.6007197778153,1
6.6,-934.45824,22.7574159786597,75.6747573712242,1
6.61,-934.055904,13.256203230641,44.7021796091068,1
6.62,-933.653568,11.6877969785124,39.7724158820397,1
6.63,-933.251232,16.3737063020106,54.721010441045,1
6.64,-932.848896,26.1245208109134,86.818951315157,1
6.65,-932.44656,30.3138960899008,100.713997849466,1
6.66,-932.044224,29.6391400960385,98.4747605942315,1
6.67,-931.641888,31.1803213298205,103.589774909209,1
6.68,-931.239552,19.2230032358199,64.0289448030912,1
6.69,-930.837216,20.8888442344004,69.508330341122,1
6.7,-930.43488,32.0299145865525,106.410110615595,1
6.71,-930.032544,9.75726150756395,33.8631528181602,1
6.72,-929.630208,32.5152069968449,108.021261882106,1
6.73,-929.227872,14.2940261653292,48.0107330906589,1
6.74,-928.825536,21.8309277836891,72.6151047981585,1
6.75,-928.4232,12.0964374445024,41.0473943248528,1
6.76,-928.020864,6.79367751194629,25.3090426321127,1
6.77,-927.618528,11.0590251781631,37.825682697712,1
6.78,-927.216192,14.8220414490242,49.7053970215302,1
6.79,-926.813856,29.2694044087197,97.2479167579248,1
6.8,-926.41152,24.9307420398265,82.8644134953128,1
6.81,-926.009184,23.7224906926894,78.8655032993637,1
6.82,-925.606848,21.5344448405427,71.6368512766894,1
6.83,-925.204512,19.453414906835,64.7855434026759,1
6.84,-924.802176,13.9463417462093,46.8988189920874,1
6.85,-924.39984,12.0568675981925,40.9236192148459,1
6.86,-923.997504,16.7454339660226,55.9291762208999,1
6.87,-923.595168,16.1741078551865,54.0732368404959,1
6.88,-923.192832,27.4223216549054,91.121075266878,1
6.89,-922.790496,18.6678598610738,62.2080276811575,1
6.9,-922.38816,25.7909284115138,85.7135857496268,1
6.91,-921.985824,14.0507167661241,47.2322657569563,1
6.92,-921.583488,7.08508069533283,26.1141456161922,1
6.93,-921.181152,15.512760189925,51.9320959167582,1
6.94,-920.778816,27.6366671186856,91.8318599392832,1
6.95,-920.37648,12.9771896975873,43.8184410009055,1
6.96,-919.974144,11.3746691309217,38.8005503210303,1
6.97,-919.571808,18.2713040567807,60.9091797194462,1
6.98,-919.169472,7.52283067765452,27.3401655650542,1
6.99,-918.767136,18.328167263894,61.0953217752797,1
7,-918.3648,27.145012078005,90.201591693097,1
7.01,-917.962464,9.33022988575518,32.5864436309151,1
7.02,-917.560128,25.5086461432621,84.7784111237483,1
7.03,-917.157792,7.5893515213375,27.5281439486634,1
7.04,-916.755456,21.3092582610835,70.8941516228564,1
7.05,-916.35312,18.0946477878126,60.3311244678544,1
7.06,-915.950784,27.3592722320723,90.9120108628407,1
7.07,-915.548448,8.49649156906442,30.1323731424203,1
7.08,-915.146112,22.0177566315065,73.2317771782279,1
7.09,-914.743776,18.4847068267088,61.6079360020855,1
7.1,-914.34144,20.5704118781068,68.4593901326057,1
7.11,-913.939104,1.94608779461716,13.5915024280928,1
7.12,-913.536768,23.5563333987467,78.3159182135307,1
7.13,-913.134432,15.751409663687,52.7037724977419,1
7.14,-912.732096,16.6591482220644,55.6485380516336,1
7.15,-912.32976,12.1123353806186,41.0971418151317,1
7.16,-911.927424,13.0403277641117,44.0181900413451,1
7.17,-911.525088,7.51215692072627,27.3100431810019,1
7.18,-911.122752,2.80764240047561,15.4043241819199,1
7.19,-910.720416,12.5585431191629,42.4975857623976,1
7.2,-910.31808,1.13945966660059,12.016387699152,1
7.21,-909.915744,12.4964757826673,42.3023142066065,1
7.22,-909.513408,11.503251616423,39.1990782324602,1
7.23,-909.111072,0.392893742594647,10.6673366639037,1
7.24,-908.708736,7.23298327071423,26.5262043946517,1
7.25,-908.3064,17.758260596983,59.2314018014689,1
7.26,-907.904064,11.8838702628641,40.3832640251174,1
7.27,-907.501728,19.99855378818,66.5773581901365,1
7.28,-907.099392,24.2481877757071,80.6048790053752,1
7.29,-906.697056,12.6293242021123,42.7204508424037,1
7.3,-906.29472,19.4225215391992,64.6840727570864,1
7.31,-905.892384,6.32007110462136,24.0205506766525,2
7.32,-905.490048,18.9611188254619,63.1695770657911,1
7.33,-905.087712,18.786741330084,62.5977193597376,1
7.34,-904.685376,7.16289527721305,26.3306560486217,1
7.35,-904.28304,9.07980423751652,31.8437461282011,1
7.36,-903.880704,23.2645680260205,77.3510949383455,1
7.37,-903.478368,8.90843177693701,31.338193863274,1
7.38,-903.076032,15.5400724272657,52.020352866653,1
7.39,-902.673696,13.2601090381174,44.7145693007567,1
7.4,-902.27136,1.41748336907552,12.5456530395493,1
7.41,-901.869024,10.7142209555995,36.7666352852809,1
7.42,-901.466688,13.2835569388456,44.7889594100273,1
7.43,-901.064352,21.3794613572948,71.1256624692357,1
7.44,-900.662016,7.96210318791431,28.5892693926443,1
7.45,-900.25968,13.3978362964614,45.1517749013682,1
7.46,-899.857344,10.7672469852555,36.9290861409546,1
7.47,-899.455008,15.3624781143072,51.4467472057116,1
7.48,-899.052672,28.4329804762274,94.4729973626957,1
7.49,-898.650336,18.0729252885923,60.2600685309387,1
7.5,-898.248,1.21168768946533,12.1524941773264,2
7.51,-897.845664,16.1967539016009,54.1466972621403,1
7.52,-897.443328,6.89446344904739,25.5864682088781,2
7.53,-897.040992,18.1633127516186,60.5557683240284,1
7.54,-896.638656,20.605321024139,68.5743517279616,1
7.55,-896.23632,9.95593868394534,34.4613154249967,1
7.56,-895.833984,14.9582183209426,50.1435554635067,1
7.57,-895.431648,17.2592334548288,57.6025913894025,1
7.58,-895.029312,15.1154954265421,50.6501338443516,1
7.59,-894.626976,19.2000500135168,63.9535993012156,1
7.6,-894.22464,18.8915581021855,62.9414228003092,1
7.61,-893.822304,12.1480058583439,41.2087994681029,1
7.62,-893.419968,17.422457645483,58.1349889521596,1
7.63,-893.017632,17.8365702288863,59.4872914725565,1
7.64,-892.615296,16.132574919859,53.9385336352707,1
7.65,-892.21296,9.06873446605571,31.8110229031003,1
7.66,-891.810624,7.40537084473525,27.0092993354243,1
7.67,-891.408288,14.3774230225825,48.2779254986485,1
7.68,-891.005952,11.8663988490131,40.3287642521815,1
7.69,-890.603616,19.0439602590051,63.4413508713462,1
7.7,-890.20128,20.6225340971395,68.6310401636541,1
7.71,-889.798944,2.66067071371947,15.0858096713779,1
7.72,-889.396608,16.7795144884704,56.0400526207708,1
7.73,-888.994272,5.72498732815522,22.439098199355,1
7.74,-888.591936,15.585732851766,52.1679339069136,1
7.75,-888.1896,14.9982875059067,50.2725623652831,1
7.76,-887.787264,11.1643845522521,38.1505301169978,1
7.77,-887.384928,5.66332501528568,22.2777472779598,1
7.78,-886.982592,20.1087329911215,66.9397857017715,1
7.79,-886.580256,12.2660824697302,41.5787832747872,1
7.8,-886.17792,8.87796104733587,31.2485400632804,1
7.81,-885.775584,12.9760776057736,43.8149239337291,1
7.82,-885.373248,24.8638633694353,82.6429644086263,1
7.83,-884.970912,1.76935121533981,13.2361069871476,1
7.84,-884.568576,12.8466542667112,43.4059114508643,1
7.85,-884.16624,15.7676120930852,52.7562038013339,1
7.86,-883.763904,14.3493014077168,48.1878072376503,1
7.87,-883.361568,17.7500464522315,59.2045651081156,1
7.88,-882.959232,13.1887592456876,44.4883188054801,1
7.89,-882.556896,19.5048307375602,64.9544389139439,1
7.9,-882.15456,14.7757068460571,49.5564114781575,1
7.91,-881.752224,14.7470360447756,49.4642482209637,1
7.92,-881.349888,7.03037188324709,25.9623034655104,2
7.93,-880.947552,17.108803328337,57.1122514574101,1
7.94,-880.545216,6.9557291934492,25.7556458126122,1
7.95,-880.14288,9.27886755953214,32.4337436602283,1
7.96,-879.740544,12.5057011883467,42.3313291209937,1
7.97,-879.338208,13.3048040581629,44.8563829453991,1
7.98,-878.935872,20.3526771521705,67.7425374719216,1
7.99,-878.533536,5.37072887302931,21.5188390327592,1
8,-878.1312,11.6756967158275,39.7347752195502,1
8.01,-877.728864,19.6642752442275,65.4783368882489,1
8.02,-877.326528,12.0408288216017,40.8734684607895,1
8.03,-876.924192,20.7945227419121,69.1975613478795,1
8.04,-876.521856,12.9026548810339,43.5828155752336,1
8.05,-876.11952,9.25631337314812,32.3667502760549,1
8.06,-875.717184,12.3103093225289,41.7175105664973,1
8.07,-875.314848,20.1533402003687,67.0865436764124,1
8.08,-874.912512,23.986915967417,79.7403033694546,1
8.09,-874.510176,18.0996043539452,60.3473385317777,1
8.1,-874.10784,15.4800922924451,51.8265525810935,1
8.11,-873.705504,35.4238648588229,117.679669287513,1
8.12,-873.303168,16.9672347904298,56.6510924746974,1
8.13,-872.900832,34.2333614007121,113.726206993758,1
8.14,-872.498496,28.9993055761421,96.3517618577953,1
8.15,-872.09616,28.0054402989586,93.0548774345467,1
8.16,-871.693824,22.0984631390426,73.4982195759035,1
8.17,-871.291488,18.3115471377313,61.0409120196887,1
8.18,-870.889152,29.4265800860755,97.7694370242896,1
8.19,-870.486816,31.3374410305048,104.111324927564,1
8.2,-870.08448,17.5539200768997,58.564046788984,1
8.21,-869.682144,37.6733750113665,125.150707783073,1
8.22,-869.279808,34.8363221470914,115.728493910064,1
8.23,-868.877472,17.325920213892,57.8200635213546,1
8.24,-868.475136,29.9961287595779,99.6594154588968,1
8.25,-868.0728,38.2731877310718,127.142924562261,1
8.26,-867.670464,31.873224106669,105.889928019851,1
8.27,-867.268128,38.9992433245676,129.554498526796,1
8.28,-866.865792,28.7458894274031,95.5110217264229,1
8.29,-866.463456,26.0370763191469,86.5291814656886,1
8.3,-866.06112,23.6031541079073,78.4707741087464,1
8.31,-865.658784,30.1642609389929,100.217390668771,1
8.32,-865.256448,17.8542498142048,59.5450728257212,1
8.33,-864.854112,22.8189419876736,75.8780724194924,1
8.34,-864.451776,20.462015697746,68.1024750517866,1
8.35,-864.04944,28.8900601142854,95.989318439237,1
8.36,-863.647104,28.7257679257715,95.4442688522503,1
8.37,-863.244768,34.0766084054328,113.205684784544,1
8.38,-862.842432,39.4976425826133,131.209948095469,1
8.39,-862.440096,20.9845068775764,69.8235738649679,1
8.4,-862.03776,26.1240334053601,86.8173361316599,1
8.41,-861.635424,25.8279420571611,85.836220555643,1
8.42,-861.233088,38.5330018505544,128.005883719942,1
8.43,-860.830752,20.0561416857292,66.7667787165741,1
8.44,-860.428416,29.2727848725397,97.2591331495485,1
8.45,-860.02608,16.9140661672445,56.4779718906663,1
8.46,-859.623744,17.5836928549751,58.6612484658913,1
8.47,-859.221408,24.2454370951838,80.5957756812831,1
8.48,-858.819072,16.1982546365737,54.1515657419795,1
8.49,-858.416736,24.7428492845854,82.2422900952881,1
8.5,-858.0144,24.2825593222937,80.7186327919948,1
8.51,-857.612064,32.9318550163116,109.404597479645,1
8.52,-857.209728,23.5440630106834,78.2753360573774,1
8.53,-856.807392,7.78156262474934,28.073691933322,1
8.54,-856.405056,26.6742199664153,88.6408353090551,1
8.55,-856.00272,27.3047712623402,90.7312965961581,1
8.56,-855.600384,30.5811457344002,101.60098169021,1
8.57,-855.198048,32.0226351321313,106.385943947603,1
8.58,-854.795712,29.923786201566,99.4193409840054,1
8.59,-854.393376,17.9613465442986,59.8951725566362,1
8.6,-853.99104,29.1784040609631,96.9459811665248,1
8.61,-853.588704,27.7967670206951,92.3628020460818,1
8.62,-853.186368,18.5234210242598,61.7347521269195,1
8.63,-852.784032,29.4639744721484,97.8935174996289,1
8.64,-852.381696,19.4797063108313,64.8719050711857,1
8.65,-851.97936,29.5656674345782,98.2309568766399,1
8.66,-851.577024,14.7880470384704,49.5960854861078,1
8.67,-851.174688,12.9457561682505,43.7190469766218,1
8.68,-850.772352,29.7217596577924,98.7489217388037,1
8.69,-850.370016,14.5223734410192,48.7427554864738,1
8.7,-849.96768,15.0221783624914,50.3494988506272,1
8.71,-849.565344,22.5148549976444,74.8733553352218,1
8.72,-849.163008,11.2599395503475,38.4456332992269,1
8.73,-848.760672,32.0335244440085,106.422094796015,1
8.74,-848.358336,19.566319946976,65.1564534785793,1
8.75,-847.956,27.7698227542451,92.273443999571,1
8.76,-847.553664,13.935285040979,46.8635142072019,1
8.77,-847.151328,14.0867540579653,47.3474648904845,1
8.78,-846.748992,15.840170751401,52.9910663959416,1
8.79,-846.346656,13.6818273596882,46.0551810199102,1
8.8,-845.94432,14.2402306699855,47.8384769100661,1
8.81,-845.541984,16.261511569974,54.3568109567035,1
8.82,-845.139648,26.9842016352795,89.6684390964311,1
8.83,-844.737312,16.151462942441,53.9997891210815,1
8.84,-844.334976,27.4188100214999,91.1094309622578,1
8.85,-843.93264,15.6233942275897,52.2896922968856,1
8.86,-843.530304,15.9049500862125,53.2008326432365,1
8.87,-843.127968,17.065192254136,56.9701575339697,1
8.88,-842.725632,18.9922676075057,63.2717577763309,1
8.89,-842.323296,31.4965494808397,104.639490609759,1
8.9,-841.92096,9.19553015214811,32.1863881769071,1
8.91,-841.518624,21.7856249711584,72.4655980177204,1
8.92,-841.116288,11.2212641433746,38.3261367903407,1
8.93,-840.713952,22.4017896310766,74.4998808300519,1
8.94,-840.311616,13.2071194752548,44.546523015259,1
8.95,-839.90928,28.7378508593238,95.4843538101543,1
8.96,-839.506944,6.37222795238674,24.161191024472,1
8.97,-839.104608,26.3843396190645,87.6800105992816,1
8.98,-838.702272,22.8564595374345,76.0020579588512,1
8.99,-838.299936,29.6603647719321,98.5451910954439,1
9,-837.8976,19.4574751062101,64.7988799118871,1
9.01,-837.495264,15.3584239366189,51.4336603993167,1
9.02,-837.092928,26.065813311338,86.6244073071942,1
9.03,-836.690592,42.4104754837508,140.885378187528,1
9.04,-836.288256,32.549668480339,108.1356765908,1
9.05,-835.88592,28.1578095456075,93.5602510258146,1
9.06,-835.483584,20.2901236012045,67.536651088433,1
9.07,-835.081248,30.4020983754424,101.006729925816,1
9.08,-834.678912,28.8052011870071,95.707790268802,1
9.09,-834.276576,20.5400374410021,68.359368617305,1
9.1,-833.87424,38.0482312714508,126.395749508954,1
9.11,-833.471904,27.4499023153905,91.2125311931955,1
9.12,-833.069568,23.9589503183867,79.6477741632492,1
9.13,-832.667232,15.09246421322,50.5759172243173,1
9.14,-832.264896,17.723083489549,59.1164794544067,1
9.15,-831.86256,11.3670509495638,38.77696348902,1
9.16,-831.460224,17.128394018105,57.1760908691457,1
9.17,-831.057888,16.3178595769893,54.5396974825794,1
9.18,-830.655552,23.9986044528144,79.7789774562479,1
9.19,-830.253216,23.878880801479,79.3828635041902,1
9.2,-829.85088,22.6079319073391,75.1808452333164,1
9.21,-829.448544,26.1392503134785,86.8677627221706,1
9.22,-829.046208,19.0112606799435,63.3340672850002,1
9.23,-828.643872,20.8210514303049,69.2849620767799,1
9.24,-828.241536,28.9024249496282,96.0303406405582,1
9.25,-827.8392,25.6683455381213,85.3074599619797,1
9.26,-827.436864,35.5684903606642,118.159969312927,1
9.27,-827.034528,17.7748112601225,59.2854775381798,1
9.28,-826.632192,33.196572852043,110.283536980419,1
9.29,-826.229856,19.3650420353982,64.495300495066,1
9.3,-825.82752,25.5695741167429,84.9802457185665,1
9.31,-825.425184,24.6652545061127,81.985395492743,1
9.32,-825.022848,26.395992959584,87.7186334780509,1
9.33,-824.620512,15.0062250308068,50.2981223929154,1
9.34,-824.218176,8.94130123589543,31.4349857946538,1
9.35,-823.81584,32.7676289187408,108.859333109033,1
9.36,-823.413504,28.1904542535995,93.6685295328272,1
9.37,-823.011168,11.5370109631472,39.3038419362521,1
9.38,-822.608832,23.1673381668693,77.0296373207705,1
9.39,-822.206496,14.7718799516331,49.5441086603618,1
9.4,-821.80416,22.3434346678982,74.3071459364781,1
9.41,-821.401824,21.0247025751394,69.9560498988941,1
9.42,-820.999488,19.4039915198551,64.623213988264,1
9.43,-820.597152,15.1350331004729,50.7131019764976,1
9.44,-820.194816,27.004094838058,89.734391116515,1
9.45,-819.79248,11.5686305299651,39.4020138299608,1
9.46,-819.390144,12.0204482894403,40.8097574358558,1
9.47,-818.987808,10.5818814632242,36.3618790432835,1
9.48,-818.585472,9.79433314567394,33.9745700860949,2
9.49,-818.183136,19.2434933222067,64.0962088714922,1
9.5,-817.7808,21.2998369391869,70.8630847300311,1
9.51,-817.378464,21.3690359481078,71.0912805657567,1
9.52,-816.976128,16.7513602678205,55.9484553564802,1
9.53,-816.573792,16.2968412895602,54.4714728807303,1
9.54,-816.171456,18.1467680382871,60.5016358309302,1
9.55,-815.76912,15.6385331328373,52.3386439876985,1
9.56,-815.366784,23.3101145267797,77.5016906902472,1
9.57,-814.964448,21.9834244307613,73.1184430705007,1
9.58,-814.562112,16.4715171559107,55.0386910685616,1
9.59,-814.159776,28.9990953786045,96.3510644748043,1
9.6,-813.75744,22.6992515075256,75.4825646124203,1
9.61,-813.355104,30.1380039405282,100.130250967449,1
9.62,-812.952768,10.7200127687396,36.7843716044875,1
9.63,-812.550432,0.997467435058472,11.7516782901111,1
9.64,-812.148096,21.1334722032694,70.3145782111734,1
9.65,-811.74576,25.8417555235416,85.8819884778561,1
9.66,-811.343424,7.06835857722689,26.0677006650352,1
9.67,-810.941088,24.9000526169552,82.7627931132646,1
9.68,-810.538752,17.4922605322345,58.3627783800574,1
9.69,-810.136416,12.9054740900717,43.5917243173531,1
9.7,-809.73408,29.8540954528535,99.188070591225,1
9.71,-809.331744,23.3460702889754,77.6205806406858,1
9.72,-808.929408,17.8891698191009,59.6592113583598,1
9.73,-808.527072,15.5075221219675,51.9151713191087,1
9.74,-808.124736,17.9933006718121,59.9996572273504,1
9.75,-807.7224,21.4408489565657,71.3281243667437,1
9.76,-807.320064,20.7297566784398,68.9842033313141,1
9.77,-806.917728,20.451674707686,68.0684294880098,1
9.78,-806.515392,17.522250819355,58.4606661419265,1
9.79,-806.113056,18.8043361728433,62.6554069101107,1
9.8,-805.71072,18.0636241880116,60.2296455938906,1
9.81,-805.308384,36.7074278877479,121.942514819226,1
9.82,-804.906048,18.8194719095213,62.7050343128723,1
9.83,-804.503712,24.3030546024263,80.7864642033061,1
9.84,-804.101376,20.318041020473,67.6285340503576,1
9.85,-803.69904,25.2962319831582,84.0748148131571,1
9.86,-803.296704,7.45401213042789,27.1461491905949,1
9.87,-802.894368,24.5646754438412,81.652429649442,1
9.88,-802.492032,29.5539955298091,98.1922265098875,1
9.89,-802.089696,20.3657384534765,67.7855303753525,1
9.9,-801.68736,14.8479183798751,49.7886245084388,1
9.91,-801.285024,20.4127029722937,67.9401296570009,1
9.92,-800.882688,26.8850551090886,89.3397472528309,1
9.93,-800.480352,21.709983983961,72.2159931803497,1
9.94,-800.078016,24.6057643344422,81.7884507446775,1
9.95,-799.67568,19.6267106974681,65.3548896364237,1
9.96,-799.273344,15.0780764239161,50.5295594817005,1
9.97,-798.871008,24.3058676001697,80.7957742250422,1
9.98,-798.468672,21.9363197844688,72.962954997616,1
9.99,-798.066336,26.2694442383734,87.2992235735526,1
10,-797.664,8.03710613784274,28.8043348160156,1
10.01,-797.261664,27.8393255761017,92.5039452379599,1
10.02,-796.859328,19.3557718852123,64.4648584453106,1
10.03,-796.456992,24.2794911717335,80.7084785083836,1
10.04,-796.054656,26.1373822451929,86.8615721961105,1
10.05,-795.65232,19.2183458982206,64.013656396622,1
10.06,-795.249984,29.5684219789692,98.2400971765617,1
10.07,-794.847648,20.8654302178602,69.4311810653107,1
10.08,-794.445312,22.7347535711472,75.5998723947096,1
10.09,-794.042976,20.7126599329338,68.9278861740535,1
10.1,-793.64064,34.5161622268269,114.66530798854,1
10.11,-793.238304,22.6350826703182,75.2705475988767,1
10.12,-792.835968,17.5169957477747,58.4435128306597,1
10.13,-792.433632,27.4565436788002,91.2345537385632,1
10.14,-792.031296,28.2764707291319,93.9538415498556,1
10.15,-791.62896,25.759557750168,85.6096496116884,1
10.16,-791.226624,35.0307575512093,116.374186989565,1
10.17,-790.824288,40.8558323672506,135.721321985534,1
10.18,-790.421952,20.6850601350062,68.8369756087193,1
10.19,-790.019616,20.8769090388931,69.4690034041414,1
10.2,-789.61728,26.1419693687306,86.8767733156792,1
10.21,-789.214944,32.3460926658205,107.459797072011,1
10.22,-788.812608,25.1464537946349,83.5787532520161,1
10.23,-788.410272,35.8690855797116,119.158257430049,1
10.24,-788.007936,20.3838816029101,67.8452527696797,1
10.25,-787.6056,16.6250103155395,55.5375393583062,1
10.26,-787.203264,24.6268448436732,81.8582376102749,1
10.27,-786.800928,31.2686321470625,103.882915969798,1
10.28,-786.398592,24.1344714169019,80.2285550817476,1
10.29,-785.996256,31.3163835554906,104.041425007175,1
10.3,-785.59392,16.1965919459471,54.1461718700414,1
10.31,-785.191584,7.56686090054502,27.4645405905476,1
10.32,-784.789248,28.7027727264593,95.3679830228968,1
10.33,-784.386912,22.5598692505962,75.0220603763887,1
10.34,-783.984576,33.727175489498,112.045366376135,1
10.35,-783.58224,32.0955824699503,106.628119020236,1
10.36,-783.179904,26.1690169065435,86.9664060622941,1
10.37,-782.777568,21.6904545068734,72.1515533071152,1
10.38,-782.375232,18.073510725665,60.2619834684628,1
10.39,-781.972896,24.5425643326049,81.5792346470345,1
10.4,-781.57056,29.9960580868937,99.6591809240674,1
10.41,-781.168224,30.468834761136,101.228223037262,1
10.42,-780.765888,28.9034468440118,96.0337309356265,1
10.43,-780.363552,33.736814450331,112.077372757878,1
10.44,-779.961216,22.9864404455361,76.4316527375469,1
10.45,-779.55888,28.0527670896037,93.2118465111804,1
10.46,-779.156544,27.9076968448091,92.7306996700494,1
10.47,-778.754208,10.0128636830715,34.6331688943828,1
10.48,-778.351872,23.1602612279803,77.006241157053,1
10.49,-777.949536,32.245854195075,107.127008226571,1
10.5,-777.5472,10.8542891788885,37.196081059841,1
10.51,-777.144864,14.5411818256854,48.8031097483024,1
10.52,-776.742528,34.4933635086768,114.589599119297,1
10.53,-776.340192,28.8904212539994,95.9905165724321,1
10.54,-775.937856,29.7702677742327,98.9098915483041,1
10.55,-775.53552,21.7812391305404,72.4511245612328,1
10.56,-775.133184,40.9963524496917,136.188081881236,1
10.57,-774.730848,23.52512127697,78.2126905872363,1
10.58,-774.328512,27.0275259882413,89.8120732793612,1
10.59,-773.926176,16.3889706138254,54.7705769929126,1
10.6,-773.52384,26.9016075524996,89.3946210694473,1
10.61,-773.121504,24.1132796221318,80.1584287907771,1
10.62,-772.719168,17.190273353115,57.3777704603956,1
10.63,-772.316832,29.393666132964,97.6602243400301,1
10.64,-771.914496,15.1824148037303,50.8658437879279,1
10.65,-771.51216,18.3365182036825,61.1226616112663,1
10.66,-771.109824,13.5792760045127,45.7286660736349,1
10.67,-770.707488,27.7642177639849,92.2548557089939,1
10.68,-770.305152,31.7490298883061,105.477635467866,1
10.69,-769.902816,27.5546625063547,91.5599195708415,1
10.7,-769.50048,8.25120734433761,29.4210109663435,1
10.71,-769.098144,34.525301001055,114.695655622931,1
10.72,-768.695808,27.6954195887794,92.0266979381568,1
10.73,-768.293472,31.7930919830909,105.623909289757,1
10.74,-767.891136,20.5671860034838,68.4487671980582,1
10.75,-767.4888,17.727630596932,59.1313338233758,1
10.76,-767.086464,12.8343768246114,43.3671424070805,1
10.77,-766.684128,26.9795576017668,89.6530427991266,1
10.78,-766.281792,33.5678076392804,111.516186333099,1
10.79,-765.879456,23.412429797763,77.8400143383789,1
10.8,-765.47712,31.8838033767397,105.925048805968,1
10.81,-765.074784,22.3711075037069,74.3985419770123,1
10.82,-764.672448,28.4858228788934,94.6482860957972,1
10.83,-764.270112,7.68873439648915,27.8097810681643,1
10.84,-763.867776,3.77679253929345,17.596026069458,1
10.85,-763.46544,15.9004497385933,53.1862572251544,1
10.86,-763.063104,24.6077371438882,81.7949816658638,1
10.87,-762.660768,17.8994744283012,59.6928955212112,1
10.88,-762.258432,33.2566002819766,110.482848971123,1
10.89,-761.856096,36.583390406442,121.530560416658,1
10.9,-761.45376,11.0183230554465,37.7003411680871,1
10.91,-761.051424,22.8280294450211,75.9081035437543,1
10.92,-760.649088,17.4576267754687,58.2497491412207,1
10.93,-760.246752,21.53072256655,71.6245724279815,1
10.94,-759.844416,29.7442434211915,98.8235318430619,1
10.95,-759.44208,25.795640372198,85.7291974177869,1
10.96,-759.039744,24.5808405094695,81.7059421200032,1
10.97,-758.637408,20.4793194769496,68.1594457687058,1
10.98,-758.235072,26.8510699658194,89.2270827803696,1
10.99,-757.832736,4.86643657975062,20.2378933973903,1
11,-757.4304,13.6430036413264,45.9315318990694,1
11.01,-757.028064,19.5766317872164,65.190334721836,1
11.02,-756.625728,7.14126297843463,26.2704034043262,1
11.03,-756.223392,19.0653514154713,63.5115381985122,1
11.04,-755.821056,19.9610777592279,66.4541038059732,1
11.05,-755.41872,20.8209228095392,69.2845383155453,1
11.06,-755.016384,10.9256949470297,37.415416343993,1
11.07,-754.614048,12.2443173856705,41.5105412870765,1
11.08,-754.211712,17.735640641975,59.1575014522298,1
11.09,-753.809376,21.039389414674,70.0044568403908,1
11.1,-753.40704,25.8530345054098,85.9193592163934,1
11.11,-753.004704,26.7554009396114,88.9099392809649,1
11.12,-752.602368,13.5505214677452,45.6371718550191,1
11.13,-752.200032,15.920417730485,53.2509310721801,1
11.14,-751.797696,21.7035393570753,72.1947281389102,1
11.15,-751.39536,24.5172017733131,81.4952778962827,1
11.16,-750.993024,28.3731404989559,94.2744999771575,1
11.17,-750.590688,24.7365636072387,82.2214794011715,1
11.18,-750.188352,11.2585888543127,38.441458763103,1
11.19,-749.786016,22.3343334347367,74.2770877126769,1
11.2,-749.38368,1.88539202283114,13.4688074935208,1
11.21,-748.981344,14.1574530894779,47.5735700452633,1
11.22,-748.579008,19.4792305070883,64.8703421052332,1
11.23,-748.176672,24.968312013927,82.9888202391007,1
11.24,-747.774336,17.6021266047661,58.7214364010195,1
11.25,-747.372,21.0949690814377,70.1876556243132,1
11.26,-746.969664,23.9198113342706,79.5182800456296,1
11.27,-746.567328,8.29912185256157,29.5595678436352,1
11.28,-746.164992,15.0699306495211,50.5033156850396,1
11.29,-745.762656,4.53570562440962,19.4172602853693,1
11.3,-745.36032,22.3490237303971,74.3256048569055,1
11.31,-744.957984,8.06057913281654,28.8717459469779,1
11.32,-744.555648,20.4150869364896,67.9479776685559,1
11.33,-744.153312,5.42409301727576,21.656410919344,1
11.34,-743.750976,1.83232580779812,13.362086280871,1
11.35,-743.34864,14.3212884292452,48.0980576659234,1
11.36,-742.946304,18.6280291039141,62.0774948482667,1
11.37,-742.543968,17.1675781563141,57.3037950785213,1
11.38,-742.141632,9.77801970480634,33.9255295561722,1
11.39,-741.739296,17.7645209719477,59.2518558332663,1
11.4,-741.33696,21.0708671786725,70.108209962209,1
11.41,-740.934624,22.7489707039634,75.6468508186163,1
11.42,-740.532288,13.2816891414119,44.7830330302115,1
11.43,-740.129952,10.8695950638398,37.2430728519832,1
11.44,-739.727616,27.6962483934438,92.0294464954572,1
11.45,-739.32528,3.14492176325329,16.1492958966406,2
11.46,-738.922944,17.4932199104591,58.3659095907043,1
11.47,-738.520608,11.2414592713622,38.3885249746131,1
11.48,-738.118272,8.64905882882357,30.577374620554,1
11.49,-737.715936,9.02129346697325,31.6708874756988,1
11.5,-737.3136,4.01926201538865,18.1682576939367,1
11.51,-736.911264,4.5626682042764,19.4835666002085,1
11.52,-736.508928,12.6082360082794,42.6540316391683,1
11.53,-736.106592,9.54721836398954,33.2336123467121,1
11.54,-735.704256,8.38476299895663,29.8077108520977,1
11.55,-735.30192,5.18592548273953,21.0453706722978,1
11.56,-734.899584,0.459215587645507,10.7828939175913,1
11.57,-734.497248,5.26848996421626,21.256332004836,1
11.58,-734.094912,10.7059341680654,36.741261801455,1
11.59,-733.692576,17.7746691901763,59.285013340732,1
11.6,-733.29024,2.635145702553,15.030875057253,1
11.61,-732.887904,2.07153402258569,13.8472105697364,2
11.62,-732.485568,5.85833962067545,22.7896904667706,1
11.63,-732.083232,7.5138272326267,27.3147562289158,1
11.64,-731.680896,6.86198857820205,25.496956795143,1
11.65,-731.27856,13.3269748375161,44.9267532318066,1
11.66,-730.876224,6.41149211723188,24.2672755509086,1
11.67,-730.473888,5.96888459748445,23.0820093472056,1
11.68,-730.071552,10.2699092114912,35.4116883456143,1
11.69,-729.669216,8.1810063092348,29.218366378783,1
11.7,-729.26688,1.51708424263698,12.7387696138615,2
11.71,-728.864544,0.109106378982757,10.1823599366969,1
11.72,-728.462208,8.81719484111036,31.0699637019663,1
11.73,-728.059872,5.97179120046943,23.0897158266487,2
11.74,-727.657536,16.103734608394,53.8450142506604,1
11.75,-727.2552,11.1841089634514,38.2114076874518,1
11.76,-726.852864,1.44933069792898,12.6072013880482,1
11.77,-726.450528,3.70918123243019,17.4381217550561,1
11.78,-726.048192,9.96001656993642,34.4736194984394,2
11.79,-725.645856,4.71888866023305,19.8698345770313,2
11.8,-725.24352,7.55661611020906,27.4355846312206,1
11.81,-724.841184,2.31127980891423,14.3438012873119,2
11.82,-724.438848,6.5473747924546,24.6357770715432,1
11.83,-724.036512,10.6514096293423,36.5744068578588,2
11.84,-723.634176,15.6937084782028,52.517091885018,2
11.85,-723.23184,20.6368145390252,68.678071924431,2
11.86,-722.829504,3.28726564528618,16.4694710068344,1
11.87,-722.427168,5.08638907986608,20.792282172617,1
11.88,-722.024832,3.67704055691142,17.3633146221762,1
11.89,-721.622496,4.99691002942383,20.5659342087401,1
11.9,-721.22016,10.7470712864616,36.8672575807105,1
11.91,-720.817824,5.77862290717807,22.57983971268,1
11.92,-720.415488,2.05917882976766,13.8218993026083,2
11.93,-720.013152,10.5185743546335,36.1686050011065,1
11.94,-719.610816,0.668097916774382,11.1523218283924,1
11.95,-719.20848,5.64679122916984,22.2345664092255,2
11.96,-718.806144,5.77522309579503,22.5709076679107,1
11.97,-718.403808,1.73206052955446,13.1618507077158,1
11.98,-718.001472,4.45661832936079,19.223387801638,1
11.99,-717.599136,8.51242542566331,30.178758835313,1
12,-717.1968,1.9515566395895,13.6025905041412,1
12.01,-716.794464,8.69208614277186,30.7032171090833,1
12.02,-716.392128,3.57286853107177,17.1219984329377,1
12.03,-715.989792,4.20215957792642,18.6059587071132,2
12.04,-715.587456,1.01354156342669,11.7814538096472,2
12.05,-715.18512,2.36383173910843,14.4540276696606,1
12.06,-714.782784,6.2039873375987,23.7086814030538,1
12.07,-714.380448,6.18163093447453,23.6488027422381,1
12.08,-713.978112,6.25604112794129,23.8483312768342,1
12.09,-713.575776,2.73218437035233,15.2403247941714,1
12.1,-713.17344,13.1200256102939,44.2705250241451,2
12.11,-712.771104,6.6944199476729,25.0369106258876,1
12.12,-712.368768,1.93057635006177,13.5600826040553,1
12.13,-711.966432,12.9167088530242,43.6272291312725,2
12.14,-711.564096,4.11594214183393,18.3989856028054,1
12.15,-711.16176,20.4960451973822,68.214515208099,2
12.16,-710.759424,7.38367980831704,26.9483484993145,2
12.17,-710.357088,0.624754029658365,11.0749811962707,2
12.18,-709.954752,0.44258855886085,10.7538446585401,2
12.19,-709.552416,0.259267142893645,10.4370594872336,2
12.2,-709.15008,6.92804933848588,25.6791615296839,1
12.21,-708.747744,2.66882456610528,15.1033822404053,1
12.22,-708.345408,7.34579804223917,26.8420152503918,1
12.23,-707.943072,5.77644628309231,22.5741210788592,2
12.24,-707.540736,3.97219060279975,18.0564465732442,1
12.25,-707.1384,3.6718200579256,17.3511796136724,2
12.26,-706.736064,2.54392327238998,14.8354786554519,1
12.27,-706.333728,5.84724633441045,22.7604400532865,1
12.28,-705.931392,5.40779514173647,21.6143551281428,1
12.29,-705.529056,5.21481321332106,21.1190766558638,2
12.3,-705.12672,9.43920029419006,32.9110352178075,2
12.31,-704.724384,6.81279010326457,25.3615674573033,2
12.32,-704.322048,6.43131754986635,24.3209081045277,2
12.33,-703.919712,1.47925946811475,12.6652138666798,1
12.34,-703.517376,32.0036804351479,106.323017391059,2
12.35,-703.11504,4.40666841490812,19.1014201744149,2
12.36,-702.712704,9.13310063723172,32.001423131089,1
12.37,-702.310368,9.71266110332436,33.7292287027416,2
12.38,-701.908032,13.0519871372943,44.0550917271123,2
12.39,-701.505696,18.2241774700438,60.7549376240338,1
12.4,-701.10336,18.0945864693826,60.3309238829837,2
12.41,-700.701024,3.90724716216184,17.9027516445357,2
12.42,-700.298688,7.23161013513588,26.5223684464345,2
12.43,-699.896352,3.28502235227752,16.4643989221396,2
12.44,-699.494016,22.4561177822698,74.679329278591,2
12.45,-699.09168,2.51745243162474,14.7790520347848,1
12.46,-698.689344,17.808817877223,59.3965974596709,1
12.47,-698.287008,6.74574693056552,25.1774969166995,2
12.48,-697.884672,15.2877151004688,51.2054695123104,2
12.49,-697.482336,2.90767253244391,15.6232418662615,2
12.5,-697.08,17.7935336310784,59.3466529417203,2
12.51,-696.677664,10.3486935348728,35.6511078264703,2
12.52,-696.275328,20.7913562268468,69.1871293235026,2
12.53,-695.872992,22.6096703646277,75.1865887642738,2
12.54,-695.470656,24.0181047703023,79.8434997344075,2
12.55,-695.06832,1.48024511501954,12.6671272284546,1
12.56,-694.665984,7.23571118505283,26.5338255822384,2
12.57,-694.263648,16.1333312223476,53.9409862678552,2
12.58,-693.861312,11.8162043102445,40.1722636773979,2
12.59,-693.458976,12.9346949498522,43.6840792315914,2
12.6,-693.05664,24.216251008781,80.4991862256152,2
12.61,-692.654304,10.3371277749128,35.6159372428476,2
12.62,-692.251968,1.88053252305366,13.4590131811974,2
12.63,-691.849632,13.0213800827584,43.9582310053072,2
12.64,-691.447296,6.65893244728187,24.9398801879959,2
12.65,-691.04496,8.16869191445377,29.1828636163442,2
12.66,-690.642624,13.9097389609256,46.7819572619304,2
12.67,-690.240288,12.799177917427,43.2560233109432,2
12.68,-689.837952,18.370676308789,61.2344984769917,2
12.69,-689.435616,6.12860580028765,23.5070214557261,2
12.7,-689.03328,25.7674072508745,85.6356561069567,2
12.71,-688.630944,7.44666461105558,27.1254622784117,2
12.72,-688.228608,35.032015097759,116.378363157669,2
12.73,-687.826272,17.0057086898504,56.7763921374598,2
12.74,-687.423936,18.8725370672463,62.8790432239251,2
12.75,-687.0216,7.37357745830668,26.9199773823126,2
12.76,-686.619264,12.2237638779554,41.4461157302942,2
12.77,-686.216928,16.9278862930133,56.522967096673,2
12.78,-685.814592,23.9285940483586,79.5473378722921,2
12.79,-685.412256,13.0878795658658,44.1687198520671,2
12.8,-685.00992,22.9180762149787,76.2056966717892,2
12.81,-684.607584,8.96870581952314,31.5157485222524,1
12.82,-684.205248,17.8264194442487,59.4541178628039,2
12.83,-683.802912,2.77385470815407,15.3307687085524,1
12.84,-683.400576,13.8790144648809,46.6838928305869,2
12.85,-682.99824,20.2586268666737,67.4329943092727,2
12.86,-682.595904,22.1975509892468,73.8253871243527,2
12.87,-682.193568,16.7372603399213,55.9025871016739,2
12.88,-681.791232,1.43154131643594,12.5727982451993,1
12.89,-681.388896,21.4682426986466,71.4184780223151,2
12.9,-680.98656,8.30101825233824,29.5650558280437,2
12.91,-680.584224,26.8641488334023,89.2704404447152,2
12.92,-680.181888,7.7782689650867,28.0643141683469,1
12.93,-679.779552,12.3409032541215,41.813521112421,2
12.94,-679.377216,16.8016697563285,56.112141411414,2
12.95,-678.97488,12.8875890635978,43.5352121535338,2
12.96,-678.572544,12.5491571781915,42.4680469611099,2
12.97,-678.170208,7.88549134605363,28.3701185737129,2
12.98,-677.767872,16.0144240359545,53.5555049589123,2
12.99,-677.365536,10.7795237486793,36.9667192391898,2
13,-676.9632,6.73008649416613,25.1345715764727,2
13.01,-676.560864,10.0006205650304,34.5961902643698,2
13.02,-676.158528,15.1969824390306,50.9128145609772,2
13.03,-675.756192,12.6000182142609,42.6281534784427,2
13.04,-675.353856,13.6378490396386,45.9151185148265,2
13.05,-674.95152,13.9702175006786,46.9750677108026,2
13.06,-674.549184,16.4397003531606,54.9353355564416,2
13.07,-674.146848,22.3854885241103,74.4460400007717,2
13.08,-673.744512,14.3806924436527,48.2884039902941,2
13.09,-673.342176,6.88326392317481,25.5555857652916,2
13.1,-672.93984,7.62410484016604,27.6265222233299,2
13.11,-672.537504,12.1112049930985,41.0936042812876,2
13.12,-672.135168,4.0790524902654,18.3107775674424,2
13.13,-671.732832,4.77097486324917,19.9994078273105,2
13.14,-671.330496,12.6676696894834,42.8412662046358,2
13.15,-670.92816,10.8427007250109,37.1605108021067,2
13.16,-670.525824,-0.0456133978777442,9.92443671534958,2
13.17,-670.123488,14.7881098192881,49.5962873371798,2
13.18,-669.721152,23.8956868265618,79.4384647382827,2
13.19,-669.318816,15.5398535428617,52.0196455020372,2
13.2,-668.91648,15.5476764047175,52.0449270986374,2
13.21,-668.514144,21.8026939255789,72.5219271927198,2
13.22,-668.111808,17.3850801267199,58.0130406975635,2
13.23,-667.709472,7.96552716937955,28.5990763159839,2
13.24,-667.307136,10.2825877934438,35.4501925541191,2
13.25,-666.9048,6.4142443959602,24.2747184076149,2
13.26,-666.502464,3.99466291162068,18.1097831129495,2
13.27,-666.100128,7.20697152550009,26.4535716322093,2
13.28,-665.697792,23.4917842574933,78.1024389253321,2
13.29,-665.295456,12.1117573266247,41.0953327956022,2
13.3,-664.89312,14.5899692067146,48.9597049504974,2
13.31,-664.490784,14.4752759281526,48.5916633616589,2
13.32,-664.088448,11.2387591089439,38.3801822702203,2
13.33,-663.686112,16.208848758238,54.1859348682404,2
13.34,-663.283776,19.1535082112003,63.8008372393444,2
13.35,-662.88144,6.81928967784463,25.3794385422908,2
13.36,-662.479104,17.9499516836241,59.8579161836219,2
13.37,-662.076768,20.2620101080891,67.4441283314729,2
13.38,-661.674432,19.1888833834476,63.9169457930881,2
13.39,-661.272096,11.3555729889609,38.741431619078,2
13.4,-660.86976,18.3021923221272,61.0102882379894,2
13.41,-660.467424,5.23463323137422,21.1697123829594,1
13.42,-660.065088,8.20739744776272,29.294497521377,2
13.43,-659.662752,4.26121376851612,18.7483791691119,2
13.44,-659.260416,13.4516694411126,45.3228303841192,2
13.45,-658.85808,16.8145791997674,56.1541496184689,2
13.46,-658.455744,9.65645844308972,33.5606549448898,2
13.47,-658.053408,5.57139378305861,22.038100056741,2
13.48,-657.651072,14.6870423679959,49.2714605083528,2
13.49,-657.248736,10.3566249254603,35.6752311489429,2
13.5,-656.8464,1.92480151401011,13.5483963443079,2
13.51,-656.444064,1.29702036275734,12.3145556900998,1
13.52,-656.041728,10.8688346555096,37.2407379668645,2
13.53,-655.639392,13.1301202589506,44.3025015919495,2
13.54,-655.237056,23.3846807985556,77.7482537254861,2
13.55,-654.83472,16.8320940292804,56.2111481360252,2
13.56,-654.432384,5.58635313412965,22.0770217445405,2
13.57,-654.030048,23.1975130459897,77.1293966840883,2
13.58,-653.627712,12.5131978137327,42.3549092455149,2
13.59,-653.225376,24.1902770427983,80.4132291329955,2
13.6,-652.82304,6.41167968910933,24.2677827647816,2
13.61,-652.420704,21.2742894118993,70.7788440302025,2
13.62,-652.018368,10.1018067151666,34.9020913240137,2
13.63,-651.616032,8.83154157515459,31.1120990741817,2
13.64,-651.213696,7.81140583953761,28.158708296286,2
13.65,-650.81136,7.58172174002101,27.5065614789708,2
13.66,-650.409024,9.24525668522308,32.3339217294981,2
13.67,-650.006688,9.95513683951957,34.4588961704357,2
13.68,-649.604352,21.1735759458725,70.446786266082,2
13.69,-649.202016,20.1360664373284,67.0297111788717,2
13.7,-648.79968,4.86373822850729,20.2311344683355,2
13.71,-648.397344,15.9254948322908,53.2673763588257,2
13.72,-647.995008,21.9109811090343,72.8793188084496,2
13.73,-647.592672,19.6887056198989,65.5586278355931,2
13.74,-647.190336,-1.05120719663593,8.35938133483183,1
13.75,-646.788,16.6312430051324,55.5578034371007,2
13.76,-646.385664,18.0066747615354,60.0433918425802,2
13.77,-645.983328,20.253592360309,67.4164262339758,2
13.78,-645.580992,9.95972798422564,34.4727487232781,2
13.79,-645.178656,16.7698402719866,56.0085770332087,2
13.8,-644.77632,18.1153908825451,60.3989817649281,2
13.81,-644.373984,5.98629449370752,23.1281849677253,2
13.82,-643.971648,3.07859920252377,16.0012775571185,2
13.83,-643.569312,18.7999753128225,62.6411088384538,2
13.84,-643.166976,29.7702650971903,98.9098826647281,2
13.85,-642.76464,19.7249308394222,65.6776916164235,2
13.86,-642.362304,17.7620802225407,59.2438813065351,2
13.87,-641.959968,12.1387592315337,41.1798501005527,2
13.88,-641.557632,20.0515173023758,66.7515670900643,2
13.89,-641.155296,20.7949376450869,69.198928243248,2
13.9,-640.75296,11.9234482382044,40.5067715872489,2
13.91,-640.350624,11.0083393208285,37.6696095383825,2
13.92,-639.948288,18.6485331830569,62.1446885328022,2
13.93,-639.545952,2.28972635168283,14.2987357444517,2
13.94,-639.143616,25.1268279600995,83.5137568117714,2
13.95,-638.74128,18.4286983718339,61.4244970656145,2
13.96,-638.338944,23.7341759123162,78.904156942392,2
13.97,-637.936608,26.350368646623,87.5674213453973,2
13.98,-637.534272,15.9252087754477,53.2664497767633,2
13.99,-637.131936,20.989165927557,69.8389285570877,2
14,-636.7296,21.4477107659548,71.3507565118864,2
14.01,-636.327264,10.4816586150324,36.0560084985459,2
14.02,-635.924928,12.9308163429906,43.6718188419028,2
14.03,-635.522592,19.5648515842074,65.1516290032139,2
14.04,-635.120256,-0.0503777871866481,9.9165669630408,3
14.05,-634.71792,24.2262659312936,80.5323296854253,2
14.06,-634.315584,10.6695693670269,36.6299605944921,2
14.07,-633.913248,21.5665580703479,71.7427878125634,2
14.08,-633.510912,28.7739405563264,95.6040817449355,2
14.09,-633.108576,20.3293056863231,67.6656103252979,2
14.1,-632.70624,24.0100729525352,79.816924070287,2
14.11,-632.303904,13.5685411410848,45.694505766522,2
14.12,-631.901568,13.1248227938006,44.2857205128203,2
14.13,-631.499232,17.8589990520726,59.560595182358,2
14.14,-631.096896,28.1252911974931,93.4523928738729,2
14.15,-630.69456,20.4921277255595,68.2016167625485,2
14.16,-630.292224,24.0908559420098,80.0842274773014,2
14.17,-629.889888,20.0621279996774,66.7864705656867,2
14.18,-629.487552,21.8082987902874,72.5404240969861,2
14.19,-629.085216,19.8578653603011,66.1147051942241,2
14.2,-628.68288,0.569205833574414,10.9763863664286,3
14.21,-628.280544,20.9759626332752,69.7954151923749,2
14.22,-627.878208,14.0496126121981,47.2287367171311,2
14.23,-627.475872,19.7815032699923,65.8636528070639,2
14.24,-627.073536,25.4580948944251,84.610957272336,2
14.25,-626.6712,15.6708271405117,52.4430818835904,2
14.26,-626.268864,26.2875156867886,87.3591145301276,2
14.27,-625.866528,19.0326810000396,63.4043437830821,2
14.28,-625.464192,6.72194737496171,25.1122729053765,2
14.29,-625.061856,28.2663275705422,93.9201967994179,2
14.3,-624.65952,6.42993011600583,24.3171532844588,2
14.31,-624.257184,4.45001311092344,19.2072378788906,2
14.32,-623.854848,21.2090775593822,70.5638304253006,2
14.33,-623.452512,31.4956435929191,104.636483446048,2
14.34,-623.050176,22.5669535811696,75.0454643108236,2
14.35,-622.64784,15.5597801663599,52.0840459605095,2
14.36,-622.245504,17.4108675375964,58.0971729503307,2
14.37,-621.843168,13.5631120600346,45.6772307869548,2
14.38,-621.440832,18.3038921689747,61.0158527593217,2
14.39,-621.038496,34.0528945302376,113.126939881311,2
14.4,-620.63616,19.1557471704181,63.8081856260012,2
14.41,-620.233824,18.2168946094067,60.7311035265911,2
14.42,-619.831488,12.3935521398555,41.9788321599547,2
14.43,-619.429152,17.2617528158206,57.6108061613977,2
14.44,-619.026816,12.8168487985034,43.3118027549967,2
14.45,-618.62448,16.5523753973884,55.3014304080497,2
14.46,-618.222144,18.7239664540442,62.3919266672432,2
14.47,-617.819808,9.1898213457658,32.169462304869,2
14.48,-617.417472,13.8828428396347,46.6961105019099,2
14.49,-617.015136,12.3324391477592,41.786955127775,2
14.5,-616.6128,14.1796710348153,47.6446542778721,2
14.51,-616.210464,13.8142676632115,46.4773277651246,2
14.52,-615.808128,14.000762558262,47.0726388132081,2
14.53,-615.405792,7.53437973345745,27.3727706634944,2
14.54,-615.003456,8.79084235171469,30.9926103637693,2
14.55,-614.60112,16.9424642955185,56.570432863411,2
14.56,-614.198784,8.37155330083754,29.7693953806467,2
14.57,-613.796448,16.32165621142,54.5520220250885,2
14.58,-613.394112,3.50626815418085,16.9686389135206,2
14.59,-612.991776,2.65853268714171,15.0812038753385,2
14.6,-612.58944,3.03644952944083,15.9075944175563,2
14.61,-612.187104,9.37021296111475,32.7054439255502,2
14.62,-611.784768,11.4761305317538,39.1149536646797,2
14.63,-611.382432,-1.57869090837542,7.61484300469718,3
14.64,-610.980096,5.58113601999055,22.0634444006809,2
14.65,-610.57776,5.39456186213619,21.5802332997164,2
14.66,-610.175424,15.7289648244114,52.6311490391085,2
14.67,-609.773088,11.7023466565592,39.8176848333763,2
14.68,-609.370752,19.2206892320063,64.021348715633,2
14.69,-608.968416,17.8246937719626,59.4484783470788,2
14.7,-608.56608,6.57048361167882,24.6986558166477,2
14.71,-608.163744,10.3681227166898,35.7102082750569,2
14.72,-607.761408,17.1488278234122,57.2426835390888,2
14.73,-607.359072,14.7452644617905,49.4585540537459,2
14.74,-606.956736,20.9001963250664,69.5457367354887,2
14.75,-606.5544,5.01473182833475,20.6109277793168,2
14.76,-606.152064,12.3348460515186,41.7945092989186,2
14.77,-605.749728,0.684623783024084,11.181903801633,1
14.78,-605.347392,9.34655101767199,32.635005899312,2
14.79,-604.945056,11.8429701963183,40.2557026872563,2
14.8,-604.54272,4.89119113305318,20.2999476650103,2
14.81,-604.140384,13.4832214103024,45.4231298267102,2
14.82,-603.738048,9.28109797246801,32.4403707226584,2
14.83,-603.335712,7.79754072395518,28.1191994650533,2
14.84,-602.933376,-0.141126262745182,9.76749855117274,1
14.85,-602.53104,4.25645747902569,18.7368888371209,2
14.86,-602.128704,0.248468171543583,10.4185986866873,2
14.87,-601.726368,4.14277824572052,18.4632859873339,1
14.88,-601.324032,17.7873478207507,59.3264403099857,2
14.89,-600.921696,2.26602355662324,14.2492719670576,2
14.9,-600.51936,-1.04444454802022,8.36926534710853,2
14.91,-600.117024,1.3964628133909,12.5051320423776,1
14.92,-599.714688,11.4649036243673,39.080140087177,2
14.93,-599.312352,16.2164130313459,54.21047585199,2
14.94,-598.910016,7.7021751433694,27.8479426999281,2
14.95,-598.50768,-1.62263796830381,7.55514992197571,1
14.96,-598.105344,9.03773080731107,31.7194223387738,2
14.97,-597.703008,16.1661587913351,54.0474533920238,2
14.98,-597.300672,7.60891219372829,27.5835011822657,1
14.99,-596.898336,12.2893379878074,41.6517195248956,2
15,-596.496,1.23852156672147,12.2033093276319,2
15.01,-596.093664,5.35140688552575,21.4691207994888,2
15.02,-595.691328,15.8600887929426,53.05555591602,2
15.03,-595.288992,5.71695945442417,22.4180642631688,2
15.04,-594.886656,9.70260381611647,33.6990474223175,2
15.05,-594.48432,8.26594050161804,29.4635945168511,2
15.06,-594.081984,7.07327775650045,26.0813604266356,2
15.07,-593.679648,9.85634003700163,34.1611307258878,2
15.08,-593.277312,-1.04652612891528,8.36622207486428,2
15.09,-592.874976,4.67590845842337,19.7632087100723,1
15.1,-592.47264,4.14323324055313,18.4643771275254,2
15.11,-592.070304,-1.75513339380526,7.37733823799397,1
15.12,-591.667968,13.1375290711826,44.3259724965713,2
15.13,-591.265632,0.28406542945048,10.4795363883338,2
15.14,-590.863296,1.84728805723145,13.3921246913103,2
15.15,-590.46096,-1.12472807154633,8.25248203385505,1
15.16,-590.058624,13.0057457658259,43.908766307247,2
15.17,-589.656288,9.66464492712997,33.5851962165778,2
15.18,-589.253952,19.9588720821275,66.4468499157648,2
15.19,-588.851616,7.72495162769751,27.9126499347456,2
15.2,-588.44928,16.6212840698007,55.525424669552,2
15.21,-588.046944,2.08160665838468,13.8678661301396,2
15.22,-587.644608,9.60082049091326,33.3939846813187,2
15.23,-587.242272,8.29571950678634,29.5497225817144,2
15.24,-586.839936,12.5432237006457,42.4493752544338,2
15.25,-586.4376,10.8405958418054,37.1540507287025,2
15.26,-586.035264,6.51440352314222,24.5461677636542,2
15.27,-585.632928,12.9204802149525,43.6391486310252,2
15.28,-585.230592,12.2058665513322,41.3900300856314,2
15.29,-584.828256,12.0527930052832,40.9108775676962,2
15.3,-584.42592,11.5855691448513,39.4546237300422,2
15.31,-584.023584,16.5366476401015,55.2503165582242,2
15.32,-583.621248,27.9090813059367,92.7352913179549,2
15.33,-583.218912,4.9350475024906,20.4100986470092,2
15.34,-582.816576,14.7520954700762,49.4805104839107,2
15.35,-582.41424,13.2853507908486,44.7946512741961,2
15.36,-582.011904,16.2143533303749,54.2037934073527,2
15.37,-581.609568,14.4221398413126,48.4212668614743,2
15.38,-581.207232,17.8210195495081,59.4364710694951,2
15.39,-580.804896,11.8825000025729,40.3789891958237,2
15.4,-580.40256,18.3901997293265,61.2984256747794,2
15.41,-580.000224,8.8877859339351,31.2774398986813,2
15.42,-579.597888,2.06842189123051,13.8408323514807,2
15.43,-579.195552,-1.05686765675848,8.35111486252699,3
15.44,-578.793216,12.2380635033718,41.4909364943646,2
15.45,-578.39088,18.9631783863435,63.1763329824749,2
15.46,-577.988544,21.6707074878157,72.086397610751,2
15.47,-577.586208,17.4003754107055,58.0629409731839,2
15.48,-577.183872,19.6581934964596,65.4583498447388,2
15.49,-576.781536,12.3739765964106,41.9173545330128,2
15.5,-576.3792,24.400733191864,81.1097585437999,2
15.51,-575.976864,23.6970840616239,78.781461994309,2
15.52,-575.574528,15.4870540360944,51.8490427322084,2
15.53,-575.172192,13.7686204925659,46.3317709558142,2
15.54,-574.769856,25.1554592663222,83.608577690165,2
15.55,-574.36752,8.77513953308997,30.9465433745372,2
15.56,-573.965184,15.4818221256515,51.8321407738476,2
15.57,-573.562848,16.5519850270063,55.3001616895598,2
15.58,-573.160512,13.0546691786751,44.0635809968862,2
15.59,-572.758176,23.9128819624372,79.4953542151031,2
15.6,-572.35584,15.3338859615705,51.354459683229,2
15.61,-571.953504,17.5887545793929,58.6777750390307,2
15.62,-571.551168,17.9092870332807,59.7249725847056,2
15.63,-571.148832,28.0086878211245,93.0656484265404,2
15.64,-570.746496,20.4110375312312,67.934647047062,2
15.65,-570.34416,38.8809398241632,129.161552962668,2
15.66,-569.941824,27.5290358753089,91.4749394146676,2
15.67,-569.539488,25.734907371804,85.5279802657304,2
15.68,-569.137152,26.8912695174734,89.3603488926748,2
15.69,-568.734816,20.8334034474241,69.3256582091888,2
15.7,-568.33248,12.7500605404416,43.1010402552123,2
15.71,-567.930144,29.9287802941509,99.4359141435989,2
15.72,-567.527808,36.5920362446711,121.559274969717,2
15.73,-567.125472,22.2766162968801,74.086476526855,2
15.74,-566.723136,22.058185722191,73.3652449137246,2
15.75,-566.3208,9.16314371734934,32.090398345237,2
15.76,-565.918464,5.3224947935957,21.3948191308377,2
15.77,-565.516128,10.7678003360344,36.9307822014044,2
15.78,-565.113792,22.8497768755976,75.9799731306199,2
15.79,-564.711456,3.12062149024698,16.0949765931279,2
15.8,-564.30912,1.70839595288333,13.1148604068884,2
15.81,-563.906784,17.0267623243191,56.8449676403601,2
15.82,-563.504448,11.5193764402548,39.2491109092927,2
15.83,-563.102112,14.102823293825,47.3988444390822,2
15.84,-562.699776,24.4160090897456,81.1603207512893,2
15.85,-562.29744,12.0339591505788,40.8519914008117,2
15.86,-561.895104,24.5737791757657,81.6825663541632,2
15.87,-561.492768,14.2883508495075,47.9925567849674,2
15.88,-561.090432,14.0490662959442,47.2269906218638,2
15.89,-560.688096,25.1338499382624,83.5370119533339,2
15.9,-560.28576,18.0457330340295,60.171128300624,2
15.91,-559.883424,4.8224743179825,20.1279040026794,2
15.92,-559.481088,9.74511864783937,33.8266776947497,2
15.93,-559.078752,12.0682084155108,40.9590867384309,2
15.94,-558.676416,5.32887115478177,21.4111962202266,2
15.95,-558.27408,14.0269499571308,47.1563110247107,2
15.96,-557.871744,17.8730830036506,59.6066286209099,2
15.97,-557.469408,14.5751992702575,48.9122909098392,2
15.98,-557.067072,8.06133887882538,28.873928654509,2
15.99,-556.664736,13.994505002013,47.0526479458581,2
16,-556.2624,19.7555428581436,65.7783142910841,2
16.01,-555.860064,6.19526161485123,23.6853036075564,2
16.02,-555.457728,20.6184578254349,68.6176154559674,2
16.03,-555.055392,10.5237673308161,36.1844503442948,2
16.04,-554.653056,18.4089582190707,61.3598520607159,2
16.05,-554.25072,12.9755167392672,43.8131501710524,2
16.06,-553.848384,8.35767214705728,29.7291482621063,2
16.07,-553.446048,25.117732300345,83.4836342952501,2
16.08,-553.043712,11.6554893186501,39.6719303333734,2
16.09,-552.641376,8.31198087666909,29.5967865742657,2
16.1,-552.23904,29.097840863381,96.6786819975273,2
16.11,-551.836704,21.1649074363681,70.4182084267352,2
16.12,-551.434368,14.3252300597853,48.1106848409527,2
16.13,-551.032032,10.5144517735241,36.156026857038,2
16.14,-550.629696,6.66535683894772,24.9574354485376,2
16.15,-550.22736,29.6101634077478,98.3786069531103,2
16.16,-549.825024,33.7378261458609,112.08073211691,2
16.17,-549.422688,26.2591122005845,87.2649822194916,2
16.18,-549.020352,25.6505662315571,85.2485584066531,2
16.19,-548.618016,20.1380663285032,67.0362909203216,2
16.2,-548.21568,32.0913272295666,106.613992141355,2
16.21,-547.813344,21.1211153470915,70.2738438419792,2
16.22,-547.411008,12.5915364273701,42.6014466685491,2
16.23,-547.008672,17.7859703773866,59.3219394673767,2
16.24,-546.606336,20.8095167404828,69.2469596466719,2
16.25,-546.204,31.0750880483215,103.240466946539,2
16.26,-545.801664,25.245207700292,83.9058179362988,2
16.27,-545.399328,19.0029174673779,63.306695757921,2
16.28,-544.996992,21.1079174418269,70.2303379362234,2
16.29,-544.594656,10.3168213002537,35.554206019539,2
16.3,-544.19232,26.8244401969528,89.1388034484821,2
16.31,-543.789984,21.5489484777691,71.6846958393827,2
16.32,-543.387648,19.6475590090351,65.4234014070044,2
16.33,-542.985312,13.4509403601156,45.320513105622,2
16.34,-542.582976,22.2683910319043,74.0593137502293,2
16.35,-542.18064,16.8185489669519,56.1670680233254,2
16.36,-541.778304,10.4185094919161,35.8635802220976,2
16.37,-541.375968,22.2034261806746,73.8447872039219,2
16.38,-540.973632,22.6028616119058,75.1640940169325,2
16.39,-540.571296,16.6575283639335,55.6432706989041,2
16.4,-540.16896,25.860667183879,85.9446487721983,2
16.41,-539.766624,22.5442735599167,74.9705388870924,2
16.42,-539.364288,16.1600125117183,54.0275181874269,2
16.43,-538.961952,15.6974016219066,52.5290383697771,2
16.44,-538.559616,12.6853954332242,42.8971333496402,2
16.45,-538.15728,23.1384435708916,76.9341137424583,2
16.46,-537.754944,25.4775098196123,84.6752696519187,2
16.47,-537.352608,14.0899724955975,47.3577549066844,2
16.48,-536.950272,29.4699343311194,97.9132933642194,2
16.49,-536.547936,20.5602422870081,68.4259014941025,2
16.5,-536.1456,19.6095597850861,65.2985309250056,2
16.51,-535.743264,27.5240475362545,91.4583977474992,2
16.52,-535.340928,27.1328459622501,90.161254680441,2
16.53,-534.938592,18.8203746036157,62.7079941579747,2
16.54,-534.536256,20.5526552453892,68.4009176804183,2
16.55,-534.13392,23.2600663905553,77.3362110528677,2
16.56,-533.731584,18.4828141197811,61.6017364646272,2
16.57,-533.329248,14.4522515041206,48.5178199008626,2
16.58,-532.926912,28.82022935591,95.7576472331296,2
16.59,-532.524576,23.8201462300914,79.1885523286462,2
16.6,-532.12224,18.4325865314367,61.4372304922741,2
16.61,-531.719904,6.08806105316416,23.3988394145756,2
16.62,-531.317568,30.9741312710475,102.905360478132,2
16.63,-530.915232,36.2112715591503,120.294691745038,2
16.64,-530.512896,26.2189790460069,87.1319789638576,2
16.65,-530.11056,26.5475046298867,88.2208127188184,2
16.66,-529.708224,30.0931531738213,99.9814048831881,2
16.67,-529.305888,32.8198890278357,109.032846241188,2
16.68,-528.903552,14.4669976736739,48.565111956961,2
16.69,-528.501216,30.8549581716228,102.509796472525,2
16.7,-528.09888,27.9194005624529,92.7695158221454,2
16.71,-527.696544,19.6705394499271,65.4989238738865,2
16.72,-527.294208,32.8933379561819,109.276711973262,2
16.73,-526.891872,33.1139359045758,110.009155672168,2
16.74,-526.489536,31.7681085438952,105.540971143273,2
16.75,-526.0872,34.7141341661918,115.322729357758,2
16.76,-525.684864,26.7267299338872,88.814897545238,2
16.77,-525.282528,30.4859617042494,101.285066584528,2
16.78,-524.880192,34.2554793279304,113.799653518117,2
16.79,-524.477856,28.6540973583328,95.2065058621389,2
16.8,-524.07552,20.4350179090371,68.0135919582804,2
16.81,-523.673184,22.0599485308671,73.3710646136026,2
16.82,-523.270848,19.4670164882804,64.8302209741574,2
16.83,-522.868512,24.8999688810682,82.7625158458866,2
16.84,-522.466176,27.2983739405983,90.7100846375506,2
16.85,-522.06384,25.4150413225626,84.4683442558148,2
16.86,-521.661504,25.6279200987381,85.1735343566797,2
16.87,-521.259168,31.8328769768437,105.755985176786,2
16.88,-520.856832,36.1424270811257,120.066050480258,2
16.89,-520.454496,20.8842506470641,69.4931941872647,2
16.9,-520.05216,21.0201413645632,69.9410166834914,2
16.91,-519.649824,33.1203323766802,110.030393931468,2
16.92,-519.247488,20.9724402206191,69.783806749338,2
16.93,-518.845152,32.1403318111948,106.776681888596,2
16.94,-518.442816,8.47891491036895,30.0812294695441,2
16.95,-518.04048,17.6347368044613,58.827922456875,2
16.96,-517.638144,26.22705875489,87.1587552834164,2
16.97,-517.235808,24.3837274525596,81.0534714328532,2
16.98,-516.833472,15.8714064602917,53.0922029601929,2
16.99,-516.431136,29.073057683824,96.5964555573351,2
17,-516.0288,27.3623489099555,90.9222126330938,2
17.01,-515.626464,20.5024803662958,68.2357035035506,2
17.02,-515.224128,12.4668362308061,42.2091168137611,2
17.03,-514.821792,29.7407328639725,98.8118823855012,2
17.04,-514.419456,25.8254296640621,85.8278963272495,2
17.05,-514.01712,23.6169148251072,78.5162880048876,2
17.06,-513.614784,26.2000249141584,87.0691650516405,2
17.07,-513.212448,27.9875300111562,92.9954749691638,2
17.08,-512.810112,23.6798245516994,78.7243713289349,2
17.09,-512.407776,30.7734447745294,102.239239137007,2
17.1,-512.00544,23.4717645878148,78.0362320015922,2
17.11,-511.603104,22.6930533684396,75.4620849200041,2
17.12,-511.200768,23.6020888688163,78.4672508314647,2
17.13,-510.798432,20.5905016269052,68.5255480231202,2
17.14,-510.396096,14.6246688484356,49.0711180575399,2
17.15,-509.99376,19.8871721682053,66.2110679679694,2
17.16,-509.591424,20.8058597747416,69.2349115042736,2
17.17,-509.189088,19.4010181814382,64.6134488262571,2
17.18,-508.786752,30.4293332345486,101.097120030327,2
17.19,-508.384416,20.6653281505949,68.7719837151529,2
17.2,-507.98208,16.5516459505782,55.2990596803612,2
17.21,-507.579744,6.97594403642479,25.8115546774633,2
17.22,-507.177408,23.4591694425851,77.994579375625,2
17.23,-506.775072,25.1282811672345,83.5185694828685,2
17.24,-506.372736,6.75734878311991,25.2093150946353,2
17.25,-505.9704,15.5067736057283,51.9127528515683,2
17.26,-505.568064,13.7810309711902,46.3713386287852,2
17.27,-505.165728,22.1277741493322,73.5949937384435,2
17.28,-504.763392,18.5100022021036,61.6907943009271,2
17.29,-504.361056,27.4201821531112,91.1139808424705,2
17.3,-503.95872,16.463225964003,55.0117558765626,2
17.31,-503.556384,22.8774664411138,76.0714826109562,2
17.32,-503.154048,20.1667810231385,67.1307668927771,2
17.33,-502.751712,21.5056498970964,71.5418658943784,2
17.34,-502.349376,22.3555241139699,74.3470737579646,2
17.35,-501.94704,29.4323101829041,97.7884503112627,2
17.36,-501.544704,5.80953078677129,22.6611084187964,2
17.37,-501.142368,10.8962549777206,37.3249534374656,2
17.38,-500.740032,18.6434982006167,62.1281880526228,2
17.39,-500.337696,24.4544269150904,81.2874840301194,2
17.4,-499.93536,12.655257980148,42.8021545406099,2
17.41,-499.533024,19.6858965659686,65.5493955755567,2
17.42,-499.130688,19.1511976302008,63.7932538337707,2
17.43,-498.728352,10.3454753986244,35.6413209270031,2
17.44,-498.326016,11.5509896296506,39.3472368998912,2
17.45,-497.92368,19.6264283610444,65.3539618460972,2
17.46,-497.521344,17.0866205001289,57.0399717826792,2
17.47,-497.119008,17.4448010788734,58.2078957772049,2
17.48,-496.716672,10.4193005289036,35.8659892394063,2
17.49,-496.314336,6.10049998730801,23.4320080046675,1
17.5,-495.912,14.1901377082601,47.6781460585377,2
17.51,-495.509664,9.1078908911992,31.9268139016648,2
17.52,-495.107328,19.5340335322322,65.0503768602633,2
17.53,-494.704992,19.589907990443,65.2339571575234,2
17.54,-494.302656,29.2715778153412,97.2551281280564,2
17.55,-493.90032,-0.13134645036698,9.78348770641573,1
17.56,-493.497984,16.949714998871,56.5940422258509,2
17.57,-493.095648,26.3747915200755,87.6483653380252,2
17.58,-492.693312,36.7214638363131,121.989131297768,2
17.59,-492.290976,17.4193701855102,58.1249150660804,2
17.6,-491.88864,14.5552531365025,48.8482690105474,2
17.61,-491.486304,17.5252662124704,58.4705089827412,2
17.62,-491.083968,28.2454032160976,93.8507913054393,2
17.63,-490.681632,19.2770550315805,64.2063920187526,2
17.64,-490.279296,21.5000268833087,71.5233178710659,2
17.65,-489.87696,35.3337744691225,117.380482200783,2
17.66,-489.474624,26.0562005988725,86.59255346472,2
17.67,-489.072288,21.214888957344,70.5829905276978,2
17.68,-488.669952,16.199836917808,54.1566988057832,2
17.69,-488.267616,22.6548942795094,75.3360043352378,2
17.7,-487.86528,29.3397104303828,97.4811945135416,2
17.71,-487.462944,19.6719948429633,65.5037069926543,2
17.72,-487.060608,15.2144140954972,50.9690259386554,2
17.73,-486.658272,26.4522478098655,87.9050832765885,2
17.74,-486.255936,11.7843384319754,40.0729675539012,2
17.75,-485.8536,21.6568058232691,72.0405299828282,2
17.76,-485.451264,25.2587636230612,83.9507157610283,2
17.77,-485.048928,3.33223448511989,16.5713218127144,1
17.78,-484.646592,24.5822631343189,81.7106515785184,2
17.79,-484.244256,6.5004914221815,24.5083946294169,2
17.8,-483.84192,17.5351648152806,58.5028208184744,2
17.81,-483.439584,22.7215013614311,75.5560831510589,2
17.82,-483.037248,28.223188340859,93.7771057377462,2
17.83,-482.634912,14.6819054522088,49.2549572495278,2
17.84,-482.232576,32.6069053280467,108.325708328878,2
17.85,-481.83024,4.56833399640742,19.4975134868168,2
17.86,-481.427904,15.8509616194321,53.0260035341574,2
17.87,-481.025568,27.2886675005517,90.6779005607026,2
17.88,-480.623232,17.407739868152,58.0869683531025,2
17.89,-480.220896,28.6338409510796,95.1393073592351,2
17.9,-479.81856,29.1469321606467,96.8415604021151,2
17.91,-479.416224,21.4134463319052,71.2377454762759,2
17.92,-479.013888,25.3710034813808,84.3224750834855,2
17.93,-478.611552,21.8487335041923,72.6738694116626,2
17.94,-478.209216,25.1723710429388,83.664586839754,2
17.95,-477.80688,13.6039671140836,45.8072511717504,2
17.96,-477.404544,17.6538097998988,58.8902101185623,2
17.97,-477.002208,21.8885158512292,72.8051696130579,2
17.98,-476.599872,24.2782329585142,80.7043143612998,2
17.99,-476.197536,25.3678279373593,84.3119567043058,2
18,-475.7952,17.7458829250562,59.190962636118,2
18.01,-475.392864,17.9626939656061,59.8995781559886,2
18.02,-474.990528,24.081690496195,80.0538988907901,2
18.03,-474.588192,19.4973074370609,64.9297242851247,2
18.04,-474.185856,17.2107443498305,57.4445022395197,2
18.05,-473.78352,27.8028121122996,92.382850132562,2
18.06,-473.381184,13.7005083554855,46.1146940699099,2
18.07,-472.978848,19.9711044024168,66.4870792543832,2
18.08,-472.576512,11.0603789633358,37.8298531283943,2
18.09,-472.174176,15.7180952983185,52.5959826563172,2
18.1,-471.77184,14.8025965523837,49.6428671678215,2
18.11,-471.369504,23.821476552884,79.1929533066815,2
18.12,-470.967168,16.947247868744,56.5860087976879,2
18.13,-470.564832,11.89096546862,40.4054003973527,2
18.14,-470.162496,18.5800095266445,61.9201472682023,2
18.15,-469.76016,7.0267768442264,25.9523366118318,2
18.16,-469.357824,20.5903304722792,68.5249843797337,2
18.17,-468.955488,14.1424735700158,47.525652061401,2
18.18,-468.553152,14.246533171775,47.8586538851036,2
18.19,-468.150816,16.7738923361232,56.0217604678026,2
18.2,-467.74848,17.5306490556163,58.488079944799,2
18.21,-467.346144,17.8756365022367,59.6149749957245,2
18.22,-466.943808,17.5332632262236,58.4966133954801,2
18.23,-466.541472,27.8387467627392,92.5020256188572,2
18.24,-466.139136,21.9925118866169,73.1484411452272,2
18.25,-465.7368,13.8534007136519,46.6021613817452,2
18.26,-465.334464,17.9906510257695,59.9909928685077,2
18.27,-464.932128,10.2255354884727,35.2770037866382,2
18.28,-464.529792,17.5782401717082,58.6434457782774,2
18.29,-464.127456,19.4580493306428,64.8007660742452,2
18.3,-463.72512,10.985876706441,37.6004847856193,2
18.31,-463.322784,14.8565800476062,49.816486385289,2
18.32,-462.920448,32.0140507269443,106.357445076622,2
18.33,-462.518112,14.0946094560747,47.3725807393664,2
18.34,-462.115776,8.40650006278121,29.8707925519397,2
18.35,-461.71344,9.62042701938479,33.452694481162,2
18.36,-461.311104,27.3105173843948,90.750349384885,2
18.37,-460.908768,14.6440962695489,49.1335083108476,2
18.38,-460.506432,15.101586417613,50.6053115376983,2
18.39,-460.104096,20.6681570647921,68.7813012499843,2
18.4,-459.70176,0.257640338485692,10.4342770458323,2
18.41,-459.299424,8.40206620822085,29.8579221161268,2
18.42,-458.897088,16.4990389405395,55.1281078649062,2
18.43,-458.494752,17.1130775613668,57.1261792648451,2
18.44,-458.092416,18.1146401135016,60.3965256732113,2
18.45,-457.69008,16.0603410291192,53.7043315768413,2
18.46,-457.287744,21.4041356583307,71.2070380936713,2
18.47,-456.885408,27.5742625563171,91.6249156490964,2
18.48,-456.483072,12.5035578152721,42.324587684688,2
18.49,-456.080736,32.5450996575855,108.120507727652,2
18.5,-455.6784,25.9273403639898,86.1655636536027,2
18.51,-455.276064,23.2984833541946,77.4632324759245,2
18.52,-454.873728,36.1594319079903,120.122525590984,2
18.53,-454.471392,28.9020703258126,96.0291641206092,2
18.54,-454.069056,11.5047818325876,39.2038257151946,2
18.55,-453.66672,22.0875662606095,73.4622431154868,2
18.56,-453.264384,8.50131553270572,30.1464141560137,2
18.57,-452.862048,20.9485200791497,69.7049776459087,2
18.58,-452.459712,18.0871974213932,60.3067531432859,2
18.59,-452.057376,18.1371840104418,60.4702793624585,2
18.6,-451.65504,20.3545177198046,67.7485958585902,2
18.61,-451.252704,18.5168096611203,61.7130941671095,2
18.62,-450.850368,23.6916693761427,78.7635513008308,2
18.63,-450.448032,24.5073550910444,81.4626832495021,2
18.64,-450.045696,18.4786547543618,61.588112648882,2
18.65,-449.64336,36.1460180817797,120.077976628355,2
18.66,-449.241024,21.3029937690837,70.8734943495238,2
18.67,-448.838688,27.6621416619556,91.9163393922036,2
18.68,-448.436352,18.957574808131,63.1579518245765,2
18.69,-448.034016,17.8516276832358,59.5365027990626,2
18.7,-447.63168,16.7564491527251,55.9650106855783,2
18.71,-447.229344,24.4924595306742,81.413376220778,2
18.72,-446.827008,15.1832739440624,50.8686138060224,2
18.73,-446.424672,18.1182913467703,60.4084705041454,2
18.74,-446.022336,20.9306377044034,69.6460483331673,2
18.75,-445.62,11.0158003719743,37.6925754308088,2
18.76,-445.217664,15.981046812039,53.4473464630241,2
18.77,-444.815328,12.1411175125492,41.187233077047,2
18.78,-444.412992,24.5520396733416,81.610600961311,2
18.79,-444.010656,15.1516744751007,50.7667422478421,2
18.8,-443.60832,14.4553639437793,48.5278012625992,2
18.81,-443.205984,9.71691315811663,33.7419908793193,2
18.82,-442.803648,26.5152831185365,88.114012549222,2
18.83,-442.401312,0.868145153729731,11.5138992835136,1
18.84,-441.998976,18.3657646053425,61.2184163165268,2
18.85,-441.59664,9.95728083212297,34.4653649282798,2
18.86,-441.194304,12.6163886161355,42.6797070421774,2
18.87,-440.791968,20.3889676259333,67.861995003421,2
18.88,-440.389632,11.3482056449064,38.7186281960187,2
18.89,-439.987296,13.4945624919621,45.4591892440407,2
18.9,-439.58496,18.3347388908231,61.1168363202918,2
18.91,-439.182624,17.4783216436266,58.3172861187703,2
18.92,-438.780288,16.4140661830544,54.8520762787822,2
18.93,-438.377952,4.95683153082708,20.4649127537791,2
18.94,-437.975616,2.27189412401856,14.2615135091017,1
18.95,-437.57328,7.72562656160446,27.9145681485979,2
18.96,-437.170944,21.843352060899,72.6561087500558,2
18.97,-436.768608,9.14755063417013,32.0442097292499,2
18.98,-436.366272,14.3920650334273,48.324855291229,2
18.99,-435.963936,12.7934192971809,43.2378482430297,2
19,-435.5616,6.93138234797705,25.6883668736937,2
19.01,-435.159264,16.1795191683139,54.0907895201208,2
19.02,-434.756928,22.1160641011614,73.5563309929083,2
19.03,-434.354592,10.5342523186145,36.216447918248,2
19.04,-433.952256,29.6327774727256,98.4536473763884,2
19.05,-433.54992,18.1746234487559,60.5927774734721,2
19.06,-433.147584,27.9034576189846,92.7166400394704,2
19.07,-432.745248,9.28174276475082,32.4422866136382,2
19.08,-432.342912,15.5043295273317,51.9048560759385,2
19.09,-431.940576,24.9212204038082,82.8328847217131,2
19.1,-431.53824,15.6412193502448,52.3473303530346,2
19.11,-431.135904,19.7320228610157,65.7010026524002,2
19.12,-430.733568,18.3301883799708,61.1019385634158,2
19.13,-430.331232,13.8579683526799,46.6167349620877,2
19.14,-429.928896,26.9441357204662,89.5356102333873,2
19.15,-429.52656,23.2106160712751,77.1727168424816,2
19.16,-429.124224,21.149763634788,70.3682842592941,2
19.17,-428.721888,0.24600724993701,10.4143948679232,2
19.18,-428.319552,29.2810108912792,97.2864271536079,2
19.19,-427.917216,15.8822297856902,53.1272515593395,2
19.2,-427.51488,27.450484190045,91.2144606682357,2
19.21,-427.112544,25.8365879653802,85.8648668513187,2
19.22,-426.710208,11.5929782498241,39.4776399713394,2
19.23,-426.307872,25.1019218353865,83.43127450909,2
19.24,-425.905536,18.0571606669055,60.2085046754745,2
19.25,-425.5032,14.7526922089832,49.48242859303,2
19.26,-425.100864,18.1373809542528,60.4709237013148,2
19.27,-424.698528,23.8895464419404,79.4181497222882,2
19.28,-424.296192,9.58542025566965,33.3478885612651,1
19.29,-423.893856,25.5689316602435,84.9781174277189,2
19.3,-423.49152,29.1493420294859,96.8495560847076,2
19.31,-423.089184,19.563751038884,65.1480130462129,2
19.32,-422.686848,13.6948336602629,46.0966147796599,2
19.33,-422.284512,15.4630719470018,51.7715719556449,2
19.34,-421.882176,12.4440138502843,42.1373782837247,2
19.35,-421.47984,10.8337391152076,37.1330084795067,2
19.36,-421.077504,25.7156234430589,85.4640914028096,2
19.37,-420.675168,14.2803988050567,47.9670902471098,2
19.38,-420.272832,21.1727231170029,70.4439746901543,2
19.39,-419.870496,18.4728592418166,61.5691300108107,2
19.4,-419.46816,20.7983764006024,69.2102572387617,2
19.41,-419.065824,0.161893103067519,10.2714044299219,2
19.42,-418.663488,10.8465229934232,37.1722422922467,2
19.43,-418.261152,19.2071158922303,63.9767930222973,2
19.44,-417.858816,26.341024362568,87.5364521446933,2
19.45,-417.45648,10.8525067607592,37.1906095352111,2
19.46,-417.054144,28.938058348341,96.1485606397489,2
19.47,-416.651808,14.8183573587328,49.6935492351152,2
19.48,-416.249472,28.1591895516047,93.5648283119846,2
19.49,-415.847136,22.4001815414819,74.4945694290357,2
19.5,-415.4448,15.1803979463391,50.859341151729,2
19.51,-415.042464,17.5980080111252,58.707988424526,2
19.52,-414.640128,22.1193548250524,73.5671958216824,2
19.53,-414.237792,11.3923787398999,38.8553923140435,2
19.54,-413.835456,9.720191717179,33.7518320151113,2
19.55,-413.43312,19.4534358929243,64.785612335181,2
19.56,-413.030784,12.7134540810146,42.985591062892,2
19.57,-412.628448,22.8035480286257,75.827201080781,2
19.58,-412.226112,27.619393404438,91.7745768089319,2
19.59,-411.823776,11.0570916866155,37.8197266044758,2
19.6,-411.42144,20.3305898427003,67.6698370256547,2
19.61,-411.019104,18.7299784849254,62.411634002821,2
19.62,-410.616768,21.5062826580436,71.5439531245736,2
19.63,-410.214432,13.8204748326997,46.4971255224223,2
19.64,-409.812096,16.1679311516105,54.0532020932749,2
19.65,-409.40976,9.83055294621174,34.0835144003101,2
19.66,-409.007424,17.1691701213208,57.3089838786391,2
19.67,-408.605088,21.5328001570056,71.6314258689768,2
19.68,-408.202752,20.0485244111712,66.7417222417736,2
19.69,-407.800416,21.6185393499365,71.9142774230907,2
19.7,-407.39808,18.2531596900687,60.8497915266641,2
19.71,-406.995744,22.9934726838699,76.4548965628239,2
19.72,-406.593408,8.42971461125609,29.9382059465077,2
19.73,-406.191072,20.82497374793,69.297884815284,2
19.74,-405.788736,24.9442007357798,82.9089793421364,2
19.75,-405.3864,11.8218639250257,40.1899041153972,2
19.76,-404.984064,21.0228379362524,69.9499042527335,2
19.77,-404.581728,19.2969099291064,64.2715803645928,2
19.78,-404.179392,25.8371833951553,85.8668396810319,2
19.79,-403.777056,21.5510818670532,71.6917335524824,2
19.8,-403.37472,25.8586911769658,85.9381016050982,2
19.81,-402.972384,24.5132332632104,81.4821412386632,2
19.82,-402.570048,17.8606429288706,59.5659680748602,2
19.83,-402.167712,12.0213799038371,40.8126693454658,2
19.84,-401.765376,30.9816267249038,102.930239973475,2
19.85,-401.36304,5.30417080865892,21.3477860691436,2
19.86,-400.960704,11.0066476404801,37.66440277298,2
19.87,-400.558368,8.32168270893275,29.6248766131116,2
19.88,-400.156032,12.666933475635,42.8389460941254,2
19.89,-399.753696,28.0961423491767,93.3557118680951,2
19.9,-399.35136,8.80220555497255,31.0259584526421,2
19.91,-398.949024,27.4556366514266,91.2315460616885,2
19.92,-398.546688,13.8174281428151,46.4874079688824,2
19.93,-398.144352,24.0203681418013,79.8509888090031,2
19.94,-397.742016,33.4678139050977,111.184162044282,2
19.95,-397.33968,21.4940690571751,71.5036656229222,2
19.96,-396.937344,17.3945084615579,58.0437999054003,2
19.97,-396.535008,29.6632335481231,98.5547106731401,2
19.98,-396.132672,23.545062951861,78.2786431685492,2
19.99,-395.730336,20.8737409212639,69.4585644794115,2
20,-395.328,33.1229860957305,110.039205101281,2
