time_s,ue_x_m,SINR_dB,throughput_Mbps,serving_idx
0,-1200,44.59163345752,148.1307011709,1
0.01,-1199.597664,33.1511894041248,110.13284898894,1
0.02,-1199.195328,35.2004325490291,116.93766161465,1
0.03,-1198.792992,29.0821284520654,96.6265507804574,1
0.04,-1198.390656,24.8797328594632,82.6955105695033,1
0.05,-1197.98832,35.4116259885208,117.63902431475,1
0.06,-1197.585984,43.9608610977826,146.035399091214,1
0.07,-1197.183648,29.2843816484279,97.2976113737081,1
0.08,-1196.781312,24.9066916191835,82.7847763202316,1
0.09,-1196.378976,30.5043834612537,101.346207783881,1
0.1,-1195.97664,21.21375645429,70.5792566649732,1
0.11,-1195.574304,22.6266933189726,75.2428300169224,1
0.12,-1195.171968,33.2572179080985,110.484899711921,1
0.13,-1194.769632,23.3312164816106,77.5714650565708,1
0.14,-1194.367296,22.3126536801221,74.2054884602506,1
0.15,-1193.96496,25.2735478556313,83.9996822775001,1
0.16,-1193.562624,32.5067007477081,107.993020575367,1
0.17,-1193.160288,34.7938239257259,115.587364445158,1
0.18,-1192.757952,16.8421359640974,56.243829716777,1
0.19,-1192.355616,27.8233322848617,92.4509040682238,1
0.2,-1191.95328,15.2686757350341,51.1440440296183,1
0.21,-1191.550944,26.9711648933929,89.6252186577123,1
0.22,-1191.148608,33.0058214998467,109.650184846286,1
0.23,-1190.746272,16.9829239397272,56.7021853956583,1
0.24,-1190.343936,31.273096029012,103.897733606251,1
0.25,-1189.9416,34.6277631914309,115.035909031416,1
0.26,-1189.539264,4.4623732204818,19.2374639368383,1
0.27,-1189.136928,21.5989591339483,71.8496793638171,1
0.28,-1188.734592,18.7847366055334,62.5911467379435,1
0.29,-1188.332256,14.7423855793103,49.4493009995028,1
0.3,-1187.92992,16.1653598797068,54.0448621174108,1
0.31,-1187.527584,29.0089891303637,96.3838895208888,1
0.32,-1187.125248,15.5016939440845,51.8963406877786,1
0.33,-1186.722912,22.7008710115536,75.4879157514379,1
0.34,-1186.320576,25.8568383001135,85.9319624157835,1
0.35,-1185.91824,35.7902575836309,118.896464885752,1
0.36,-1185.515904,22.4794239914224,74.7563146836288,1
0.37,-1185.113568,36.0161264755952,119.646592411226,1
0.38,-1184.711232,30.1745098940769,100.251404248096,1
0.39,-1184.308896,32.5325646864805,108.078890649656,1
0.4,-1183.90656,26.4369939229121,87.8545255980797,1
0.41,-1183.504224,21.2687738174482,70.7606573285849,1
0.42,-1183.101888,29.1993244142729,97.0153934097336,1
0.43,-1182.699552,41.9432118815037,139.333256169456,1
0.44,-1182.297216,35.3455406506288,117.419557182674,1
0.45,-1181.89488,46.4350091869564,154.254089449595,1
0.46,-1181.492544,41.1354094483218,136.649983092491,1
0.47,-1181.090208,29.935845635129,99.4593608832595,1
0.48,-1180.687872,30.5501577114806,101.498131996081,1
0.49,-1180.285536,45.5294358811135,151.245916052293,1
0.5,-1179.8832,29.9181994354491,99.4008010290053,1
0.51,-1179.480864,44.3187676687857,147.224293140553,1
0.52,-1179.078528,27.9621363242038,92.9112532254628,1
0.53,-1178.676192,28.9843114369137,96.3020151510947,1
0.54,-1178.273856,45.4879939573498,151.10825283355,1
0.55,-1177.87152,36.7916845476174,122.222350234948,1
0.56,-1177.469184,34.5777352262135,114.869777296089,1
0.57,-1177.066848,30.1832349771269,100.280360558689,1
0.58,-1176.664512,42.8939222981388,142.491266501828,1
0.59,-1176.262176,31.0833544457428,103.267905922796,1
0.6,-1175.85984,30.8089781966064,102.357180311924,1
0.61,-1175.457504,32.8830384746089,109.24251542192,1
0.62,-1175.055168,38.8975510053116,129.216726986596,1
0.63,-1174.652832,41.1671840119151,136.755527811299,1
0.64,-1174.250496,23.5264557465395,78.2171040019071,1
0.65,-1173.84816,30.4614951335335,101.20386320769,1
0.66,-1173.445824,39.5651406879039,131.434146973179,1
0.67,-1173.043488,25.800133390304,85.7440837268242,1
0.68,-1172.641152,40.7918126853283,135.508670796489,1
0.69,-1172.238816,47.4641521822093,157.672759309668,1
0.7,-1171.83648,40.6660296522752,135.090863931469,1
0.71,-1171.434144,37.5006900831845,124.577160844249,1
0.72,-1171.031808,41.4553551842583,137.712740936565,1
0.73,-1170.629472,43.4000608014055,144.172540710571,1
0.74,-1170.227136,37.858313780657,125.764958323755,1
0.75,-1169.8248,43.6368172039758,144.958993470862,1
0.76,-1169.422464,44.5230147651209,147.902762790378,1
0.77,-1169.020128,39.2003540566921,130.222491725755,1
0.78,-1168.617792,46.2932194069588,153.783084875955,1
0.79,-1168.215456,42.9838426022113,142.789960103653,1
0.8,-1167.81312,44.0221057143482,146.238841188503,1
0.81,-1167.410784,24.94885884304,82.9244038586581,1
0.82,-1167.008448,27.3073742095604,90.7399273508973,1
0.83,-1166.606112,37.5163159911116,124.629059775766,1
0.84,-1166.203776,43.7487227001212,145.330719598545,1
0.85,-1165.80144,50.1848373529415,166.710559397596,1
0.86,-1165.399104,32.0082633364042,106.338231873,1
0.87,-1164.996768,26.0164608186095,86.4608687946964,1
0.88,-1164.594432,42.52062299278,141.251259552915,1
0.89,-1164.192096,49.6189892915258,164.83087206478,1
0.9,-1163.78976,24.0717293855601,80.020937720906,1
0.91,-1163.387424,29.3451291871094,97.4991743146542,1
0.92,-1162.985088,30.314240395366,100.715140544487,1
0.93,-1162.582752,46.6655346496995,155.019861512678,1
0.94,-1162.180416,36.878398582675,122.51034833545,1
0.95,-1161.77808,42.2098953208583,140.219104453818,1
0.96,-1161.375744,48.537023694152,161.236704706597,1
0.97,-1160.973408,41.8349861609414,138.9737613776,1
0.98,-1160.571072,44.3784710704158,147.422616261358,1
0.99,-1160.168736,39.7187202245704,131.944271751312,1
1,-1159.7664,27.0953676075041,90.0369957814329,1
1.01,-1159.364064,39.9152609392522,132.597097775031,1
1.02,-1158.961728,43.3637172751826,144.051815671019,1
1.03,-1158.559392,48.9844852124321,162.723119914164,1
1.04,-1158.157056,32.0814736624604,106.581279533646,1
1.05,-1157.75472,45.8103416631212,152.179039567069,1
1.06,-1157.352384,44.7612739339029,148.694215436049,1
1.07,-1156.950048,34.7785840447216,115.536755467823,1
1.08,-1156.547712,42.9616226374851,142.716150701097,1
1.09,-1156.145376,47.7425198563731,158.597460647304,1
1.1,-1155.74304,25.2425834479603,83.8971263429799,1
1.11,-1155.340704,33.8414963047382,112.424973081325,1
1.12,-1154.938368,43.9247987663752,145.915607451543,1
1.13,-1154.536032,42.1460036325341,140.006873712722,1
1.14,-1154.133696,50.3264347957194,167.180931485888,1
1.15,-1153.73136,57.2953134817253,190.330938453541,1
1.16,-1153.329024,49.7709356237389,165.335621439634,1
1.17,-1152.926688,52.8240697129635,175.477836560833,1
1.18,-1152.524352,57.5438966659275,191.156712420961,1
1.19,-1152.122016,39.8749600314376,132.4632347707,1
1.2,-1151.71968,59.0600418903852,196.193230353968,1
1.21,-1151.317344,16.5941598750087,55.4372457649848,1
1.22,-1150.915008,47.0455974862012,156.282376876422,1
1.23,-1150.512672,51.6583316858638,171.605361840433,1
1.24,-1150.110336,50.0191098969413,166.160030083274,1
1.25,-1149.708,39.0265966394912,129.645352868202,1
1.26,-1149.305664,41.0418634279318,136.339254123101,1
1.27,-1148.903328,43.9926517366027,146.141001080804,1
1.28,-1148.500992,45.2335532459061,150.263043686505,1
1.29,-1148.098656,47.4774556810135,157.716951784939,1
1.3,-1147.69632,54.1253069289998,179.800433532978,1
1.31,-1147.293984,43.5838289645446,144.782978014757,1
1.32,-1146.891648,50.0499798706964,166.262576899034,1
1.33,-1146.489312,57.2593952109977,190.211620764233,1
1.34,-1146.086976,36.4720111065106,121.160648679676,1
1.35,-1145.68464,41.0362752380998,136.320692019535,1
1.36,-1145.282304,47.9620327769984,159.32665482743,1
1.37,-1144.879968,35.3398610408313,117.400695439352,1
1.38,-1144.477632,44.1710973912842,146.733761555366,1
1.39,-1144.075296,42.4391961344896,140.980780665576,1
1.4,-1143.67296,40.5720651649543,134.778747726865,1
1.41,-1143.270624,42.494771823135,141.165388646518,1
1.42,-1142.868288,43.0981619534765,143.16970191453,1
1.43,-1142.465952,35.40624949529,117.62116912974,1
1.44,-1142.063616,38.845797728964,129.044828613731,1
1.45,-1141.66128,25.280522952745,84.0227845075706,1
1.46,-1141.258944,48.8479992938623,162.269729325949,1
1.47,-1140.856608,35.588554656049,118.226603016023,1
1.48,-1140.454272,35.0440078529504,116.418189743548,1
1.49,-1140.051936,47.5964363654997,158.112190094361,1
1.5,-1139.6496,36.6014561685374,121.590560429816,1
1.51,-1139.247264,33.6214062429975,111.69415925561,1
1.52,-1138.844928,50.0337822188865,166.208769997321,1
1.53,-1138.442592,38.6353847611272,128.345945273196,1
1.54,-1138.040256,24.3675307117958,80.9998627614199,1
1.55,-1137.63792,26.1963833216877,87.0570969047445,1
1.56,-1137.235584,40.5415472300139,134.677378258566,1
1.57,-1136.833248,38.9784738574978,129.485512557756,1
1.58,-1136.430912,24.5267039839722,81.5267325143389,1
1.59,-1136.028576,36.98962836035,122.879770818886,1
1.6,-1135.62624,43.7934411128591,145.479264716389,1
1.61,-1135.223904,27.7146872354872,92.0905952879123,1
1.62,-1134.821568,35.1457907056229,116.75620048097,1
1.63,-1134.419232,33.7326637778253,112.063590354719,1
1.64,-1134.016896,28.529703001864,94.7938474645292,1
1.65,-1133.61456,29.7167476595779,98.7322899835389,1
1.66,-1133.212224,25.0958768121676,83.411255257712,1
1.67,-1132.809888,23.680235920469,78.7257320351622,1
1.68,-1132.407552,39.4922993102084,131.192200122411,1
1.69,-1132.005216,41.1262995681528,136.619723057915,1
1.7,-1131.60288,29.0449794758991,96.5032974658774,1
1.71,-1131.200544,37.6981550780355,125.233011359674,1
1.72,-1130.798208,45.8255992663236,152.229722900205,1
1.73,-1130.395872,29.9902494393154,99.6399043214993,1
1.74,-1129.993536,45.9237210540276,152.555667996214,1
1.75,-1129.5912,48.4280017155511,160.874546669315,1
1.76,-1129.188864,39.5422609285658,131.358150479999,1
1.77,-1128.786528,41.2456457101467,137.016152189559,1
1.78,-1128.384192,39.9453073802643,132.696899749861,1
1.79,-1127.981856,42.7146466599958,141.895756946937,1
1.8,-1127.57952,40.170259158895,133.444099642631,1
1.81,-1127.177184,42.3896714770165,140.816272749611,1
1.82,-1126.774848,38.58525831643,128.179451756334,1
1.83,-1126.372512,55.8498770399907,185.529313148536,1
1.84,-1125.970176,49.905144882031,165.781450317475,1
1.85,-1125.56784,35.8499354951855,119.09465872676,1
1.86,-1125.165504,42.3360433215041,140.63813421205,1
1.87,-1124.763168,38.7715362298592,128.798169705033,1
1.88,-1124.360832,48.6310726231647,161.549124157635,1
1.89,-1123.958496,41.2766275961518,137.119064089556,1
1.9,-1123.55616,38.1001849128454,126.568308884297,1
1.91,-1123.153824,36.0705319166272,119.827278438296,1
1.92,-1122.751488,34.8682214071821,115.834426300439,1
1.93,-1122.349152,38.1330294115244,126.677399115591,1
1.94,-1121.946816,32.300594041279,107.308742384056,1
1.95,-1121.54448,37.6103546423606,124.941394674532,1
1.96,-1121.142144,47.5208055868955,157.860954493905,1
1.97,-1120.739808,39.1387570991996,130.017895833184,1
1.98,-1120.337472,21.4632702576237,71.4020769605477,1
1.99,-1119.935136,37.1894595678273,123.543465987615,1
2,-1119.5328,28.0311206427244,93.1400512653851,1
2.01,-1119.130464,19.1033333981487,63.6361727312314,1
2.02,-1118.728128,33.9038503751584,112.63202393811,1
2.03,-1118.325792,28.6733252695859,95.270292832415,1
2.04,-1117.923456,52.8613800519836,175.601778180165,1
2.05,-1117.52112,35.3721833833383,117.508036664322,1
2.06,-1117.118784,34.8302167715287,115.708218953888,1
2.07,-1116.716448,25.3825180579158,84.3606150915859,1
2.08,-1116.314112,24.1222442203184,80.1880936028627,1
2.09,-1115.911776,28.2898017498713,93.9980605829529,1
2.1,-1115.50944,28.4689749782181,94.592397937279,1
2.11,-1115.107104,28.2851021572477,93.9824719981054,1
2.12,-1114.704768,23.8455601282783,79.272627627674,1
2.13,-1114.302432,31.3788236090054,104.248694397954,1
2.14,-1113.900096,36.5296384648795,121.352039781168,1
2.15,-1113.49776,32.618263225166,108.363417783485,1
2.16,-1113.095424,43.1976415144619,143.500149855577,1
2.17,-1112.693088,12.6380185369052,42.7478393129561,1
2.18,-1112.290752,27.108546923876,90.0806913615256,1
2.19,-1111.888416,31.8192974336652,105.710904516921,1
2.2,-1111.48608,27.2781769333113,90.6431166690219,1
2.21,-1111.083744,38.4765575030617,127.818406109182,1
2.22,-1110.681408,36.8266527951901,122.338488025473,1
2.23,-1110.279072,37.5995090381611,124.90537261005,1
2.24,-1109.876736,39.9119050133397,132.585950767562,1
2.25,-1109.4744,26.2186677033996,87.1309471704987,1
2.26,-1109.072064,35.1595323699326,116.801835369147,1
2.27,-1108.669728,37.5486635574977,124.736497102338,1
2.28,-1108.267392,36.7529160752058,122.093591231036,1
2.29,-1107.865056,33.2774996205169,110.552242366029,1
2.3,-1107.46272,35.3631202221449,117.477938239905,1
2.31,-1107.060384,27.6008743278785,91.7131642423693,1
2.32,-1106.658048,31.6798460066105,105.247966349214,1
2.33,-1106.255712,30.9528238438522,102.834635390527,1
2.34,-1105.853376,30.1968935877833,100.325690092629,1
2.35,-1105.45104,27.1532078095455,90.2287649361136,1
2.36,-1105.048704,22.0002732192232,73.1740619434022,1
2.37,-1104.646368,21.9174542615577,72.9006846570349,1
2.38,-1104.244032,28.9667492828507,96.243748705728,1
2.39,-1103.841696,35.8063291627266,118.949839471407,1
2.4,-1103.43936,36.76093728121,122.120231479201,1
2.41,-1103.037024,28.4953121886892,94.6797643397216,1
2.42,-1102.634688,35.7988213641194,118.924905658656,1
2.43,-1102.232352,33.9112330299155,112.656538616892,1
2.44,-1101.830016,41.3012863436845,137.200972588341,1
2.45,-1101.42768,28.6778290442182,95.2852337794539,1
2.46,-1101.025344,32.4789604615277,107.900921216276,1
2.47,-1100.623008,27.2498512062348,90.5491969825325,1
2.48,-1100.220672,38.5687077761107,128.124479680049,1
2.49,-1099.818336,32.9272221494738,109.389215264606,1
2.5,-1099.416,33.8464224262708,112.441330552587,1
2.51,-1099.013664,35.9641192037051,119.473871478176,1
2.52,-1098.611328,39.3993825835329,130.883572501382,1
2.53,-1098.208992,27.7593042394538,92.2385606160955,1
2.54,-1097.806656,27.411019847129,91.0835994077051,1
2.55,-1097.40432,31.0202313679091,103.058380057818,1
2.56,-1097.001984,32.6754948302264,108.553433759055,1
2.57,-1096.599648,27.6784805033112,91.9705231997821,1
2.58,-1096.197312,32.3401914677103,107.440205138767,1
2.59,-1095.794976,32.8465484614865,109.12136086358,1
2.6,-1095.39264,38.7627413680553,128.768957686659,1
2.61,-1094.990304,32.4915053489464,107.942570929102,1
2.62,-1094.587968,34.8673611587069,115.831569548169,1
2.63,-1094.185632,39.4398976003641,131.018145092718,1
2.64,-1093.783296,36.0447846199482,119.741768965853,1
2.65,-1093.38096,38.5724195146137,128.136808095094,1
2.66,-1092.978624,28.142288931847,93.5087714817464,1
2.67,-1092.576288,40.9927510068293,136.17611909844,1
2.68,-1092.173952,15.1227128510027,50.6733939581342,1
2.69,-1091.771616,22.3611525217102,74.365662923187,1
2.7,-1091.36928,39.8641365812002,132.427283752002,1
2.71,-1090.966944,36.0585985233757,119.78764637221,1
2.72,-1090.564608,36.1704566721085,120.159140210226,1
2.73,-1090.162272,33.8541959448794,112.467142985965,1
2.74,-1089.759936,51.5993124694232,171.409305594617,1
2.75,-1089.3576,38.4206622871149,127.632752757529,1
2.76,-1088.955264,36.9003843278894,122.583368454892,1
2.77,-1088.552928,45.3940757845309,150.796272329817,1
2.78,-1088.150592,40.3627571566823,134.083504010119,1
2.79,-1087.748256,44.3949727658239,147.477431710623,1
2.8,-1087.34592,28.5220531061487,94.7684706937193,1
2.81,-1086.943584,35.2291128254532,117.032906764719,1
2.82,-1086.541248,46.8220930084381,155.53992611529,1
2.83,-1086.138912,41.8757682002501,139.109227542953,1
2.84,-1085.736576,43.6969714929854,145.158813104362,1
2.85,-1085.33424,37.3112220464961,123.947876013234,1
2.86,-1084.931904,31.9613950129294,106.182637190116,1
2.87,-1084.529568,40.0423966535223,133.019391038923,1
2.88,-1084.127232,37.1747440105674,123.494591315862,1
2.89,-1083.724896,34.9736757691683,116.1846253286,1
2.9,-1083.32256,49.1868736739359,163.395431531205,1
2.91,-1082.920224,27.8632638928118,92.5833363951228,1
2.92,-1082.517888,42.8870328601542,142.468381460491,1
2.93,-1082.115552,43.3433994543823,143.984324449388,1
2.94,-1081.713216,46.1453174957526,153.291777095878,1
2.95,-1081.31088,40.2638774067313,133.755063149438,1
2.96,-1080.908544,46.2704664059932,153.707502822046,1
2.97,-1080.506208,36.460641971937,121.122889751092,1
2.98,-1080.103872,40.7121028296753,135.243902655291,1
2.99,-1079.701536,36.7645714650785,122.132301433205,1
3,-1079.2992,51.1712340079331,169.98727006749,1
3.01,-1078.896864,34.8389337640124,115.737166666642,1
3.02,-1078.494528,39.5339431867071,131.330522612454,1
3.03,-1078.092192,45.0850260867464,149.769662184581,1
3.04,-1077.689856,34.3609267825966,114.149812526209,1
3.05,-1077.28752,35.2067802899077,116.958741992526,1
3.06,-1076.885184,29.3109550121166,97.3857825292526,1
3.07,-1076.482848,35.7930669818435,118.905795045806,1
3.08,-1076.080512,35.1965336121474,116.924713538306,1
3.09,-1075.678176,31.9029511963121,105.988615381066,1
3.1,-1075.27584,43.0925176498158,143.150952862899,1
3.11,-1074.873504,33.939780520768,112.751332937529,1
3.12,-1074.471168,36.8251548382787,122.333512953582,1
3.13,-1074.068832,29.4312489663507,97.7849290396637,1
3.14,-1073.666496,23.801072544023,79.1254533139078,1
3.15,-1073.26416,36.3427488843222,120.731347056143,1
3.16,-1072.861824,35.7193207217055,118.660880345338,1
3.17,-1072.459488,35.4835585660633,117.877911019443,1
3.18,-1072.057152,19.4290118568164,64.7053898206826,1
3.19,-1071.654816,29.2753597502075,97.267676610218,1
3.2,-1071.25248,37.9755202757356,126.154246980976,1
3.21,-1070.850144,27.7452248632333,92.1918682871109,1
3.22,-1070.447808,25.456466089825,84.6055618572355,1
3.23,-1070.045472,19.0706743782541,63.5290042304856,1
3.24,-1069.643136,36.3643646407154,120.803136421771,1
3.25,-1069.2408,33.0832265540332,109.9071913742,1
3.26,-1068.838464,36.1766339744201,120.179655812906,1
3.27,-1068.436128,35.5168087219636,117.988334526154,1
3.28,-1068.033792,39.7332434103837,131.992511592129,1
3.29,-1067.631456,42.8483866268422,142.34000808522,1
3.3,-1067.22912,30.5123340862838,101.37259571549,1
3.31,-1066.826784,40.7166853648837,135.259124216468,1
3.32,-1066.424448,28.6905612763135,95.3274721532111,1
3.33,-1066.022112,37.7571347207458,125.428904435239,1
3.34,-1065.619776,32.0648514959945,106.526096128613,1
3.35,-1065.21744,38.5809192791997,128.165039783822,1
3.36,-1064.815104,34.8436669449717,115.752884797947,1
3.37,-1064.412768,38.6352449680926,128.345480954362,1
3.38,-1064.010432,42.693418244906,141.825241461836,1
3.39,-1063.608096,38.7179294626158,128.620115651706,1
3.4,-1063.20576,39.4294393188768,130.983407390333,1
3.41,-1062.803424,28.093531849434,93.3470534019862,1
3.42,-1062.401088,28.1905699034867,93.6689131315666,1
3.43,-1061.998752,43.926409201333,145.920956984026,1
3.44,-1061.596416,39.3948045562944,130.868366371146,1
3.45,-1061.19408,40.2047542195644,133.558678780029,1
3.46,-1060.791744,40.5124173320996,134.58061940253,1
3.47,-1060.389408,37.390619820143,124.211581175692,1
3.48,-1059.987072,31.0934352302504,103.301367520095,1
3.49,-1059.584736,19.7504973206129,65.7617289370705,1
3.5,-1059.1824,42.0308060098397,139.62421915149,1
3.51,-1058.780064,39.7630442569608,132.091497372017,1
3.52,-1058.377728,24.7192810379814,82.1642605889902,1
3.53,-1057.975392,26.6619584955113,88.6001911209742,1
3.54,-1057.573056,28.7328631174125,95.4678070301792,1
3.55,-1057.17072,24.9867367051254,83.049831801717,1
3.56,-1056.768384,38.0895458033742,126.53297200715,1
3.57,-1056.366048,30.1966558012953,100.324900937211,1
3.58,-1055.963712,39.2841366378631,130.500778301964,1
3.59,-1055.561376,35.4556923015113,117.785367557723,1
3.6,-1055.15904,39.8569264163673,132.403334575951,1
3.61,-1054.756704,28.7580977541118,95.5515229254602,1
3.62,-1054.354368,39.8800225667105,132.480050419179,1
3.63,-1053.952032,47.2435430114859,156.939924986764,1
3.64,-1053.549696,40.1966152881795,133.531644416554,1
3.65,-1053.14736,33.6705142423976,111.857222067929,1
3.66,-1052.745024,29.6058870111873,98.3644166019173,1
3.67,-1052.342688,26.3655982734826,87.6178963150768,1
3.68,-1051.940352,35.2062569838302,116.957004131403,1
3.69,-1051.538016,51.6103832099252,171.446081544378,1
3.7,-1051.13568,43.5072770081258,144.528689160304,1
3.71,-1050.733344,38.879615824942,129.157155301565,1
3.72,-1050.331008,42.6518707146444,141.687231012247,1
3.73,-1049.928672,33.8508732954898,112.456109927652,1
3.74,-1049.526336,43.083800508554,143.121996568524,1
3.75,-1049.124,49.5363879847714,164.556479487395,1
3.76,-1048.721664,41.9432715569542,139.333454394341,1
3.77,-1048.319328,24.5217389254199,81.5102969381367,1
3.78,-1047.916992,36.0903236910882,119.893009082073,1
3.79,-1047.514656,29.1184394833848,96.747025208885,1
3.8,-1047.11232,35.09497713538,116.587453358334,1
3.81,-1046.709984,38.2849071879975,127.181849970144,1
3.82,-1046.307648,34.4794641303796,114.543442812226,1
3.83,-1045.905312,34.4697039553332,114.511031779896,1
3.84,-1045.502976,37.175638608801,123.49756253747,1
3.85,-1045.10064,38.4462781855442,127.717834726508,1
3.86,-1044.698304,43.3051760395606,143.85735491952,1
3.87,-1044.295968,41.882186159157,139.130546157833,1
3.88,-1043.893632,34.9665124518042,116.160836877945,1
3.89,-1043.491296,16.1278638577821,53.9232562409753,1
3.9,-1043.08896,35.2698887472233,117.168321013712,1
3.91,-1042.686624,35.262221350425,117.142858046494,1
3.92,-1042.284288,39.2514675662513,130.392266839029,1
3.93,-1041.881952,34.3937224283602,114.25871755515,1
3.94,-1041.479616,40.6357052534903,134.990137129985,1
3.95,-1041.07728,37.9204933252011,125.971480723582,1
3.96,-1040.674944,37.0105981172368,122.949416947551,1
3.97,-1040.272608,54.1308806847495,179.818949077227,1
3.98,-1039.870272,38.2542101957992,127.079891956136,1
3.99,-1039.467936,35.205415961238,116.954211157158,1
4,-1039.0656,37.8146808126106,125.620036591186,1
4.01,-1038.663264,31.0753070048645,103.241193737031,1
4.02,-1038.260928,36.9166863670248,122.637511623782,1
4.03,-1037.858592,35.2255326749618,117.021017330252,1
4.04,-1037.456256,39.4938937628811,131.197496184367,1
4.05,-1037.05392,33.7786649413406,112.216338582462,1
4.06,-1036.651584,46.9100227173281,155.832016275016,1
4.07,-1036.249248,46.259053930648,153.669592295515,1
4.08,-1035.846912,52.6812056510694,175.003254937942,1
4.09,-1035.444576,41.9421741312842,139.329809058234,1
4.1,-1035.04224,39.2049281412622,130.237684680312,1
4.11,-1034.639904,43.8241464130758,145.581261272508,1
4.12,-1034.237568,44.435592321318,147.612362071387,1
4.13,-1033.835232,34.92697659643,116.029543640192,1
4.14,-1033.432896,39.2545848889214,130.402621131035,1
4.15,-1033.03056,29.8087485198752,99.0375877801359,1
4.16,-1032.628224,45.7387903935905,151.941357683052,1
4.17,-1032.225888,44.1996194852834,146.828506286482,1
4.18,-1031.823552,47.8478414244535,158.947325510407,1
4.19,-1031.421216,38.2772385514986,127.156379094982,1
4.2,-1031.01888,42.9700415305646,142.744116245878,1
4.21,-1030.616544,49.2264259262976,163.52681969232,1
4.22,-1030.214208,45.1419383377804,149.958714766019,1
4.23,-1029.811872,39.9955177348856,132.863678145589,1
4.24,-1029.409536,47.2357178324747,156.913930795569,1
4.25,-1029.0072,44.2732304826175,147.073027507716,1
4.26,-1028.604864,38.5965865228193,128.217078038662,1
4.27,-1028.202528,50.3201055434372,167.159906360082,1
4.28,-1027.800192,56.0391475767864,186.158054662491,1
4.29,-1027.397856,47.2679846827448,157.02111693386,1
4.3,-1026.99552,41.921345786598,139.260623229319,1
4.31,-1026.593184,45.5598747064558,151.347028820774,1
4.32,-1026.190848,63.7540416600626,211.786348231315,1
4.33,-1025.788512,53.729616308456,178.485983066609,1
4.34,-1025.386176,36.7093624623044,121.948939965777,1
4.35,-1024.98384,34.2011848143546,113.619359148803,1
4.36,-1024.581504,62.0997806478873,206.291014916592,1
4.37,-1024.179168,43.4879018008933,144.464328991516,1
4.38,-1023.776832,37.6688174227749,125.13557038935,1
4.39,-1023.374496,49.112868725302,163.149595403127,1
4.4,-1022.97216,44.0479103018866,146.324558787736,1
4.41,-1022.569824,39.542670676949,131.359511483444,1
4.42,-1022.167488,38.510852981756,127.932317109647,1
4.43,-1021.765152,52.713535867908,175.110653016459,1
4.44,-1021.362816,47.4730666650497,157.702372050249,1
4.45,-1020.96048,48.8198822053636,162.17632760141,1
4.46,-1020.558144,45.5194332219654,151.212688869061,1
4.47,-1020.155808,52.4618084330356,174.274437187358,1
4.48,-1019.753472,47.0697908362327,156.362743863228,1
4.49,-1019.351136,48.9427555635225,162.584498780885,1
4.5,-1018.9488,47.4240475915762,157.539537143071,1
4.51,-1018.546464,52.0352368650373,172.857405558132,1
4.52,-1018.144128,36.0915443309752,119.897062962819,1
4.53,-1017.741792,62.6064023364424,207.973974757767,1
4.54,-1017.339456,48.7572033078106,161.968115562716,1
4.55,-1016.93712,58.3117919814927,193.707601327695,1
4.56,-1016.534784,46.3251818696699,153.889259395105,1
4.57,-1016.132448,49.0926149754986,163.08231472984,1
4.58,-1015.730112,40.7146463142177,135.252351211174,1
4.59,-1015.327776,52.226256483762,173.491955110936,1
4.6,-1014.92544,56.6980853927243,188.346993650255,1
4.61,-1014.523104,45.0595514304373,149.685039839905,1
4.62,-1014.120768,57.4949028467818,190.993958764798,1
4.63,-1013.718432,60.3289414650444,200.408418962127,1
4.64,-1013.316096,60.8243267501283,202.054051816642,1
4.65,-1012.91376,61.108210809751,202.997093494933,1
4.66,-1012.511424,64.8206674990178,215.329601248871,1
4.67,-1012.109088,60.2888491653689,200.275235349487,1
4.68,-1011.706752,67.6267249110257,224.651119938891,1
4.69,-1011.304416,60.8287770495069,202.068835378956,1
4.7,-1010.90208,76.7455744377628,254.943280188296,1
4.71,-1010.499744,62.3389935034133,207.085662345271,1
4.72,-1010.097408,72.0772423110337,239.435417129259,1
4.73,-1009.695072,68.2558629864158,226.741071051056,1
4.74,-1009.292736,79.6862573783884,264.712017316771,1
4.75,-1008.8904,62.1695131753192,206.522661216896,1
4.76,-1008.488064,72.7688097203571,241.732754204161,1
4.77,-1008.085728,78.2039491235976,259.787895942983,1
4.78,-1007.683392,74.9112155155493,248.849671908908,1
4.79,-1007.281056,69.5186633693772,230.93600257754,1
4.8,-1006.87872,74.3361743931245,246.939426714533,1
4.81,-1006.476384,82.2839427348195,273.341341214167,1
4.82,-1006.074048,60.3199187709745,200.37844624902,1
4.83,-1005.671712,79.6368643114952,264.54793710194,1
4.84,-1005.269376,78.931252778623,262.203946354487,1
4.85,-1004.86704,73.3320178858815,243.603691139735,1
4.86,-1004.464704,85.1607592637229,282.897918824064,1
4.87,-1004.062368,82.5952976297736,274.375639781296,1
4.88,-1003.660032,69.3668288575122,230.431619304149,1
4.89,-1003.257696,76.2419081261438,253.270136954813,1
4.9,-1002.85536,99.2784253614174,329.795790425974,1
4.91,-1002.453024,89.5376435532493,297.437613685597,1
4.92,-1002.050688,90.2773455689797,299.894850590983,1
4.93,-1001.648352,92.7237522564608,308.021637691818,1
4.94,-1001.246016,79.5817184992541,264.364746680945,1
4.95,-1000.84368,91.5674092520673,304.180349380547,1
4.96,-1000.441344,95.827770069087,318.332961666677,1
4.97,-1000.039008,94.5928085793324,314.230508398997,1
4.98,-999.636672,91.8126651299803,304.995071771271,1
4.99,-999.234336,90.3511903650048,300.140157693332,1
5,-998.832,104.414563896348,346.857673323212,1
5.01,-998.429664,87.234935499276,289.788183118002,1
5.02,-998.027328,85.4592202523725,283.889384764567,1
5.03,-997.624992,94.8516797666607,315.09045986885,1
5.04,-997.222656,74.6406045005024,247.950721605175,1
5.05,-996.82032,79.0750624904092,262.681671870376,1
5.06,-996.417984,68.2659249362662,226.774496119965,1
5.07,-996.015648,62.9896478857862,209.247088246713,1
5.08,-995.613312,62.9856279893621,209.233734446555,1
5.09,-995.210976,61.1263511817173,203.057354459628,1
5.1,-994.80864,66.1082717162823,219.606928653423,1
5.11,-994.406304,69.2295801364579,229.975688975283,1
5.12,-994.003968,68.3919764429393,227.193230099859,1
5.13,-993.601632,57.6952216055706,191.659402119725,1
5.14,-993.199296,67.982418280438,225.832707539964,1
5.15,-992.79696,58.2874221855019,193.626646737478,1
5.16,-992.394624,54.9781810240413,182.633610001298,1
5.17,-991.992288,48.5832509074662,161.390266045961,1
5.18,-991.589952,61.7831193212122,205.239089431823,1
5.19,-991.187616,52.6216776163993,174.805508161049,1
5.2,-990.78528,38.8777784961829,129.151052617584,1
5.21,-990.382944,58.8217719100555,195.401715622378,1
5.22,-989.980608,58.8988355424697,195.657715135165,1
5.23,-989.578272,41.6634329957162,138.403912193204,1
5.24,-989.175936,59.9027285185835,198.99257158001,1
5.25,-988.7736,62.0698345709605,206.19153626387,1
5.26,-988.371264,58.1183293628999,193.064933389111,1
5.27,-987.968928,50.2057750584048,166.780112284673,1
5.28,-987.566592,42.7063788569286,141.868293370961,1
5.29,-987.164256,51.5958369827818,171.397760357817,1
5.3,-986.76192,52.8487978813469,175.559981330621,1
5.31,-986.359584,60.631422395724,201.413237964096,1
5.32,-985.957248,54.4323321137259,180.820345311307,1
5.33,-985.554912,42.7208294374186,141.916294590522,1
5.34,-985.152576,55.4146203865326,184.083425797425,1
5.35,-984.75024,45.7788954082613,152.074580120547,1
5.36,-984.347904,60.2238767318955,200.059401800802,1
5.37,-983.945568,48.9360816691039,162.562328866537,1
5.38,-983.543232,59.7965049062055,198.63970474302,1
5.39,-983.140896,46.9368757233409,155.921218218657,1
5.4,-982.73856,57.3060746760818,190.366686300853,1
5.41,-982.336224,42.6039767401184,141.528139359441,1
5.42,-981.933888,54.959612520435,182.57192696395,1
5.43,-981.531552,54.4591353581194,180.909383442,1
5.44,-981.129216,46.2403564878501,153.607482207945,1
5.45,-980.72688,47.7600478694814,158.655686469287,1
5.46,-980.324544,48.4565457857198,160.969366660659,1
5.47,-979.922208,44.7754245778492,148.741221289839,1
5.48,-979.519872,50.1018799575856,166.434983561603,1
5.49,-979.117536,51.244979328121,170.232244863608,1
5.5,-978.7152,47.5932942068916,158.101752251006,1
5.51,-978.312864,46.6776046671738,155.059956379989,1
5.52,-977.910528,29.16444052718,96.8996513797591,1
5.53,-977.508192,38.1653335324916,126.784694651593,1
5.54,-977.105856,41.090912554958,136.502179050871,1
5.55,-976.70352,47.7059337367566,158.475926241142,1
5.56,-976.301184,23.7150710686639,78.8409600864149,1
5.57,-975.898848,30.7212942949993,102.066144723806,1
5.58,-975.496512,42.7370692520381,141.970239209209,1
5.59,-975.094176,33.6587671789127,111.818215942951,1
5.6,-974.69184,47.5970487571964,158.114224380165,1
5.61,-974.289504,53.7597224212736,178.585992986349,1
5.62,-973.887168,43.9471231886303,145.989764580927,1
5.63,-973.484832,41.6911515190852,138.495984877211,1
5.64,-973.082496,52.7937548381711,175.377133253984,1
5.65,-972.68016,47.0308115729233,156.233260107121,1
5.66,-972.277824,41.9650409276595,139.405766067514,1
5.67,-971.875488,47.1233819120095,156.540766089578,1
5.68,-971.473152,34.6140085473984,114.990232854607,1
5.69,-971.070816,44.5913193189359,148.129657661365,1
5.7,-970.66848,47.2491720669176,156.958623951632,1
5.71,-970.266144,32.0694004961909,106.541198197554,1
5.72,-969.863808,39.8790135816899,132.476698988063,1
5.73,-969.461472,57.1845360599476,189.962944518658,1
5.74,-969.059136,38.9008220066976,129.2275916181,1
5.75,-968.6568,58.9172550540408,195.718903349467,1
5.76,-968.254464,49.9825002827233,166.038416793172,1
5.77,-967.852128,46.033957492054,152.921856273366,1
5.78,-967.449792,44.5457378073294,147.978244445614,1
5.79,-967.047456,46.9957192386347,156.11668821476,1
5.8,-966.64512,57.8211668649636,192.077782514242,1
5.81,-966.242784,40.5439817781085,134.685464938616,1
5.82,-965.840448,47.7032301810139,158.46694537572,1
5.83,-965.438112,48.2926519729603,160.424931115595,1
5.84,-965.035776,39.156117329013,130.075558251368,1
5.85,-964.63344,41.3733952880728,137.440495712314,1
5.86,-964.231104,44.6321286177177,148.265218529781,1
5.87,-963.828768,42.3553370291398,140.702222787176,1
5.88,-963.426432,44.9576717829588,149.346613657669,1
5.89,-963.024096,39.4519147719478,131.05806073788,1
5.9,-962.62176,46.4230129513801,154.214239724428,1
5.91,-962.219424,43.7592143777356,145.365570728857,1
5.92,-961.817088,43.5208596940764,144.573807857506,1
5.93,-961.414752,38.9810826746317,129.494177764712,1
5.94,-961.012416,27.8491911261903,92.5366641366553,1
5.95,-960.61008,41.2040109683645,136.877855002259,1
5.96,-960.207744,37.0738003807079,123.159328843935,1
5.97,-959.805408,33.4550435391461,111.141758916603,1
5.98,-959.403072,37.0463059698123,123.068012357785,1
5.99,-959.000736,47.7104535282703,158.490940409057,1
6,-958.5984,29.3543263179677,97.5296910761659,1
6.01,-958.196064,42.4414641167354,140.988314310008,1
6.02,-957.793728,47.9560309152278,159.306717393175,1
6.03,-957.391392,39.0189242274454,129.619868858549,1
6.04,-956.989056,33.1263135937857,110.050253429945,1
6.05,-956.58672,45.5562482391165,151.334982292043,1
6.06,-956.184384,51.0598423694069,169.617237916118,1
6.07,-955.782048,36.1079639215267,119.951594275363,1
6.08,-955.379712,32.0193254779934,106.374956413793,1
6.09,-954.977376,54.079941197051,179.649732419416,1
6.1,-954.57504,19.3027427472267,64.2907315511423,1
6.11,-954.172704,37.8838879957098,125.849900159296,1
6.12,-953.770368,32.4935033308494,107.949204344632,1
6.13,-953.368032,35.7508898954302,118.765722878853,1
6.14,-952.965696,27.4132011151354,91.0908322981318,1
6.15,-952.56336,33.0602683501725,109.830963450322,1
6.16,-952.161024,26.9385720977669,89.5171655810905,1
6.17,-951.758688,29.1271523604325,96.7759333812984,1
6.18,-951.356352,31.1912326633911,103.625994009618,1
6.19,-950.954016,14.8410428989306,49.7665094903271,1
6.2,-950.55168,39.434633272123,131.000659363311,1
6.21,-950.149344,21.9931064341127,73.1504037853148,1
6.22,-949.747008,23.4340781542251,77.9116031450186,1
6.23,-949.344672,32.2407723675478,107.110136826076,1
6.24,-948.942336,30.9372581688412,102.782968900221,1
6.25,-948.54,30.4734918345394,101.243679632761,1
6.26,-948.137664,15.6049336564091,52.2300061484265,1
6.27,-947.735328,28.6039004530397,95.0399836882762,1
6.28,-947.332992,27.8764128779816,92.6269451603214,1
6.29,-946.930656,28.5546574412473,94.8766285164874,1
6.3,-946.52832,15.0982607716984,50.5945951548253,1
6.31,-946.125984,39.2317390305084,130.326737865086,1
6.32,-945.723648,27.4665977623147,91.2678928678252,1
6.33,-945.321312,39.6608177079679,131.75194441165,1
6.34,-944.918976,29.3589502646242,97.5450337020179,1
6.35,-944.51664,43.8856082089451,145.785424534825,1
6.36,-944.114304,27.6551027071511,91.8929965118794,1
6.37,-943.711968,25.4618110877553,84.6232671839206,1
6.38,-943.309632,32.6260768618066,108.389359938879,1
6.39,-942.907296,26.2187908844068,87.1313553939014,1
6.4,-942.50496,26.0165518655648,86.4611704911826,1
6.41,-942.102624,0.0544630269599994,10.0907447364844,1
6.42,-941.700288,26.1336681550312,86.8492642220203,1
6.43,-941.297952,27.4011292778429,91.0508032435238,1
6.44,-940.895616,13.3671860635928,45.0544247554299,1
6.45,-940.49328,25.5129596533443,84.7927001222569,1
6.46,-940.090944,18.9893032487907,63.2620330765834,1
6.47,-939.688608,25.8076126977209,85.7688643267373,1
6.48,-939.286272,28.1807163441309,93.6362299477205,1
6.49,-938.883936,17.738747333237,59.1676507669474,1
6.5,-938.4816,19.9336733089843,66.3639804150665,1
6.51,-938.079264,15.999806173334,53.5081334417672,1
6.52,-937.676928,19.8414651633557,66.0607831325752,1
6.53,-937.274592,18.4011365658956,61.3342388843462,1
6.54,-936.872256,8.89362648583338,31.2946233875565,1
6.55,-936.46992,27.6320386585984,91.8165109909442,1
6.56,-936.067584,29.7871401006377,98.9658812867281,1
6.57,-935.665248,27.9438782165778,92.850698122339,1
6.58,-935.262912,13.5257018786501,45.5582188566515,1
6.59,-934.860576,20.521590524401,68.2986268215392,1
6.6,-934.45824,17.677131027013,58.9663777197984,1
6.61,-934.055904,14.1549836485687,47.5656701296792,1
6.62,-933.653568,13.7967375496865,46.4214215959824,1
6.63,-933.251232,1.43318689291597,12.5759781777506,1
6.64,-932.848896,13.9823695295939,47.0138821865875,1
6.65,-932.44656,27.0425214365664,89.861788681874,1
6.66,-932.044224,27.8482809839592,92.5336456631259,1
6.67,-931.641888,16.3887828382472,54.7699672208389,1
6.68,-931.239552,11.0619451399054,37.8346779635771,1
6.69,-930.837216,4.30519665194378,18.854796198523,1
6.7,-930.43488,21.6273400026248,71.9433127413884,1
6.71,-930.032544,30.5290165284789,101.427964475788,1
6.72,-929.630208,30.1230137816402,100.080503012745,1
6.73,-929.227872,20.2527438072485,67.4136337452935,1
6.74,-928.825536,27.7673506106267,92.2652454212573,1
6.75,-928.4232,13.9713690869259,46.9787457827768,1
6.76,-928.020864,24.7848633531793,82.3813933447747,1
6.77,-927.618528,25.3516915704496,84.2585084352063,1
6.78,-927.216192,18.3744508273284,61.2468573834884,1
6.79,-926.813856,17.5658632925784,58.6030374262419,1
6.8,-926.41152,17.6184236962322,58.7746515780888,1
6.81,-926.009184,15.9401688275421,53.3149097215316,1
6.82,-925.606848,14.3313514073168,48.1302956379199,1
6.83,-925.204512,13.300640973962,44.8431710581749,1
6.84,-924.802176,11.696828311645,39.8005142711852,1
6.85,-924.39984,24.9371945089945,82.8857795334343,1
6.86,-923.997504,27.7736596520747,92.2861686427597,1
6.87,-923.595168,21.9702372900045,73.0749124659748,1
6.88,-923.192832,24.0347638630412,79.8986219287188,1
6.89,-922.790496,15.7726358518492,52.7724617862302,1
6.9,-922.38816,28.046336475557,93.1905178937974,1
6.91,-921.985824,13.8807313615013,46.6893719906757,1
6.92,-921.583488,23.7514666162203,78.9613538210557,1
6.93,-921.181152,0.903182572977827,11.578008681185,4
6.94,-920.778816,12.0203194869014,40.8093548458499,1
6.95,-920.37648,20.5258329891746,68.3125961605001,1
6.96,-919.974144,26.1020323039261,86.7444284856646,1
6.97,-919.571808,21.5206373938861,71.5913043411092,1
6.98,-919.169472,26.4603459842188,87.9319241325586,1
6.99,-918.767136,29.8413631599144,99.1458185893161,1
7,-918.3648,16.9921812067875,56.7323340987872,1
7.01,-917.962464,7.21210797381163,26.4679086717459,1
7.02,-917.560128,9.22026560704517,32.2597531822719,1
7.03,-917.157792,1.3548359706848,12.4251316926304,1
7.04,-916.755456,16.5353284447601,55.2460294700823,1
7.05,-916.35312,9.57635624022785,33.3207656395913,1
7.06,-915.950784,24.2355700562522,80.563121084314,1
7.07,-915.548448,8.62422784843867,30.5048191880364,1
7.08,-915.146112,20.6466570158656,68.7104882902148,1
7.09,-914.743776,11.7902790297754,40.0914754119098,1
7.1,-914.34144,9.2321368493339,32.2949789939806,1
7.11,-913.939104,10.927679810588,37.4215170702341,1
7.12,-913.536768,11.2416014604038,38.3889643068059,1
7.13,-913.134432,17.8815904720698,59.6344364691039,1
7.14,-912.732096,19.3251509720091,64.3643083809306,1
7.15,-912.32976,22.4444640630867,74.640835420265,1
7.16,-911.927424,21.1346583183911,70.3184882856226,1
7.17,-911.525088,17.9771801752716,59.9469443838196,1
7.18,-911.122752,17.0857567652465,57.0371575651588,1
7.19,-910.720416,25.0031771121113,83.104273292333,1
7.2,-910.31808,18.7410458080389,62.4479134435527,1
7.21,-909.915744,18.6013488452024,61.9900677047247,1
7.22,-909.513408,15.2741472656561,51.1616956831445,1
7.23,-909.111072,24.3032009150379,80.7869484454461,1
7.24,-908.708736,16.7280293830007,55.872559693773,1
7.25,-908.3064,17.6273204769183,58.8037038254296,1
7.26,-907.904064,24.8705347085196,82.6650540946141,1
7.27,-907.501728,27.2321393900492,90.4904704525839,1
7.28,-907.099392,19.1071894927193,63.6488269082209,1
7.29,-906.697056,22.413235993605,74.5376876437735,1
7.3,-906.29472,22.365151874527,74.3788718287041,1
7.31,-905.892384,12.3431274792691,41.8205026811949,1
7.32,-905.490048,29.666508747383,98.565578909473,1
7.33,-905.087712,14.6209058592038,49.0590344678487,1
7.34,-904.685376,27.9224237885747,92.7795425785558,1
7.35,-904.28304,21.1329976215188,70.3130137363333,1
7.36,-903.880704,23.6168104996387,78.5159429435927,1
7.37,-903.478368,4.25577384728092,18.7352375890906,1
7.38,-903.076032,14.9022922218428,49.9635572138706,1
7.39,-902.673696,35.2005534378006,116.938063077231,1
7.4,-902.27136,25.1901241554587,83.7233830727453,1
7.41,-901.869024,20.4639436512547,68.1088225185617,1
7.42,-901.466688,29.2097151553735,97.0498692984921,1
7.43,-901.064352,34.255503986787,113.799735402329,1
7.44,-900.662016,25.3138191780787,84.1330664958733,1
7.45,-900.25968,22.2020884642287,73.840370005437,1
7.46,-899.857344,25.9249970412863,86.1577991420508,1
7.47,-899.455008,26.3801786694137,87.666219945618,1
7.48,-899.052672,29.5563926217858,98.2001806650676,1
7.49,-898.650336,34.5479911336399,114.771004101802,1
7.5,-898.248,33.1468218312749,110.118347248933,1
7.51,-897.845664,8.17726103085063,29.2075672237716,1
7.52,-897.443328,24.7276241159004,82.1918826024033,1
7.53,-897.040992,14.9222858025089,50.0278982959852,1
7.54,-896.638656,36.578293977305,121.513634164956,1
7.55,-896.23632,17.1833937297359,57.3553454435464,1
7.56,-895.833984,13.6872119851568,46.072334033248,1
7.57,-895.431648,26.698596777169,88.7216400224147,1
7.58,-895.029312,0.367001341745746,10.6224502873887,4
7.59,-894.626976,26.2803379368532,87.3353265322416,1
7.6,-894.22464,16.4135461600546,54.8503873676854,1
7.61,-893.822304,25.8046152665253,85.7589331607166,1
7.62,-893.419968,19.6972001796172,65.5865465122998,1
7.63,-893.017632,20.3029622051653,67.5789053537108,1
7.64,-892.615296,20.1329070546042,67.0193167118128,1
7.65,-892.21296,21.4040828972845,71.2068640846612,1
7.66,-891.810624,20.5587439470652,68.4209674925972,1
7.67,-891.408288,18.9964743227273,63.2855582191914,1
7.68,-891.005952,27.0128429668048,89.763394015511,1
7.69,-890.603616,12.8213135744856,43.3258979370064,1
7.7,-890.20128,27.2554511144739,90.567764521654,1
7.71,-889.798944,23.8249950222932,79.2045931450553,1
7.72,-889.396608,23.165123334267,77.0223151259216,1
7.73,-888.994272,22.797551371789,75.8073846031584,1
7.74,-888.591936,26.1555216764895,86.9216840950953,1
7.75,-888.1896,25.1219855325976,83.4977198968804,1
7.76,-887.787264,24.3772995530459,81.032196006656,1
7.77,-887.384928,19.5046784137259,64.9539385135604,1
7.78,-886.982592,31.8492633027044,105.8103837705,1
7.79,-886.580256,28.0040512728184,93.0502704831388,1
7.8,-886.17792,31.8999538391526,105.978664798595,1
7.81,-885.775584,31.7802113937026,105.581149236252,1
7.82,-885.373248,35.9876190948677,119.551916713525,1
7.83,-884.970912,16.8714420771115,56.3392155113769,1
7.84,-884.568576,21.7956375421444,72.4986402790279,1
7.85,-884.16624,24.7995458458247,82.4300062678047,1
7.86,-883.763904,27.2577019805869,90.5752277002949,1
7.87,-883.361568,26.4197443838919,87.7973539897019,1
7.88,-882.959232,23.6323839728872,78.5674533207357,1
7.89,-882.556896,26.3319164927662,87.5062666261465,1
7.9,-882.15456,20.6012350120111,68.5608954007644,1
7.91,-881.752224,28.5215611609354,94.7668387806868,1
7.92,-881.349888,34.768423449781,115.503013943274,1
7.93,-880.947552,25.9430450217623,86.2176007210469,1
7.94,-880.545216,5.92435504540099,22.9640754652812,1
7.95,-880.14288,23.5552234535242,78.312247243677,1
7.96,-879.740544,28.4482702521111,94.5237162701843,1
7.97,-879.338208,21.3873307813995,71.1516153977035,1
7.98,-878.935872,30.1047309192948,100.019827763724,1
7.99,-878.533536,32.9109376663295,109.335146990527,1
8,-878.1312,35.7595618851145,118.794522951331,1
8.01,-877.728864,30.6246795684156,101.745472194382,1
8.02,-877.326528,29.5131241959893,98.0566058758615,1
8.03,-876.924192,23.1532203071793,76.9829642500058,1
8.04,-876.521856,12.1082160658311,41.0842507272036,1
8.05,-876.11952,26.2644854241977,87.2827895686581,1
8.06,-875.717184,24.2178781206973,80.5045709824122,1
8.07,-875.314848,39.8800975366827,132.480299438437,1
8.08,-874.912512,25.6222552745992,85.154767608418,1
8.09,-874.510176,37.6076254412854,124.9323300368,1
8.1,-874.10784,22.1963404467617,73.8213898919137,1
8.11,-873.705504,5.51824853657736,21.9000608027001,1
8.12,-873.303168,7.10767159502464,26.1769373236459,1
8.13,-872.900832,20.887587270704,69.5041885552775,1
8.14,-872.498496,22.4119548487842,74.5334560525473,1
8.15,-872.09616,15.8413747183888,52.9949643198933,1
8.16,-871.693824,16.0059156783392,53.5279317934392,1
8.17,-871.291488,15.5314508741958,51.9924914882883,1
8.18,-870.889152,2.97663771375015,15.7751723615398,4
8.19,-870.486816,11.5837675917604,39.4490276252468,1
8.2,-870.08448,2.87519325276485,15.551971867115,4
8.21,-869.682144,15.3013991018785,51.249622110888,1
8.22,-869.279808,21.2146930305447,70.5823445564907,1
8.23,-868.877472,14.2027039934982,47.7183601946797,1
8.24,-868.475136,19.3816856598765,64.5499580055271,1
8.25,-868.0728,0.788751796575512,11.3694903228319,4
8.26,-867.670464,17.871458818481,59.6013198443228,1
8.27,-867.268128,6.87756602487276,25.5398791339812,1
8.28,-866.865792,14.4248452020391,48.4299406480647,1
8.29,-866.463456,3.79781322692136,17.6452678015069,1
8.3,-866.06112,9.27577836163183,32.4245655466116,1
8.31,-865.658784,13.1601814155066,44.3977459629887,1
8.32,-865.256448,18.6466546763926,62.138532321908,1
8.33,-864.854112,18.3139395245445,61.0487438547372,1
8.34,-864.451776,7.84267782681025,28.2478839552946,1
8.35,-864.04944,6.26239729153088,23.8654056169314,1
8.36,-863.647104,16.9871617616066,56.7159868107484,1
8.37,-863.244768,6.42738231780849,24.3102587428671,1
8.38,-862.842432,1.7103438531587,13.1187244249065,1
8.39,-862.440096,10.5238557033289,36.1847200089526,1
8.4,-862.03776,23.8674678037535,79.3451051197187,1
8.41,-861.635424,15.515758886004,51.9417851840088,1
8.42,-861.233088,6.65094576726321,24.9180622535073,1
8.43,-860.830752,17.3027904141225,57.7446280304455,1
8.44,-860.428416,13.9904372496973,47.039653385541,1
8.45,-860.02608,16.9195328016461,56.4957696758491,1
8.46,-859.623744,30.7874494744041,102.285722904986,1
8.47,-859.221408,16.0924501380511,53.8084265675368,1
8.48,-858.819072,10.3649683644623,35.7006117273151,1
8.49,-858.416736,35.8987176218348,119.256667554003,1
8.5,-858.0144,36.5868576334296,121.542075767471,1
8.51,-857.612064,17.3793052170699,57.9942010959337,1
8.52,-857.209728,15.3496003313218,51.4051791689535,1
8.53,-856.807392,21.7499862203895,72.3479914527821,1
8.54,-856.405056,9.9895013534365,34.5626144461579,1
8.55,-856.00272,19.0608677786035,63.4968264176616,1
8.56,-855.600384,19.4000851026286,64.6103843855627,1
8.57,-855.198048,3.61161091790689,17.2115411056571,1
8.58,-854.795712,12.3316612080343,41.7845135798618,1
8.59,-854.393376,18.7882457276835,62.6026516525959,1
8.6,-853.99104,20.9929792702861,69.8514961738844,1
8.61,-853.588704,20.6127499254427,68.5988173600089,1
8.62,-853.186368,13.6476861175687,45.9464426318144,1
8.63,-852.784032,17.3254540512085,57.8185431069222,1
8.64,-852.381696,37.7970101512663,125.561345651988,1
8.65,-851.97936,22.210486835624,73.8681019316727,1
8.66,-851.577024,17.7180796601801,59.1001333768445,1
8.67,-851.174688,22.6424401016347,75.2948560586941,1
8.68,-850.772352,8.83010177284922,31.1078697457406,4
8.69,-850.370016,20.427942418349,67.9902985907326,1
8.7,-849.96768,2.58473628833892,14.9227189906503,1
8.71,-849.565344,7.65514559135003,27.7144892678619,1
8.72,-849.163008,8.28696046048944,29.5243813801865,1
8.73,-848.760672,10.8541750382937,37.1957306750622,1
8.74,-848.358336,16.6309555377684,55.5568687930703,1
8.75,-847.956,10.8215393169761,37.0955754217956,1
8.76,-847.553664,11.3811337737148,38.8205678592973,1
8.77,-847.151328,6.98207332643071,25.8285152604321,1
8.78,-846.748992,9.79507435880992,33.9767986941603,1
8.79,-846.346656,17.7632836037423,59.2478130387433,1
8.8,-845.94432,4.81554124691735,20.1105832366284,4
8.81,-845.541984,0.961636306259927,11.685480672094,1
8.82,-845.139648,14.0084476678195,47.0971917599537,1
8.83,-844.737312,3.67919316313751,17.3683196134293,1
8.84,-844.334976,13.4478753371539,45.3107715574105,1
8.85,-843.93264,6.37005353836647,24.1553213966158,1
8.86,-843.530304,2.47001387653715,14.6782382608886,1
8.87,-843.127968,14.3946056679152,48.3329989633514,1
8.88,-842.725632,7.70781718006055,27.8639669591556,1
8.89,-842.323296,8.45271475111529,30.0050413413808,1
8.9,-841.92096,1.09438307795461,11.931942210427,1
8.91,-841.518624,22.0125666220649,73.2146440659495,1
8.92,-841.116288,12.7235931522633,43.0175626594729,1
8.93,-840.713952,11.6016101166629,39.5044579078222,1
8.94,-840.311616,16.7180692093732,55.840161703664,1
8.95,-839.90928,11.7367796981977,39.9248558224212,1
8.96,-839.506944,9.90001877131767,34.2926973587945,1
8.97,-839.104608,17.9398934987981,59.8250314565949,1
8.98,-838.702272,18.184837382235,60.626199201141,1
8.99,-838.299936,7.85282609217134,28.2768424083056,1
9,-837.8976,18.6169238271735,62.0411036627085,1
9.01,-837.495264,10.9783990328945,37.5774794055957,1
9.02,-837.092928,9.57574271670089,33.3189299508968,1
9.03,-836.690592,7.8551682153882,28.2835270986499,1
9.04,-836.288256,7.27945624261761,26.6561432865909,1
9.05,-835.88592,18.3005169173678,61.0048037599257,1
9.06,-835.483584,16.5357797071508,55.2474959681697,1
9.07,-835.081248,6.80932469777479,25.3520409399127,1
9.08,-834.678912,12.3187477458991,41.7439884742398,1
9.09,-834.276576,29.2369761568183,97.1403202219801,1
9.1,-833.87424,15.7183069194212,52.5966672961508,1
9.11,-833.471904,30.9318216666124,102.764923782162,1
9.12,-833.069568,15.1210124193113,50.6679137505329,1
9.13,-832.667232,7.34072727325198,26.8277926429199,1
9.14,-832.264896,20.5725105763437,68.4663012669258,1
9.15,-831.86256,5.4778896499881,21.7954796298561,1
9.16,-831.460224,7.59772948853782,27.5518493027045,1
9.17,-831.057888,3.16440511010487,16.1929194948045,1
9.18,-830.655552,18.5523064784166,61.8293824407307,1
9.19,-830.253216,1.94753126226164,13.594428528344,1
9.2,-829.85088,28.3260527753053,94.1183063501226,1
9.21,-829.448544,21.5382494613199,71.6494018426482,1
9.22,-829.046208,23.8001863813651,79.1225217642397,1
9.23,-828.643872,9.52787876467977,33.1757985634142,1
9.24,-828.241536,7.8305206495545,28.2132055705319,1
9.25,-827.8392,14.1783288980272,47.6403598566989,1
9.26,-827.436864,0.723838510327933,11.2523074330365,1
9.27,-827.034528,12.5155010315778,42.3621542944588,1
9.28,-826.632192,7.31402058074574,26.7529278339367,1
9.29,-826.229856,6.38090174994855,24.1846106095448,1
9.3,-825.82752,19.8962722258966,66.2409909215538,1
9.31,-825.425184,4.47592116137048,19.2706208346471,1
9.32,-825.022848,1.84343572587723,13.3843867861125,4
9.33,-824.620512,10.621710376281,36.4835914708451,1
9.34,-824.218176,4.06004331926248,18.2654061923917,1
9.35,-823.81584,19.0844947957748,63.5743538541718,1
9.36,-823.413504,5.64609497029634,22.2327487791675,1
9.37,-823.011168,15.7499565950469,52.6990705932766,1
9.38,-822.608832,20.3700894998827,67.7998526493449,1
9.39,-822.206496,3.19542031015828,16.2624946092114,1
9.4,-821.80416,12.8040284816628,43.2713333507567,1
9.41,-821.401824,13.550671277918,45.6376484705954,1
9.42,-820.999488,5.0989588989665,20.8241679292951,1
9.43,-820.597152,2.45790382657401,14.652566270996,1
9.44,-820.194816,9.45573323409537,32.9603553034244,1
9.45,-819.79248,23.2722097815215,77.3763612578342,1
9.46,-819.390144,2.113370571525,13.9331231298919,1
9.47,-818.987808,3.20104418907232,16.2751276941315,4
9.48,-818.585472,18.9714405876666,63.2034356408602,1
9.49,-818.183136,15.9354277708394,53.29955161533,1
9.5,-817.7808,6.79831213403539,25.3217757362796,1
9.51,-817.378464,19.0484490381444,63.456078821135,1
9.52,-816.976128,24.9914086254263,83.0653025390024,1
9.53,-816.573792,11.8180680667946,40.1780726584484,1
9.54,-816.171456,10.9819617999652,37.5884400447552,1
9.55,-815.76912,15.422180477685,51.6395050966765,1
9.56,-815.366784,10.771882158018,36.9432937992372,1
9.57,-814.964448,26.6698785200383,88.6264443024455,1
9.58,-814.562112,18.4791008266853,61.5895737301244,1
9.59,-814.159776,30.2522549944349,100.509422230791,1
9.6,-813.75744,20.1060895795874,66.9310893181262,1
9.61,-813.355104,21.114769871077,70.2529263290917,1
9.62,-812.952768,37.0685719766506,123.141963870045,1
9.63,-812.550432,37.5821118622157,124.847590505161,1
9.64,-812.148096,34.3851510980923,114.230254571775,1
9.65,-811.74576,27.1497747920368,90.2173826309462,1
9.66,-811.343424,36.0976871371024,119.917463909023,1
9.67,-810.941088,32.8083205084796,108.994436544064,1
9.68,-810.538752,30.0739431233033,99.9176530138723,1
9.69,-810.136416,33.2423117697798,110.43540601154,1
9.7,-809.73408,26.2068447949694,87.0917660321913,1
9.71,-809.331744,13.2355948715422,44.636815745837,1
9.72,-808.929408,35.2310451273985,117.039323808299,1
9.73,-808.527072,17.5055447041457,58.4061362251761,1
9.74,-808.124736,28.1801800808309,93.6344512239529,1
9.75,-807.7224,26.589536660993,88.3601330855571,1
9.76,-807.320064,27.2885069254531,90.6773681358014,1
9.77,-806.917728,23.4088773695986,77.8282669916324,1
9.78,-806.515392,32.7059992965253,108.654712896438,1
9.79,-806.113056,26.0114109497612,86.4441353912455,1
9.8,-805.71072,19.8762086839324,66.1750185117073,1
9.81,-805.308384,33.3030873513045,110.637203139703,1
9.82,-804.906048,35.1124685550141,116.645540661312,1
9.83,-804.503712,31.720537927635,105.3830506604,1
9.84,-804.101376,31.2347137172052,103.770325783146,1
9.85,-803.69904,30.6121153123663,101.70377080609,1
9.86,-803.296704,44.8921692231275,149.129025864661,1
9.87,-802.894368,36.0754851562362,119.843728680884,1
9.88,-802.492032,40.175742852469,133.462314328042,1
9.89,-802.089696,40.5303347508826,134.640134501124,1
9.9,-801.68736,35.9084261215589,119.288910211168,1
9.91,-801.285024,31.1331735867758,103.433273404355,1
9.92,-800.882688,38.9478820015732,129.383901513105,1
9.93,-800.480352,28.0725306458015,93.2773972207207,1
9.94,-800.078016,14.8899768690087,49.9239299525711,1
9.95,-799.67568,25.8454936034886,85.8943738593735,1
9.96,-799.273344,27.7114425110901,92.079834765875,1
9.97,-798.871008,27.2123666889137,90.4249112433257,1
9.98,-798.468672,13.9736367978397,46.9859887751954,1
9.99,-798.066336,37.5851586105545,124.857709818891,1
10,-797.664,32.0993429971945,106.640603518962,1
10.01,-797.261664,37.7671420577373,125.462142524695,1
10.02,-796.859328,13.7485940818199,46.2679314221442,1
10.03,-796.456992,26.3600687243968,87.5995698948546,1
10.04,-796.054656,16.7174023051157,55.8379924837643,1
10.05,-795.65232,26.7371261724213,88.8493599624294,1
10.06,-795.249984,29.7584565896789,98.8706970223911,1
10.07,-794.847648,29.610584416686,98.3800039863686,1
10.08,-794.445312,17.1901956471629,57.3775171641359,1
10.09,-794.042976,35.2280307290086,117.029313196263,1
10.1,-793.64064,22.2477296275377,73.9910837178351,1
10.11,-793.238304,25.0098444662005,83.126352048628,1
10.12,-792.835968,26.1206672204256,86.8061811490329,1
10.13,-792.433632,24.2456121276873,80.5963549473308,1
10.14,-792.031296,21.1215512094614,70.2752806469264,1
10.15,-791.62896,7.8840557500211,28.3660171381006,1
10.16,-791.226624,25.7704356130234,85.6456895281425,1
10.17,-790.824288,30.4773685405035,101.256546238784,1
10.18,-790.421952,19.4749164590811,64.8561709920645,1
10.19,-790.019616,34.8253803863881,115.692158114523,1
10.2,-789.61728,22.4024880512024,74.5021876635843,1
10.21,-789.214944,36.566088668319,121.473097931461,1
10.22,-788.812608,27.6012731876654,91.7144869279054,1
10.23,-788.410272,19.9508192640559,66.4203666339014,1
10.24,-788.007936,15.1088928466491,50.6288562457672,1
10.25,-787.6056,26.5984578424908,88.3897038257917,1
10.26,-787.203264,31.5044835333549,104.665828318261,1
10.27,-786.800928,31.4410502060315,104.455257377936,1
10.28,-786.398592,29.820923893393,99.0779913320476,1
10.29,-785.996256,34.1171397941122,113.340274743861,1
10.3,-785.59392,23.4138679020326,77.844769945749,1
10.31,-785.191584,20.933439617684,69.6552815885202,1
10.32,-784.789248,21.427368123027,71.2836615916979,1
10.33,-784.386912,28.6293488198301,95.1244052437699,1
10.34,-783.984576,25.3890405616671,84.3822198668273,1
10.35,-783.58224,21.5594140890569,71.7192204621945,1
10.36,-783.179904,19.3577672514668,64.4714109233987,1
10.37,-782.777568,25.9388137934346,86.2035805840591,1
10.38,-782.375232,25.5093547033453,84.7807583078275,1
10.39,-781.972896,28.3611696352451,94.2347914606873,1
10.4,-781.57056,25.8792789490375,86.0063161084661,1
10.41,-781.168224,34.0514073908707,113.122001653745,1
10.42,-780.765888,13.8455741831694,46.5771913410121,1
10.43,-780.363552,25.61156731866,85.1193601286255,1
10.44,-779.961216,26.0547822229776,86.5878533781781,1
10.45,-779.55888,24.1805750543778,80.3811223021938,1
10.46,-779.156544,28.841760709288,95.8290793445364,1
10.47,-778.754208,28.1055012867436,93.3867535170029,1
10.48,-778.351872,11.4661282985468,39.0839373948792,1
10.49,-777.949536,32.6231972932907,108.379799443487,1
10.5,-777.5472,25.0048526693505,83.1098218431553,1
10.51,-777.144864,31.2695410838601,103.885933139845,1
10.52,-776.742528,31.5622456572249,104.857575231828,1
10.53,-776.340192,40.1350848511409,133.327264401452,1
10.54,-775.937856,37.2213691150085,123.649447039733,1
10.55,-775.53552,24.8478524968082,82.5899507425099,1
10.56,-775.133184,38.5919421091479,128.201651762636,1
10.57,-774.730848,35.5941080477665,118.245045894251,1
10.58,-774.328512,29.0744961634373,96.6012281760123,1
10.59,-773.926176,30.5613249358287,101.53519610023,1
10.6,-773.52384,35.1085650945897,116.632577642728,1
10.61,-773.121504,20.1553391780234,67.0931206628662,1
10.62,-772.719168,24.3539877779018,80.9550383337295,1
10.63,-772.316832,30.4371028903461,101.12290692947,1
10.64,-771.914496,23.7466864956571,78.9455412992942,1
10.65,-771.51216,27.3992659256926,91.0446245645014,1
10.66,-771.109824,20.0897119072834,66.8772106456857,1
10.67,-770.707488,25.9239935218603,86.1544740214809,1
10.68,-770.305152,13.8301515992496,46.5279918020956,1
10.69,-769.902816,35.0191913149101,116.335776860956,1
10.7,-769.50048,14.2289333084709,47.802311936742,1
10.71,-769.098144,29.1294626675342,96.7835986862498,1
10.72,-768.695808,18.5925401905295,61.9612046882999,1
10.73,-768.293472,25.9149686573366,86.1245705901204,1
10.74,-767.891136,21.8622841481218,72.7185919500331,1
10.75,-767.4888,26.8269726507323,89.1471986413122,1
10.76,-767.086464,20.8649507723046,69.4296013255894,1
10.77,-766.684128,33.9218846378671,112.691908138587,1
10.78,-766.281792,28.6880906251538,95.3192759113452,1
10.79,-765.879456,21.673247206933,72.09477735428,1
10.8,-765.47712,24.4074844240379,81.1321045947418,1
10.81,-765.074784,5.32153458544132,21.3923533982853,4
10.82,-764.672448,24.7800484831732,82.3654516942737,1
10.83,-764.270112,33.9175896662775,112.67764633543,1
10.84,-763.867776,14.9545158549746,50.1316368434011,1
10.85,-763.46544,23.3036921391369,77.4804551486413,1
10.86,-763.063104,28.3464533844734,94.1859764474152,1
10.87,-762.660768,16.3186963192094,54.5424136737498,1
10.88,-762.258432,19.7757211835929,65.8446451490415,1
10.89,-761.856096,7.79382870665498,28.1086250681941,1
10.9,-761.45376,17.0826254701556,57.0269552821375,1
10.91,-761.051424,24.5012895548175,81.4426051432483,1
10.92,-760.649088,35.1511709039727,116.774067652834,1
10.93,-760.246752,24.7715439884955,82.3372941340111,1
10.94,-759.844416,23.1948166255405,77.1204820749413,1
10.95,-759.44208,25.166338357674,83.6446074571234,1
10.96,-759.039744,29.7679521181117,98.9022072091052,1
10.97,-758.637408,22.0534910180585,73.3497459865101,1
10.98,-758.235072,2.51778560452456,14.779761477483,1
10.99,-757.832736,28.8015319372644,95.6956173196327,1
11,-757.4304,39.4809473733891,131.154494048303,1
11.01,-757.028064,28.5618483208954,94.9004828554071,1
11.02,-756.625728,28.9354211710889,96.1398113029242,1
11.03,-756.223392,24.5660737987164,81.6570587046682,1
11.04,-755.821056,39.1708822024341,130.124600153304,1
11.05,-755.41872,30.3912308904615,100.970661841902,1
11.06,-755.016384,22.0938727270931,73.4830640879587,1
11.07,-754.614048,20.303835834916,67.5817806758501,1
11.08,-754.211712,32.7385981158733,108.762946003209,1
11.09,-753.809376,20.1108286785749,66.9466802007575,1
11.1,-753.40704,41.7023827176798,138.53329158724,1
11.11,-753.004704,29.2849204737075,97.2993992045877,1
11.12,-752.602368,34.2353260033608,113.732730801746,1
11.13,-752.200032,39.811708919576,132.253140906472,1
11.14,-751.797696,20.9849343049368,69.8249825191511,1
11.15,-751.39536,22.9071406947709,76.1695544820061,1
11.16,-750.993024,27.062979779798,89.9296161272171,1
11.17,-750.590688,32.9879692804044,109.590910785632,1
11.18,-750.188352,33.6668948994185,111.845204034525,1
11.19,-749.786016,35.0242574142428,116.352600785014,1
11.2,-749.38368,25.7297232180354,85.5108047654345,1
11.21,-748.981344,40.4798651007748,134.472492876117,1
11.22,-748.579008,33.1590203533555,110.158850264887,1
11.23,-748.176672,38.1282639120697,126.661570903328,1
11.24,-747.774336,39.8431555310996,132.357593420106,1
11.25,-747.372,32.1953445348326,106.959319332138,1
11.26,-746.969664,32.0265572695244,106.398964836773,1
11.27,-746.567328,33.2389486150706,110.424239148451,1
11.28,-746.164992,31.4451502318118,104.468867606392,1
11.29,-745.762656,39.3501631190387,130.720087859464,1
11.3,-745.36032,26.6485682917265,88.5558057037596,1
11.31,-744.957984,38.1268508562864,126.656877555937,1
11.32,-744.555648,30.5093150664878,101.362575656966,1
11.33,-744.153312,35.2199464809157,117.002465968471,1
11.34,-743.750976,31.2366470229868,103.776743257617,1
11.35,-743.34864,35.1575327170406,116.795194690718,1
11.36,-742.946304,35.2443121036566,117.083382558867,1
11.37,-742.543968,38.7209502951938,128.630149292861,1
11.38,-742.141632,19.0898664355031,63.5919805581976,1
11.39,-741.739296,27.1385494703178,90.180164754255,1
11.4,-741.33696,37.789969828077,125.537962091115,1
11.41,-740.934624,33.8346872073909,112.402363092651,1
11.42,-740.532288,16.7083734389995,55.8086252399546,1
11.43,-740.129952,30.1447395472123,100.152604530902,1
11.44,-739.727616,30.8533419740384,102.504431987058,1
11.45,-739.32528,39.9768038040205,132.801518048737,1
11.46,-738.922944,38.076088393347,126.488274408982,1
11.47,-738.520608,39.7727836452195,132.123847506905,1
11.48,-738.118272,41.5441730557169,138.007766631374,1
11.49,-737.715936,28.8109194039177,95.7267608125319,1
11.5,-737.3136,39.4279120522309,130.978334498966,1
11.51,-736.911264,33.917940675846,112.678811891091,1
11.52,-736.508928,26.2352959666634,87.1860536927164,1
11.53,-736.106592,34.459007661815,114.475512168645,1
11.54,-735.704256,40.6644014658796,135.085455677356,1
11.55,-735.30192,34.476938595776,114.535056158542,1
11.56,-734.899584,42.504381344215,141.197308989384,1
11.57,-734.497248,39.2478320844218,130.380191465078,1
11.58,-734.094912,35.7001930726026,118.597356729642,1
11.59,-733.692576,33.8604017244616,112.487749661809,1
11.6,-733.29024,39.7508879713912,132.051119335659,1
11.61,-732.887904,25.7813597912949,85.6818831341479,1
11.62,-732.485568,31.8450448590686,105.796379556646,1
11.63,-732.083232,21.2943481192581,70.8449855260174,1
11.64,-731.680896,23.6754926483284,78.7100424965389,1
11.65,-731.27856,34.6415988796283,115.081854388508,1
11.66,-730.876224,28.5106131123116,94.73052126058,1
11.67,-730.473888,32.546003011063,108.123506933968,1
11.68,-730.071552,29.3591597120695,97.5457286658872,1
11.69,-729.669216,22.0839326295565,73.4502466670247,1
11.7,-729.26688,28.6307801435681,95.1291534891214,1
11.71,-728.864544,32.5912286340206,108.273660087355,1
11.72,-728.462208,20.0428645720938,66.7231048883131,1
11.73,-728.059872,23.8435830415036,79.266086875561,1
11.74,-727.657536,30.3299528643979,100.767287817096,1
11.75,-727.2552,22.2063912265024,73.8545779445552,1
11.76,-726.852864,21.459742862818,71.3904423089689,1
11.77,-726.450528,15.3570528323789,51.4292345798102,1
11.78,-726.048192,27.4633112981489,91.2569950066381,1
11.79,-725.645856,8.64197482569359,30.5566702704783,1
11.8,-725.24352,14.801018708548,49.6377936152589,1
11.81,-724.841184,25.717122794636,85.4690588212685,1
11.82,-724.438848,17.7733977976076,59.2808592207055,1
11.83,-724.036512,18.3568231429365,61.1891403758028,1
11.84,-723.634176,17.1377323311835,57.2065231909456,1
11.85,-723.23184,29.3809602484878,97.6180648526152,1
11.86,-722.829504,16.0943510893478,53.8145898698524,1
11.87,-722.427168,28.7270767670529,95.4486109071313,1
11.88,-722.024832,24.9574933795494,82.9529957723916,1
11.89,-721.622496,1.74777847395171,13.1931184314202,1
11.9,-721.22016,25.1273454635781,83.5154706577557,1
11.91,-720.817824,7.69953488631751,27.8404449977267,1
11.92,-720.415488,23.2590221474631,77.3327584525623,1
11.93,-720.013152,14.9314475567051,50.0573847074049,1
11.94,-719.610816,16.482560539449,55.0745689313025,1
11.95,-719.20848,19.5487926656988,65.0988667381468,1
11.96,-718.806144,16.5075270060567,55.1556876404228,1
11.97,-718.403808,2.1098762297528,13.9259353074093,1
11.98,-718.001472,0.322789490123144,10.5461016330369,1
11.99,-717.599136,9.81316608232934,34.0312063200754,1
12,-717.1968,19.0866768080447,63.5815139606288,1
12.01,-716.794464,13.8686053366635,46.6506758353795,1
12.02,-716.392128,24.4355321894153,81.2249418474883,1
12.03,-715.989792,25.5805038612168,85.0164532451578,1
12.04,-715.587456,16.0983432886517,53.8275336689255,1
12.05,-715.18512,25.5570825987471,84.9388647331809,1
12.06,-714.782784,11.9319515427728,40.5333159985987,1
12.07,-714.380448,28.1992858607488,93.6978231067103,1
12.08,-713.978112,4.25671788237712,18.7375178355216,1
12.09,-713.575776,12.26729917547,41.5825986859357,1
12.1,-713.17344,16.2667269578336,54.3737360457512,1
12.11,-712.771104,7.08432972934358,26.1120592126714,4
12.12,-712.368768,7.70840508099911,27.8656368626538,1
12.13,-711.966432,15.8959856385062,53.1717995769917,1
12.14,-711.564096,6.72023277031496,25.1075763528705,4
12.15,-711.16176,23.2559397862767,77.3225672073545,1
12.16,-710.759424,0.563730083794144,10.9666990319867,1
12.17,-710.357088,13.4937910142201,45.4567361721724,1
12.18,-709.954752,11.1075170342976,37.9751239971281,1
12.19,-709.552416,7.83076937366705,28.2139149193133,1
12.2,-709.15008,1.30811593969163,12.3357282450011,1
12.21,-708.747744,18.6113838357583,62.022949984756,1
12.22,-708.345408,8.64774136598122,30.5735237769655,1
12.23,-707.943072,10.8765251487076,37.2643535704117,1
12.24,-707.540736,6.39776103025112,24.2301563362784,1
12.25,-707.1384,9.29723296464407,32.4883221321144,1
12.26,-706.736064,12.4889749993017,42.2787258389084,1
12.27,-706.333728,7.4733674132477,27.2006694230533,1
12.28,-705.931392,16.4372627738455,54.92741787671,1
12.29,-705.529056,10.6341552340432,36.5216397698548,1
12.3,-705.12672,23.7063172940491,78.812003894005,1
12.31,-704.724384,3.98860072133555,18.0953871447542,1
12.32,-704.322048,3.51715678321248,16.9936625926162,1
12.33,-703.919712,5.53732300149611,21.9495623428231,4
12.34,-703.517376,0.308010933455674,10.5206640406227,4
12.35,-703.11504,2.17130448511743,14.052613119518,1
12.36,-702.712704,15.0852726047475,50.5527451417561,1
12.37,-702.310368,12.0698012468494,40.9640686285851,1
12.38,-701.908032,0.443157935531217,10.7548385507356,1
12.39,-701.505696,1.86702623330974,13.4318139229807,4
12.4,-701.10336,2.76228471285068,15.3056263067902,1
12.41,-700.701024,0.698474071674955,11.2067363598796,1
12.42,-700.298688,6.20759250038154,23.7183429408313,1
12.43,-699.896352,8.28205864797462,29.5102026004163,1
12.44,-699.494016,1.57917783341938,12.8600948716467,4
12.45,-699.09168,12.708103662041,42.9687210816987,1
12.46,-698.689344,19.9416981985929,66.3903708035034,1
12.47,-698.287008,7.07331202632615,26.0814555972775,1
12.48,-697.884672,9.87742139464347,34.2246154020036,1
12.49,-697.482336,10.350173230152,35.6556080370478,1
12.5,-697.08,3.76077448676744,17.5585504072037,1
12.51,-696.677664,4.77552860086401,20.0107545505567,4
12.52,-696.275328,3.85816016613031,17.7870222789525,4
12.53,-695.872992,5.19296203783375,21.0633137055441,4
12.54,-695.470656,9.19618777085238,32.1883380848242,1
12.55,-695.06832,6.03305173726225,23.2523816822866,1
12.56,-694.665984,5.59638438679281,22.1031376237456,4
12.57,-694.263648,10.0406981470844,34.71727414938,4
12.58,-693.861312,15.6808858256365,52.4756155749467,1
12.59,-693.458976,5.68046406212038,22.3225459510397,4
12.6,-693.05664,32.389215400175,107.6029646942,4
12.61,-692.654304,4.64032494759137,19.6751352602383,4
12.62,-692.251968,3.0233203575778,15.8784746344714,4
12.63,-691.849632,1.09454153159975,11.9322383844629,1
12.64,-691.447296,11.2784264667205,38.5027790624181,4
12.65,-691.04496,9.62581967295655,33.4688468240282,4
12.66,-690.642624,12.8050744004618,43.2746347399158,4
12.67,-690.240288,31.8225972231074,105.721858977461,4
12.68,-689.837952,11.9541045591604,40.602484834676,4
12.69,-689.435616,9.73587761841258,33.7989257352033,4
12.7,-689.03328,9.7947079036828,33.9756968677679,4
12.71,-688.630944,14.3197771249444,48.0932162489851,4
12.72,-688.228608,4.0840413443111,18.3226942956844,4
12.73,-687.826272,18.2491310221489,60.8366058187625,4
12.74,-687.423936,13.4240601477474,45.2350899979465,4
12.75,-687.0216,20.0324686861452,66.6889095036721,4
12.76,-686.619264,30.1036544745348,100.016255379331,4
12.77,-686.216928,14.4593879716593,48.5407063866529,4
12.78,-685.814592,5.62082531274516,22.1668229365991,4
12.79,-685.412256,3.9458862351007,17.9941151216764,4
12.8,-685.00992,10.8580376692085,37.2075884317795,4
12.81,-684.607584,10.8028275840922,37.038177195799,4
12.82,-684.205248,19.6172414796283,65.3237730402971,4
12.83,-683.802912,32.5343755579928,108.08490287964,4
12.84,-683.400576,9.52828948573515,33.1770261046258,1
12.85,-682.99824,12.2305220196681,41.4672974199965,4
12.86,-682.595904,12.8857521380039,43.5294085767702,4
12.87,-682.193568,22.1565250123378,73.6899223650796,4
12.88,-681.791232,21.3905830125144,71.1623411763878,4
12.89,-681.388896,19.987508527126,66.541030487642,4
12.9,-680.98656,20.8702400670664,69.447029261931,4
12.91,-680.584224,33.1791614058599,110.225725156079,4
12.92,-680.181888,17.0856643480351,57.0368564524081,4
12.93,-679.779552,19.1660244526864,63.8419168116413,4
12.94,-679.377216,0.414088140312095,10.7041739330646,4
12.95,-678.97488,25.531168164948,84.8530183500104,4
12.96,-678.572544,10.4782208895198,36.0455271019437,4
12.97,-678.170208,9.18477410438713,32.1544998801915,4
12.98,-677.767872,21.3418336013008,71.0015729043031,4
12.99,-677.365536,22.8365525767457,75.9362700495462,4
13,-676.9632,24.2791285848316,80.7072785005105,4
13.01,-676.560864,21.3783524178294,71.1220052750905,4
13.02,-676.158528,18.6737431196695,62.2273095828242,4
13.03,-675.756192,22.8393091950022,75.9453799435203,4
13.04,-675.353856,28.1073037357593,93.3927318772843,4
13.05,-674.95152,20.2327782419698,67.3479308833734,4
13.06,-674.549184,29.739072375744,98.8063722132602,4
13.07,-674.146848,29.8883581445637,99.3017716662004,4
13.08,-673.744512,13.8425969897551,46.5676932653223,4
13.09,-673.342176,29.2021423756388,97.0247432357,4
13.1,-672.93984,4.64206680786992,19.6794422884542,4
13.11,-672.537504,25.9988952047521,86.4026630366189,4
13.12,-672.135168,28.6754983652711,95.2775019177693,4
13.13,-671.732832,28.1669241173472,93.5904828218365,4
13.14,-671.330496,25.1767569446876,83.6791123659321,4
13.15,-670.92816,25.369802002386,84.3184954126399,4
13.16,-670.525824,34.6896189257158,115.24131906519,4
13.17,-670.123488,26.855090610963,89.2404115649421,4
13.18,-669.721152,37.1178806615708,123.305731793588,4
13.19,-669.318816,38.7264203867617,128.648318106147,4
13.2,-668.91648,34.0546023454296,113.132610890678,4
13.21,-668.514144,32.7229130476907,108.710869104154,4
13.22,-668.111808,31.6538232672198,105.16157953259,4
13.23,-667.709472,23.5007032351818,78.1319352585834,4
13.24,-667.307136,32.5687504792604,108.199030475006,4
13.25,-666.9048,35.2155457227642,116.987851361872,4
13.26,-666.502464,27.8516905094715,92.5449533104434,4
13.27,-666.100128,20.9569506668578,69.7327603513054,4
13.28,-665.697792,22.9629425837364,76.3539860612105,4
13.29,-665.295456,23.8147612062107,79.1707376326849,4
13.3,-664.89312,30.3528550963673,100.843297121882,4
13.31,-664.490784,38.2952745255264,127.216284415087,4
13.32,-664.088448,21.7797664030095,72.4462645207198,4
13.33,-663.686112,25.9774979019704,86.3317613172983,4
13.34,-663.283776,22.3799263230457,74.4276689051837,4
13.35,-662.88144,13.1211014705826,44.2739328356988,4
13.36,-662.479104,28.211826168067,93.7394182296118,4
13.37,-662.076768,23.575342085705,78.3787871046609,4
13.38,-661.674432,7.49687274076434,27.266929150103,4
13.39,-661.272096,17.5468943831921,58.5411110939081,4
13.4,-660.86976,26.6923068747392,88.7007900419984,4
13.41,-660.467424,31.6923624709386,105.289516962015,4
13.42,-660.065088,20.5573098467246,68.4162450446299,4
13.43,-659.662752,31.6781207421916,105.242239035792,4
13.44,-659.260416,19.2251087720468,64.0358566039307,4
13.45,-658.85808,33.4523330902017,111.13275906329,4
13.46,-658.455744,17.768557159956,59.2650432108826,4
13.47,-658.053408,14.4926444490051,48.6473762554451,4
13.48,-657.651072,8.1090620965373,29.0111379314096,4
13.49,-657.248736,11.0596276568261,37.8275386640512,4
13.5,-656.8464,21.9439556437194,72.98815953587,4
13.51,-656.444064,16.334500743252,54.5937194521528,4
13.52,-656.041728,21.593317040556,71.831065625442,4
13.53,-655.639392,13.6609768101105,45.9887687251589,4
13.54,-655.237056,13.629589580806,45.8888202683037,4
13.55,-654.83472,17.9195969694448,59.7586766499427,4
13.56,-654.432384,17.1699262109466,57.3114482656664,4
13.57,-654.030048,11.0914667783054,37.9256472688093,4
13.58,-653.627712,22.4083090580224,74.5214141303467,4
13.59,-653.225376,2.07749555104464,13.8594334287632,1
13.6,-652.82304,2.26900391739084,14.2554859647345,1
13.61,-652.420704,7.39553287810786,26.9816492782396,4
13.62,-652.018368,18.0297027207754,60.1187004926476,4
13.63,-651.616032,13.789655856447,46.3988395716396,4
13.64,-651.213696,12.4075254927917,42.0227251671008,4
13.65,-650.81136,12.5668946660915,42.5238720101181,4
13.66,-650.409024,13.0695019431208,44.1105345240748,4
13.67,-650.006688,26.4821035883779,88.0040388110264,4
13.68,-649.604352,12.2134802437088,41.4138878500733,4
13.69,-649.202016,11.4722448867232,39.102903969611,4
13.7,-648.79968,9.8760468616919,34.2204752381489,4
13.71,-648.397344,5.97049812454353,23.0862872756013,4
13.72,-647.995008,16.4294146371192,54.9019264402399,4
13.73,-647.592672,18.0634255936999,60.2289960233754,4
13.74,-647.190336,22.3327893545026,74.2719881862467,4
13.75,-646.788,15.2349442365294,51.035237366459,4
13.76,-646.385664,15.265374238458,51.1333934130336,4
13.77,-645.983328,14.4663628521264,48.5630759230147,4
13.78,-645.580992,26.6925236298632,88.7015085481103,4
13.79,-645.178656,25.5772982674169,85.0058338836433,4
13.8,-644.77632,16.8202217212082,56.1725115674542,4
13.81,-644.373984,14.6423862513993,49.1280162953069,4
13.82,-643.971648,22.0303305264875,73.2732862942824,4
13.83,-643.569312,21.4420728358341,71.332161040402,4
13.84,-643.166976,17.5354054432605,58.5036063120786,4
13.85,-642.76464,18.2512673489996,60.8435979292939,4
13.86,-642.362304,15.364391303151,51.4529230618904,4
13.87,-641.959968,19.4222966785805,64.6833342221546,4
13.88,-641.557632,15.2978297721265,51.238104978951,4
13.89,-641.155296,9.49359118141009,33.0733628071927,4
13.9,-640.75296,9.34103349623166,32.6185868104984,4
13.91,-640.350624,21.9807011078432,73.1094533436848,4
13.92,-639.948288,22.4589058791277,74.6885388375641,4
13.93,-639.545952,11.9177624092942,40.4890241213854,4
13.94,-639.143616,17.6725149458347,58.9513009588242,4
13.95,-638.74128,20.1356540690456,67.0283544703239,4
13.96,-638.338944,16.8994762575797,56.4304735412565,4
13.97,-637.936608,15.2139968883693,50.9676805053271,4
13.98,-637.534272,19.497958327828,64.9318624932806,4
13.99,-637.131936,24.3279097894563,80.8687268000836,4
14,-636.7296,12.452346754794,42.1635690966648,4
14.01,-636.327264,20.4129635376475,67.9409874364115,4
14.02,-635.924928,36.2045484811453,120.272363509753,4
14.03,-635.522592,20.7990194615513,69.2123758141679,4
14.04,-635.120256,24.8685834603979,82.658593242623,4
14.05,-634.71792,13.312374921693,44.8804111467413,4
14.06,-634.315584,27.3367428460221,90.8373074375898,4
14.07,-633.913248,25.5629977728364,84.9584600473196,4
14.08,-633.510912,27.5276215537547,91.4702494260468,4
14.09,-633.108576,25.5847440817141,85.0305001093769,4
14.1,-632.70624,23.8225651499135,79.1965546109321,4
14.11,-632.303904,18.4173501453949,61.3873334114336,4
14.12,-631.901568,26.4561424040634,87.917991633858,4
14.13,-631.499232,29.892277551154,99.3147783137508,4
14.14,-631.096896,13.9788286795026,47.0025720190186,4
14.15,-630.69456,24.4021309220865,81.114384911308,4
14.16,-630.292224,28.2895401517297,93.9971928592505,4
14.17,-629.889888,25.5681423092874,84.9755025150342,4
14.18,-629.487552,20.1360113298756,67.0295298730222,4
14.19,-629.085216,10.2240736645693,35.2725688352108,1
14.2,-628.68288,20.3088201570707,67.5981853611228,4
14.21,-628.280544,7.58714378154193,27.5218983053079,4
14.22,-627.878208,25.0713385313487,83.3299929278536,4
14.23,-627.475872,27.2546988571036,90.5652702695695,4
14.24,-627.073536,24.7768437708363,82.3548411798476,4
14.25,-626.6712,11.1263622393826,38.0332332556503,4
14.26,-626.268864,16.7489038859131,55.9404643170196,4
14.27,-625.866528,13.4792499927826,45.4105035025751,4
14.28,-625.464192,14.7936946120659,49.6142437766935,4
14.29,-625.061856,27.2329954798583,90.4933089531286,4
14.3,-624.65952,10.644941984657,36.554625670785,4
14.31,-624.257184,23.4688000894752,78.0264282437327,4
14.32,-623.854848,9.05593596235808,31.7732008543554,4
14.33,-623.452512,25.0703790550342,83.3268155018216,4
14.34,-623.050176,18.2999233813061,61.0028608126462,4
14.35,-622.64784,3.76167526413371,17.5606567712907,4
14.36,-622.245504,8.93022767329484,31.402367770512,4
14.37,-621.843168,13.7620699185989,46.3108879434291,4
14.38,-621.440832,11.3270057629739,38.6530250184099,4
14.39,-621.038496,22.6335292950153,75.2654153795491,4
14.4,-620.63616,28.2001022847782,93.7005311096138,4
14.41,-620.233824,16.885009212545,56.3833783380194,4
14.42,-619.831488,10.8839145712415,37.2870476368931,4
14.43,-619.429152,8.96357290092859,31.5006171703655,4
14.44,-619.026816,13.5830187367721,45.7405769696856,4
14.45,-618.62448,8.60123911695762,30.4376913725655,1
14.46,-618.222144,27.7163535879697,92.0961214397659,4
14.47,-617.819808,8.78035230608498,30.9618338050135,4
14.48,-617.417472,13.4602044444133,45.3499589073337,4
14.49,-617.015136,18.1552412124002,60.529358742163,4
14.5,-616.6128,7.51997639642974,27.3321094138406,4
14.51,-616.210464,17.1741273807173,57.3251416416098,4
14.52,-615.808128,21.4467227970786,71.3474979016026,4
14.53,-615.405792,11.6202592934196,39.5624099121688,4
14.54,-615.003456,16.6859634219318,55.7357400503354,4
14.55,-614.60112,11.9461346652675,40.5775978237249,4
14.56,-614.198784,18.0730708661392,60.2605447079757,4
14.57,-613.796448,18.1783868364171,60.6050917810302,4
14.58,-613.394112,33.8723709768915,112.527494340724,4
14.59,-612.991776,11.3929037545912,38.8570183774485,4
14.6,-612.58944,18.2887157743124,60.9661733064546,4
14.61,-612.187104,9.74997748364529,33.8412716542482,4
14.62,-611.784768,9.80304215277241,34.0007577656368,4
14.63,-611.382432,9.83350761083878,34.0924054207256,4
14.64,-610.980096,3.54615302028239,17.0603944398813,4
14.65,-610.57776,18.3607472300478,61.2019884293457,4
14.66,-610.175424,12.4959017045853,42.3005087764333,4
14.67,-609.773088,9.43798429253846,32.9074084702171,4
14.68,-609.370752,20.7391444723259,69.0151277774606,4
14.69,-608.968416,8.32969965983731,29.6480944349337,4
14.7,-608.56608,5.48500356142939,21.813898238504,4
14.71,-608.163744,8.0951555091182,28.9711341017259,4
14.72,-607.761408,14.0896401477878,47.356692308183,4
14.73,-607.359072,14.5403680250252,48.8004981578343,4
14.74,-606.956736,17.7729592113592,59.2794261983078,4
14.75,-606.5544,17.3800385621585,57.9965934771559,4
14.76,-606.152064,12.6429674199953,42.7634303091696,4
14.77,-605.749728,23.2953976103694,77.4530296128266,4
14.78,-605.347392,17.967415167623,59.9150150152903,4
14.79,-604.945056,23.7766234521861,79.0445732205273,4
14.8,-604.54272,23.0100306723772,76.5096268194316,4
14.81,-604.140384,22.1028604368762,73.5127375794704,4
14.82,-603.738048,30.9909354730885,102.961138344492,4
14.83,-603.335712,7.84492770843849,28.25430325299,4
14.84,-602.933376,15.839683435349,52.9894886853093,4
14.85,-602.53104,12.9904628301557,43.8604215313187,4
14.86,-602.128704,22.1280055859388,73.5957578727557,4
14.87,-601.726368,20.378785335258,67.8284769909318,4
14.88,-601.324032,9.46415068329351,32.9854730872789,4
14.89,-600.921696,13.1032265055463,44.2173185797693,4
14.9,-600.51936,11.2393181981711,38.3819096610399,4
14.91,-600.117024,13.9024942063259,46.7588314809787,4
14.92,-599.714688,17.8757876876004,59.6154691632267,4
14.93,-599.312352,14.9177301871004,50.0132371150447,4
14.94,-598.910016,0.425448585844981,10.7239544231831,4
14.95,-598.50768,27.3802742082222,90.9816503093119,4
14.96,-598.105344,22.4391314151231,74.6232211359727,4
14.97,-597.703008,23.7034393032743,78.8024839800069,4
14.98,-597.300672,15.1927854676209,50.8992816915958,4
14.99,-596.898336,39.7222776862571,131.956088123051,4
15,-596.496,22.2273908029022,73.9239208167723,4
15.01,-596.093664,23.7142458577173,78.8382304000341,4
15.02,-595.691328,30.5552268205536,101.514956397992,4
15.03,-595.288992,14.7416497743256,49.4469360709206,4
15.04,-594.886656,21.7072289204913,72.2069023971672,4
15.05,-594.48432,3.78544351777151,17.616282794771,4
15.06,-594.081984,18.5682569307673,61.8816407037983,4
15.07,-593.679648,12.5564882085274,42.4911183988853,4
15.08,-593.277312,8.36025474382799,29.7366350228269,4
15.09,-592.874976,22.2885317962607,74.1258263185947,4
15.1,-592.47264,25.54797543719,84.9086954038286,4
15.11,-592.070304,22.7808261683469,75.7521154596771,4
15.12,-591.667968,16.5631594273433,55.3364798878303,4
15.13,-591.265632,29.1557236198409,96.8707295331578,4
15.14,-590.863296,30.0959831872653,99.9907967947446,4
15.15,-590.46096,17.6222137484037,58.7870277888638,4
15.16,-590.058624,19.5092799514132,64.9690551517552,4
15.17,-589.656288,26.3840217776669,87.6789571750751,4
15.18,-589.253952,24.9546124896355,82.9434561370396,4
15.19,-588.851616,18.8687668247723,62.866679110177,4
15.2,-588.44928,11.1540367821181,38.1186005317146,4
15.21,-588.046944,17.842550019246,59.5068345133419,4
15.22,-587.644608,20.9365525758485,69.6655398982415,4
15.23,-587.242272,29.861145104812,99.2114648541878,4
15.24,-586.839936,26.5144843042555,88.1113648527941,4
15.25,-586.4376,21.7052494400798,72.2003708011895,4
15.26,-586.035264,39.7911947028769,132.185001286391,4
15.27,-585.632928,26.5857832342034,88.3476917677402,4
15.28,-585.230592,34.5270920413369,114.701603232362,4
15.29,-584.828256,12.1151276332047,41.1058803638241,4
15.3,-584.42592,29.1244232067354,96.7668784030619,4
15.31,-584.023584,15.0592704883194,50.4689733614181,4
15.32,-583.621248,18.8101025443928,62.6743135575639,4
15.33,-583.218912,17.408792230218,58.090401863405,4
15.34,-582.816576,27.026613082832,89.8090466745813,4
15.35,-582.41424,21.0288361676281,69.9696738420797,4
15.36,-582.011904,25.9153796505029,86.1259323917062,4
15.37,-581.609568,24.1581251938094,80.3068299320968,4
15.38,-581.207232,21.5066948446776,71.5453127677675,4
15.39,-580.804896,23.5200561068976,78.1959388953478,4
15.4,-580.40256,15.8572318154996,53.0463052941519,4
15.41,-580.000224,14.3093960975458,48.0599625712911,4
15.42,-579.597888,9.72802737317442,33.7753549287688,4
15.43,-579.195552,19.791516751986,65.8965711049006,4
15.44,-578.793216,23.7961966572395,79.1093232311378,4
15.45,-578.39088,19.0748828868687,63.5428136324995,4
15.46,-577.988544,11.2949117741169,38.5537517892098,4
15.47,-577.586208,18.154128276551,60.5257173422076,4
15.48,-577.183872,18.1566944566117,60.5341136136669,4
15.49,-576.781536,12.1745848836565,41.2920328672362,4
15.5,-576.3792,15.419415522343,51.6305763903231,4
15.51,-575.976864,10.8306165208943,37.1234265524705,4
15.52,-575.574528,13.9590043657152,46.9392558441332,4
15.53,-575.172192,14.6243047286967,49.069948792721,4
15.54,-574.769856,22.1573666687576,73.6927013751646,4
15.55,-574.36752,3.16090576127472,16.1850796842733,4
15.56,-573.965184,15.7010092765657,52.5407085740557,4
15.57,-573.562848,18.730424005304,62.4130944254487,4
15.58,-573.160512,20.410397497907,67.9325400708696,4
15.59,-572.758176,13.7297755819031,46.2079532839256,4
15.6,-572.35584,14.8373674173711,49.7546877418787,4
15.61,-571.953504,8.85834086094178,31.1908498601603,4
15.62,-571.551168,12.7843233623325,43.2091425625824,4
15.63,-571.148832,15.0559082637756,50.4581422899704,4
15.64,-570.746496,17.8425155456867,59.5067218462426,4
15.65,-570.34416,19.8348199177619,66.0389348833271,4
15.66,-569.941824,17.302518885697,57.743742511597,4
15.67,-569.539488,14.4214030262945,48.4189045561908,4
15.68,-569.137152,10.1666587340497,35.0984834387031,4
15.69,-568.734816,26.3070405676937,87.4238229938828,4
15.7,-568.33248,26.0663061437717,86.6260404208317,4
15.71,-567.930144,23.8617960619541,79.3263410674044,4
15.72,-567.527808,17.8437012314633,59.5105969338809,4
15.73,-567.125472,15.7268720026655,52.6243779151046,4
15.74,-566.723136,17.9900959612061,59.9891778144432,4
15.75,-566.3208,6.8655752581916,25.5068372618238,4
15.76,-565.918464,19.1584504585531,63.8170580261487,4
15.77,-565.516128,33.2770459405572,110.55073598211,4
15.78,-565.113792,37.6192408807476,124.97090900793,4
15.79,-564.711456,26.8916027152993,89.3614534921397,4
15.8,-564.30912,23.1860115587292,77.0913719140111,4
15.81,-563.906784,13.1393087040757,44.331610598827,4
15.82,-563.504448,23.2381176170466,77.2636422379196,4
15.83,-563.102112,37.255124009227,123.761557196276,4
15.84,-562.699776,21.330091777114,70.9628520830568,4
15.85,-562.29744,37.0318796021621,123.020098476192,4
15.86,-561.895104,22.8640184662477,76.0270388809827,4
15.87,-561.492768,21.9211304540072,72.9128187072545,4
15.88,-561.090432,20.6569495571937,68.7443876223873,4
15.89,-560.688096,10.2345229992021,35.3042733703947,4
15.9,-560.28576,23.4518091281585,77.9702387858316,4
15.91,-559.883424,28.8010555780476,95.6940369712518,4
15.92,-559.481088,27.104182064853,90.0662197897026,4
15.93,-559.078752,22.2537135275398,74.0108441176937,4
15.94,-558.676416,29.940409557482,99.4745065421682,4
15.95,-558.27408,25.2221332073893,83.82939514107,4
15.96,-557.871744,19.68473834413,65.5455889725077,4
15.97,-557.469408,21.0910534655988,70.1747485819544,4
15.98,-557.067072,5.92141223889305,22.9562902625216,4
15.99,-556.664736,7.30511419621681,26.7279772566312,4
16,-556.2624,36.0548724918187,119.7752718313,4
16.01,-555.860064,32.7334880294179,108.745979699585,4
16.02,-555.457728,28.1419461246545,93.5076344449678,4
16.03,-555.055392,42.8187100137674,142.241429644156,4
16.04,-554.653056,23.202734769185,77.1466602468209,4
16.05,-554.25072,44.6053412437966,148.176235871845,4
16.06,-553.848384,24.9621555330827,82.9684338380319,4
16.07,-553.446048,31.1646163071145,103.537643750088,4
16.08,-553.043712,31.7794978582686,105.578780495135,4
16.09,-552.641376,30.1429150772537,100.14654963055,4
16.1,-552.23904,31.7954329413701,105.631680643563,4
16.11,-551.836704,25.3152202462021,84.137707093771,4
16.12,-551.434368,41.0929972112303,136.509103590598,4
16.13,-551.032032,41.4474957579732,137.686634356572,4
16.14,-550.629696,39.5893308208593,131.514495999055,4
16.15,-550.22736,38.3874756881793,127.522525180002,4
16.16,-549.825024,44.2464369065131,146.984024511997,4
16.17,-549.422688,48.3299256994738,160.548749928236,4
16.18,-549.020352,40.2946646149665,133.85732645199,4
16.19,-548.618016,36.5471558892666,121.410218495435,4
16.2,-548.21568,35.7191135356923,118.66019227268,4
16.21,-547.813344,33.5783302449036,111.551126325615,4
16.22,-547.411008,41.3360621463702,137.316486777839,4
16.23,-547.008672,50.8339001603288,168.866680179916,4
16.24,-546.606336,36.6117407986446,121.624717770046,4
16.25,-546.204,46.5571804584285,154.659924534697,4
16.26,-545.801664,35.8797251355259,119.193592133322,4
16.27,-545.399328,38.7433921174496,128.704689431724,4
16.28,-544.996992,36.9920487335783,122.887809517395,4
16.29,-544.594656,33.2019992832091,110.301554569386,4
16.3,-544.19232,33.0603209885722,109.831138224914,4
16.31,-543.789984,42.4621419882533,141.057000806713,4
16.32,-543.387648,37.4152472186924,124.29337674852,4
16.33,-542.985312,34.0655264635232,113.16888578254,4
16.34,-542.582976,34.1358522324931,113.402412091427,4
16.35,-542.18064,46.5577243135224,154.661731142299,4
16.36,-541.778304,31.6926751842706,105.290555070161,4
16.37,-541.375968,39.211146008507,130.258337509778,4
16.38,-540.973632,29.0246775254695,96.4359399671839,4
16.39,-540.571296,35.9893534753139,119.55767674996,4
16.4,-540.16896,22.8423090154617,75.9552935904192,4
16.41,-539.766624,32.7981894957024,108.960799687741,4
16.42,-539.364288,41.0895351053162,136.497603618173,4
16.43,-538.961952,30.558308611477,101.525184888075,4
16.44,-538.559616,57.6500690268362,191.509408756207,4
16.45,-538.15728,34.7017119514604,115.281477606083,4
16.46,-537.754944,28.239982854659,93.8328122007698,4
16.47,-537.352608,35.3710593468718,117.504303779638,4
16.48,-536.950272,34.1113624439852,113.321090241346,4
16.49,-536.547936,37.8865539699552,125.858754893077,4
16.5,-536.1456,30.0950100910421,99.9875673982224,4
16.51,-535.743264,35.6565786378334,118.452511893604,4
16.52,-535.340928,22.1155618207339,73.5546726415925,4
16.53,-534.938592,37.2892826028292,123.875008326755,4
16.54,-534.536256,24.6245133002382,81.8505189961338,4
16.55,-534.13392,28.720911262401,95.4281569835766,4
16.56,-533.731584,27.6765022264821,91.9639627056148,4
16.57,-533.329248,30.7794992514007,102.259334868124,4
16.58,-532.926912,32.8563516220101,109.153909377405,4
16.59,-532.524576,44.7961396138707,148.810032863946,4
16.6,-532.12224,35.378694740745,117.529660653631,4
16.61,-531.719904,36.0978897632311,119.91813685318,4
16.62,-531.317568,36.412237840445,120.962131226906,4
16.63,-530.915232,41.1799826009213,136.798040559095,4
16.64,-530.512896,35.0546638373291,116.453577093373,4
16.65,-530.11056,38.293845177026,127.211536925231,4
16.66,-529.708224,40.4463113667846,134.361039802562,4
16.67,-529.305888,26.5745760969744,88.3105441057166,4
16.68,-528.903552,39.6986584808697,131.877635207249,4
16.69,-528.501216,33.6205866208698,111.691437712104,4
16.7,-528.09888,41.3126468381197,137.238708541055,4
16.71,-527.696544,46.8562153971621,155.653275890093,4
16.72,-527.294208,53.8101503208337,178.753510141906,4
16.73,-526.891872,44.5696853931554,148.057793818511,4
16.74,-526.489536,50.6272769823897,168.180298641663,4
16.75,-526.0872,41.0955115710835,136.517455464065,4
16.76,-525.684864,42.0224627929648,139.596505322885,4
16.77,-525.282528,49.1245882640821,163.188526391365,4
16.78,-524.880192,47.3305683864944,157.229011625769,4
16.79,-524.477856,43.7015011334016,145.173859602154,4
16.8,-524.07552,43.1673510108472,143.399531815952,4
16.81,-523.673184,50.9375011970241,169.210832567705,4
16.82,-523.270848,41.4871207575843,137.818256367475,4
16.83,-522.868512,42.7115763351933,141.885558094776,4
16.84,-522.466176,44.8593539882431,149.020019561083,4
16.85,-522.06384,46.3214480250716,153.876856121036,4
16.86,-521.661504,52.5607387518513,174.603074749555,4
16.87,-521.259168,35.3188575356749,117.330943751993,4
16.88,-520.856832,42.7412443973403,141.984108003575,4
16.89,-520.454496,40.64128340405,135.008665745512,4
16.9,-520.05216,39.9038471141887,132.559185739871,4
16.91,-519.649824,41.4418216334354,137.667786674281,4
16.92,-519.247488,41.1856610639536,136.816902568477,4
16.93,-518.845152,25.7453041328383,85.5624256994178,4
16.94,-518.442816,44.8822081215792,149.095936875474,4
16.95,-518.04048,38.8038281264561,128.905426884133,4
16.96,-517.638144,35.5367124125151,118.05443463987,4
16.97,-517.235808,33.1163859114691,110.017290448543,4
16.98,-516.833472,35.7202914570007,118.664104194426,4
16.99,-516.431136,38.4817680574247,127.835712739726,4
17,-516.0288,40.9211509818808,135.938288043969,4
17.01,-515.626464,41.8964604141378,139.177961137582,4
17.02,-515.224128,44.4135262300366,147.539062749148,4
17.03,-514.821792,48.7566540150006,161.966290875792,4
17.04,-514.419456,24.2963294261047,80.7642063527689,4
17.05,-514.01712,39.0453754841717,129.707727052283,4
17.06,-513.614784,47.4106654254345,157.495083355094,4
17.07,-513.212448,43.6216574575041,144.908636066579,4
17.08,-512.810112,42.389857584952,140.816890951132,4
17.09,-512.407776,40.8999284957773,135.867794187211,4
17.1,-512.00544,51.2191306148376,170.146377943314,4
17.11,-511.603104,34.6867539625214,115.231805095997,4
17.12,-511.200768,53.1114167243737,176.432377850435,4
17.13,-510.798432,60.2212019511091,200.050516379802,4
17.14,-510.396096,46.3591662093339,154.002150306968,4
17.15,-509.99376,57.6182690364469,191.403771656854,4
17.16,-509.591424,50.1564801331364,166.616359658133,4
17.17,-509.189088,50.1216843069145,166.500771544876,4
17.18,-508.786752,55.6530144779183,184.875351612338,4
17.19,-508.384416,65.5102218427565,217.620250498264,4
17.2,-507.98208,57.4549894823395,190.861369675241,4
17.21,-507.579744,54.5999555126361,181.377176221005,4
17.22,-507.177408,64.6395782783308,214.728036081432,4
17.23,-506.775072,61.3927889649039,203.942440954771,4
17.24,-506.372736,58.8881501134629,195.622218954138,4
17.25,-505.9704,36.9764064496995,122.835857378644,4
17.26,-505.568064,52.6799452895835,174.999068130297,4
17.27,-505.165728,48.6065417667639,161.467635536563,4
17.28,-504.763392,65.6800384628092,218.184368943841,4
17.29,-504.361056,64.2160617498859,213.321145134692,4
17.3,-503.95872,69.0847139923955,229.494454119757,4
17.31,-503.556384,72.9605028676389,242.369545022786,4
17.32,-503.154048,72.6515900020841,241.343358749619,4
17.33,-502.751712,86.7497444287563,288.176413272677,4
17.34,-502.349376,83.1215732992999,276.123889704493,4
17.35,-501.94704,75.5134920624043,250.8503912305,4
17.36,-501.544704,84.9742586505736,282.278377199459,4
17.37,-501.142368,94.8550422936053,315.101629941573,4
17.38,-500.740032,95.7951366641978,318.224555842172,4
17.39,-500.337696,108.809225369924,361.456422739471,4
17.4,-499.93536,102.030623045301,338.938393233952,4
17.41,-499.533024,104.497534030787,347.13329414383,4
17.42,-499.130688,98.1270466921027,325.970993277041,4
17.43,-498.728352,91.0503219867417,302.462622667625,4
17.44,-498.326016,94.5375260549289,314.046863828089,4
17.45,-497.92368,79.0801327855671,262.698515026103,4
17.46,-497.521344,74.1911273998375,246.457591050507,4
17.47,-497.119008,74.0839267523671,246.10147822162,4
17.48,-496.716672,82.2068742507372,273.08532525319,4
17.49,-496.314336,74.4409376521632,247.287442715376,4
17.5,-495.912,68.1463878491642,226.377402571959,4
17.51,-495.509664,75.0370427059103,249.267660774372,4
17.52,-495.107328,63.468931888447,210.839234483271,4
17.53,-494.704992,63.8366469160766,212.060756837537,4
17.54,-494.302656,73.1975206139847,243.156900894604,4
17.55,-493.90032,61.6499034797164,204.79655628334,4
17.56,-493.497984,72.9541908828013,242.348577064081,4
17.57,-493.095648,70.3260867553273,233.618204734346,4
17.58,-492.693312,71.7448770344611,238.33132365037,4
17.59,-492.290976,72.5478330076216,240.998685493616,4
17.6,-491.88864,77.5128215140503,257.492019757309,4
17.61,-491.486304,67.4063295901792,223.918982660303,4
17.62,-491.083968,66.1165797590186,219.634527367247,4
17.63,-490.681632,63.1799558357811,209.879277261738,4
17.64,-490.279296,53.8945141822207,179.033759668941,4
17.65,-489.87696,46.006983288391,152.832252148554,4
17.66,-489.474624,55.2339101382524,183.48312110851,4
17.67,-489.072288,51.5670771298516,171.302222858151,4
17.68,-488.669952,61.1846234267708,203.250930519267,4
17.69,-488.267616,52.1971246599566,173.395181868532,4
17.7,-487.86528,60.3271069896847,200.402324972541,4
17.71,-487.462944,52.9703483421633,175.963761155014,4
17.72,-487.060608,49.5800645946044,164.701568438438,4
17.73,-486.658272,46.4295038162631,154.23580141987,4
17.74,-486.255936,48.180119046503,160.051110436553,4
17.75,-485.8536,52.2370323350998,173.527751500113,4
17.76,-485.451264,57.0002903240651,189.350894627846,4
17.77,-485.048928,60.6212975458366,201.379603969915,4
17.78,-484.646592,40.0652582909348,133.095328254346,4
17.79,-484.244256,53.384220711295,177.338608788284,4
17.8,-483.84192,48.8419401823077,162.249601655647,4
17.81,-483.439584,49.181930484209,163.379010808504,4
17.82,-483.037248,51.582752561331,171.354295152043,4
17.83,-482.634912,45.816135569693,152.198286003397,4
17.84,-482.232576,62.9391791378572,209.079434779771,4
17.85,-481.83024,45.3485898873746,150.645175836683,4
17.86,-481.427904,42.5734308795903,141.426673797651,4
17.87,-481.025568,49.6233103635749,164.845226198795,4
17.88,-480.623232,35.6403804567078,118.398717352421,4
17.89,-480.220896,33.1242115322459,110.043273931243,4
17.9,-479.81856,46.2005767306695,153.475339869941,4
17.91,-479.416224,48.6500931877741,161.61230824152,4
17.92,-479.013888,41.404190036667,137.542786223388,4
17.93,-478.611552,43.2994591143395,143.838364592782,4
17.94,-478.209216,35.1589752396783,116.799985186516,4
17.95,-477.80688,44.4465889810519,147.648890870515,4
17.96,-477.404544,48.9028636701943,162.451982477884,4
17.97,-477.002208,37.5194023378402,124.639310582276,4
17.98,-476.599872,41.6899031958642,138.491838318186,4
17.99,-476.197536,44.4661993326467,147.714032713783,4
18,-475.7952,56.2254615365871,186.776974731897,4
18.01,-475.392864,46.596034441198,154.788991832713,4
18.02,-474.990528,55.0861553155709,182.992291707946,4
18.03,-474.588192,45.0322667018933,149.594404769592,4
18.04,-474.185856,40.8046959373621,135.551464472519,4
18.05,-473.78352,45.6711539954369,151.716680472195,4
18.06,-473.381184,46.7070232236038,155.157680616093,4
18.07,-472.978848,44.9067446842039,149.177442931364,4
18.08,-472.576512,46.0421986615478,152.949232164193,4
18.09,-472.174176,47.4129373472576,157.502630379067,4
18.1,-471.77184,65.0639452099207,216.137752052568,4
18.11,-471.369504,39.9561817671216,132.73302002785,4
18.12,-470.967168,51.2401496958635,170.21620129304,4
18.13,-470.564832,37.0483764237905,123.074888899848,4
18.14,-470.162496,48.9889358689227,162.737904488304,4
18.15,-469.76016,27.1331356938928,90.1622152892616,4
18.16,-469.357824,47.2328242184244,156.904318599477,4
18.17,-468.955488,37.5572661750922,124.765069360057,4
18.18,-468.553152,46.1135422905926,153.186224722646,4
18.19,-468.150816,39.4937856862555,131.197137201924,4
18.2,-467.74848,44.1091377649733,146.527944065647,4
18.21,-467.346144,44.5043525482459,147.840770440482,4
18.22,-466.943808,43.7282974736364,145.26287133356,4
18.23,-466.541472,55.120804619625,183.107393849136,4
18.24,-466.139136,45.7691684806368,152.042268821365,4
18.25,-465.7368,53.6268366375475,178.14455785404,4
18.26,-465.334464,35.9852915206749,119.544186627196,4
18.27,-464.932128,46.8519092588695,155.638971503482,4
18.28,-464.529792,48.8818855757824,162.382295655998,4
18.29,-464.127456,35.8731681530292,119.171815936732,4
18.3,-463.72512,42.0058907488175,139.541457645799,4
18.31,-463.322784,50.521031178988,167.827360814765,4
18.32,-462.920448,44.7414191837341,148.628261592189,4
18.33,-462.518112,44.321483187978,147.233313566459,4
18.34,-462.115776,44.7505538863681,148.658605400155,4
18.35,-461.71344,41.46598839192,137.748061164608,4
18.36,-461.311104,33.8956672109257,112.604851125225,4
18.37,-460.908768,37.7323912620274,125.346722258,4
18.38,-460.506432,41.9760164674384,139.442223705477,4
18.39,-460.104096,47.1375708976773,156.587899967095,4
18.4,-459.70176,52.9761597436159,175.983066115419,4
18.41,-459.299424,49.7870565066361,165.389173289969,4
18.42,-458.897088,42.9662191375969,142.731419172337,4
18.43,-458.494752,41.0226404205744,136.275401709348,4
18.44,-458.092416,34.5276221960234,114.703363747378,4
18.45,-457.69008,47.7846154414321,158.73729681372,4
18.46,-457.287744,40.9265094018687,135.956086891043,4
18.47,-456.885408,46.2700022516503,153.705960971087,4
18.48,-456.483072,28.1189773691345,93.4314510602059,4
18.49,-456.080736,38.0434937806635,126.380014372862,4
18.5,-455.6784,37.8509094419135,125.740365673222,4
18.51,-455.276064,34.6640812114075,115.156513504045,4
18.52,-454.873728,30.6138968228937,101.709683721428,4
18.53,-454.471392,38.5119153554501,127.935845741541,4
18.54,-454.069056,36.4210608579533,120.991433969463,4
18.55,-453.66672,29.2161636156406,97.0712649730871,4
18.56,-453.264384,40.4498933004439,134.372937655474,4
18.57,-452.862048,33.882352736815,112.560639456213,4
18.58,-452.459712,37.2099458486292,123.611506973528,4
18.59,-452.057376,45.024637959636,149.569063432489,4
18.6,-451.65504,42.9775541595622,142.769071400922,4
18.61,-451.252704,19.7512992336897,65.764364918691,4
18.62,-450.850368,35.6531479124449,118.441118369195,4
18.63,-450.448032,39.1312511944071,129.992964799742,4
18.64,-450.045696,34.1249366192024,113.366165212292,4
18.65,-449.64336,15.9052946591694,53.20194863815,4
18.66,-449.241024,21.9261818724863,72.9294920886134,4
18.67,-448.838688,17.9264696349269,59.7811446889943,4
18.68,-448.436352,22.8400919451904,75.9479667312415,4
18.69,-448.034016,32.4232928001802,107.716102356268,4
18.7,-447.63168,32.8040546504495,108.980273092927,4
18.71,-447.229344,28.4761288050273,94.6161287024154,4
18.72,-446.827008,37.7291533193162,125.335967858602,4
18.73,-446.424672,34.6594983809315,115.141294873047,4
18.74,-446.022336,36.9212183221401,122.652563393009,4
18.75,-445.62,27.1588341347091,90.2474192768517,4
18.76,-445.217664,34.3103707267518,113.981930808357,4
18.77,-444.815328,32.7979020574397,108.959845339575,4
18.78,-444.412992,35.4927190742211,117.908332971334,4
18.79,-444.010656,42.2639456684816,140.398645095244,4
18.8,-443.60832,51.6834250846251,171.688719739413,4
18.81,-443.205984,32.0146720772281,106.359507860355,4
18.82,-442.803648,39.2540799897515,130.400944091415,4
18.83,-442.401312,36.3506024162235,120.757429875362,4
18.84,-441.998976,44.5525500313104,148.000873369975,4
18.85,-441.59664,38.8189512056278,128.955658061296,4
18.86,-441.194304,42.5527465575003,141.357965774995,4
18.87,-440.791968,28.2277941589603,93.7923829466292,4
18.88,-440.389632,44.2830239135639,147.105559366346,4
18.89,-439.987296,50.0966183458378,166.417505036549,4
18.9,-439.58496,45.2757251430345,150.403131518682,4
18.91,-439.182624,43.86002536832,145.7004436615,4
18.92,-438.780288,32.195422918305,106.959579559428,4
18.93,-438.377952,40.8836521121053,135.813729613859,4
18.94,-437.975616,32.9393433188805,109.429460435175,4
18.95,-437.57328,37.117767854205,123.305357128385,4
18.96,-437.170944,39.4353796881993,131.003138621474,4
18.97,-436.768608,32.2970660897557,107.297029681582,4
18.98,-436.366272,31.1034208411834,103.33451326299,4
18.99,-435.963936,37.2700152038944,123.811015384941,4
19,-435.5616,36.8510445164754,122.41949879485,4
19.01,-435.159264,35.1097976282269,116.63667076862,4
19.02,-434.756928,41.812454778652,138.898918663637,4
19.03,-434.354592,35.2137705009562,116.981955977052,4
19.04,-433.952256,28.0773627756537,93.2934242421059,4
19.05,-433.54992,37.9079101594626,125.929687107798,4
19.06,-433.147584,23.867376996311,79.3448046970022,4
19.07,-432.745248,33.9782543100492,112.879088756162,4
19.08,-432.342912,32.9179514976008,109.358434530056,4
19.09,-431.940576,36.6385912922734,121.713893782302,4
19.1,-431.53824,25.853302258975,85.9202463694271,4
19.11,-431.135904,37.1461407039326,123.399591455462,4
19.12,-430.733568,34.3074021655519,113.972073116499,4
19.13,-430.331232,37.9740033285537,126.149208594698,4
19.14,-429.928896,34.5450391831507,114.761201375621,4
19.15,-429.52656,26.9865694461911,89.6762890784526,4
19.16,-429.124224,31.4775572965352,104.576444705505,4
19.17,-428.721888,28.6081363247732,95.0540355794453,4
19.18,-428.319552,33.2076944261479,110.320464384007,4
19.19,-427.917216,28.9093530674072,96.0533257791799,4
19.2,-427.51488,27.5068023532228,91.4012118215622,4
19.21,-427.112544,31.8482938902823,105.807165554646,4
19.22,-426.710208,32.8312420199315,109.070540398521,4
19.23,-426.307872,25.1418725258916,83.5635810189802,4
19.24,-425.905536,31.6498504523028,105.148391142981,4
19.25,-425.5032,34.076131350655,113.204100662532,4
19.26,-425.100864,14.0789657904031,47.3225653605902,4
19.27,-424.698528,25.9099187731764,86.1078381240591,4
19.28,-424.296192,25.4280657506917,84.5114866614064,4
19.29,-423.893856,27.1157205750903,90.1044754691055,4
19.3,-423.49152,28.1696634110775,93.5995687058315,4
19.31,-423.089184,34.2489311030444,113.777908954169,4
19.32,-422.686848,29.3415250518354,97.4872155472814,4
19.33,-422.284512,27.8414086654686,92.510853751847,4
19.34,-421.882176,12.4676715475572,42.211742883504,4
19.35,-421.47984,24.2607409051807,80.646423619023,4
19.36,-421.077504,34.5050592174539,114.628437639939,4
19.37,-420.675168,23.4093932794789,77.829973025465,4
19.38,-420.272832,32.0882982457181,106.603936289759,4
19.39,-419.870496,39.8173471710639,132.271868817991,4
19.4,-419.46816,41.6804408697633,138.460407283535,4
19.41,-419.065824,32.4070699093514,107.662241964729,4
19.42,-418.663488,31.2770201303316,103.910759476845,4
19.43,-418.261152,33.9741028400764,112.865303389663,4
19.44,-417.858816,33.8660545806293,112.506520331707,4
19.45,-417.45648,29.6151486921778,98.3951496236229,4
19.46,-417.054144,21.1866474596849,70.4898804913377,4
19.47,-416.651808,30.7118921393365,102.034937898788,4
19.48,-416.249472,33.5834095140995,111.567991898068,4
19.49,-415.847136,37.5434742011901,124.719261466462,4
19.5,-415.4448,35.2379019604877,117.062094892392,4
19.51,-415.042464,37.3243109665884,123.991348402727,4
19.52,-414.640128,32.3773752716582,107.563655345982,4
19.53,-414.237792,36.6498543000897,121.75130058359,4
19.54,-413.835456,40.0906581589732,133.179696502847,4
19.55,-413.43312,25.1665667232483,83.6453637694026,4
19.56,-413.030784,38.875672295102,129.144056875109,4
19.57,-412.628448,37.3577106964733,124.102279441558,4
19.58,-412.226112,24.9188537367085,82.8250480659756,4
19.59,-411.823776,42.0565433797992,139.709711503611,4
19.6,-411.42144,38.4383224070875,127.691409985052,4
19.61,-411.019104,39.8326778956777,132.322791081205,4
19.62,-410.616768,41.3833490269668,137.47355891002,4
19.63,-410.214432,28.4022183139893,94.3709545722036,4
19.64,-409.812096,38.825323732753,128.976824362114,4
19.65,-409.40976,36.6694859426225,121.816501418714,4
19.66,-409.007424,29.1213318435409,96.7566216690579,4
19.67,-408.605088,37.6269944751349,124.99666143946,4
19.68,-408.202752,22.4652471162468,74.7094851484649,4
19.69,-407.800416,19.7121736689512,65.6357605973185,4
19.7,-407.39808,32.1380185272077,106.769002018374,4
19.71,-406.995744,19.2380975442415,64.0784954560905,4
19.72,-406.593408,24.8673657045542,82.6545610896363,4
19.73,-406.191072,28.9476456159825,96.1803682796195,4
19.74,-405.788736,27.369269649564,90.9451607436842,4
19.75,-405.3864,18.7639915828045,62.5231351403999,4
19.76,-404.984064,27.0326982994302,89.8292213467314,4
19.77,-404.581728,19.483899083294,64.8856779764096,4
19.78,-404.179392,31.1871442210378,103.612422818562,4
19.79,-403.777056,25.3519479540473,84.2593576466082,4
19.8,-403.37472,23.0102953273375,76.5105016100884,4
19.81,-402.972384,4.29461850791808,18.829175544065,4
19.82,-402.570048,20.7996415264306,69.214425220123,4
19.83,-402.167712,34.6424647076858,115.084729619711,4
19.84,-401.765376,15.6450255693566,52.3596386888866,4
19.85,-401.36304,26.7267882969789,88.815091012148,4
19.86,-400.960704,25.4372312709996,84.5418469565309,4
19.87,-400.558368,34.7764592741095,115.529699481213,4
19.88,-400.156032,10.2067569391693,35.220042384806,4
19.89,-399.753696,19.6592497268377,65.4618210166236,4
19.9,-399.35136,28.7613709806317,95.5623819003423,4
19.91,-398.949024,19.5020311452538,64.945241979422,4
19.92,-398.546688,24.6762796594837,82.021895745164,4
19.93,-398.144352,13.5143565903192,45.522135014658,4
19.94,-397.742016,25.319861084231,84.1530784427846,4
19.95,-397.33968,16.085990201151,53.787482514925,4
19.96,-396.937344,22.6036059828466,75.1665532591915,4
19.97,-396.535008,19.5700746004486,65.1687899070144,4
19.98,-396.132672,13.2448534065981,44.6661794548202,4
19.99,-395.730336,18.7528460655599,62.4865968361663,4
20,-395.328,33.5632609742436,111.501089281385,4
